time,step,grains_used,isoperimetric_q_mean,isoperimetric_q_median,isoperimetric_q_p90,boundary_edges_total,regime,run_dir
0.0,0,190,1.7920895484123613,1.7854416702856883,1.956505991785691,6086.0,C_GBTJ_FAST,results/jerky_area_loss_discriminating_20260822/20260823T102804Z-2ab688a139/C_GBTJ_FAST-T900-s5101
0.8000000000000002,20,188,1.7965777064083284,1.7913790539252297,1.9620145314807358,6050.0,C_GBTJ_FAST,results/jerky_area_loss_discriminating_20260822/20260823T102804Z-2ab688a139/C_GBTJ_FAST-T900-s5101
1.6000000000000008,40,185,1.797304268399623,1.788480449997641,1.9756100990262675,6014.0,C_GBTJ_FAST,results/jerky_area_loss_discriminating_20260822/20260823T102804Z-2ab688a139/C_GBTJ_FAST-T900-s5101
2.4000000000000012,60,181,1.7845829194693714,1.7862259120342572,1.95015170775892,5963.0,C_GBTJ_FAST,results/jerky_area_loss_discriminating_20260822/20260823T102804Z-2ab688a139/C_GBTJ_FAST-T900-s5101
3.200000000000002,80,180,1.7897192031603932,1.7823281734274512,1.9390563597464563,5931.0,C_GBTJ_FAST,results/jerky_area_loss_discriminating_20260822/20260823T102804Z-2ab688a139/C_GBTJ_FAST-T900-s5101
4.000000000000003,100,177,1.7867628589754962,1.776894427937363,1.9495093607110237,5877.0,C_GBTJ_FAST,results/jerky_area_loss_discriminating_20260822/20260823T102804Z-2ab688a139/C_GBTJ_FAST-T900-s5101
4.800000000000003,120,177,1.7904771057334328,1.776894427937363,1.9637795356114491,5846.0,C_GBTJ_FAST,results/jerky_area_loss_discriminating_20260822/20260823T102804Z-2ab688a139/C_GBTJ_FAST-T900-s5101
5.600000000000004,140,177,1.7918250529080215,1.7712890827388226,1.9579759278049451,5821.0,C_GBTJ_FAST,results/jerky_area_loss_discriminating_20260822/20260823T102804Z-2ab688a139/C_GBTJ_FAST-T900-s5101
6.400000000000005,160,176,1.7808719559600712,1.765717800553829,1.9420871769927657,5776.0,C_GBTJ_FAST,results/jerky_area_loss_discriminating_20260822/20260823T102804Z-2ab688a139/C_GBTJ_FAST-T900-s5101
7.2000000000000055,180,174,1.7673038827172314,1.7577389692367453,1.9254656615224746,5734.0,C_GBTJ_FAST,results/jerky_area_loss_discriminating_20260822/20260823T102804Z-2ab688a139/C_GBTJ_FAST-T900-s5101
8.000000000000005,200,173,1.7702637012417461,1.7574292307612105,1.9445669591473886,5715.0,C_GBTJ_FAST,results/jerky_area_loss_discriminating_20260822/20260823T102804Z-2ab688a139/C_GBTJ_FAST-T900-s5101
8.799999999999988,220,172,1.7731741844084639,1.7775030743218974,1.9193891706760127,5700.0,C_GBTJ_FAST,results/jerky_area_loss_discriminating_20260822/20260823T102804Z-2ab688a139/C_GBTJ_FAST-T900-s5101
9.599999999999971,240,169,1.7775297362252063,1.7724834714865818,1.9350061248063228,5671.0,C_GBTJ_FAST,results/jerky_area_loss_discriminating_20260822/20260823T102804Z-2ab688a139/C_GBTJ_FAST-T900-s5101
10.399999999999954,260,166,1.7747029051658494,1.7769487385484746,1.9402288605549938,5645.0,C_GBTJ_FAST,results/jerky_area_loss_discriminating_20260822/20260823T102804Z-2ab688a139/C_GBTJ_FAST-T900-s5101
11.199999999999937,280,164,1.7787110536552013,1.7813959983833798,1.9359350277584773,5617.0,C_GBTJ_FAST,results/jerky_area_loss_discriminating_20260822/20260823T102804Z-2ab688a139/C_GBTJ_FAST-T900-s5101
11.99999999999992,300,163,1.7631396103570722,1.754164264078064,1.9278747654911021,5554.0,C_GBTJ_FAST,results/jerky_area_loss_discriminating_20260822/20260823T102804Z-2ab688a139/C_GBTJ_FAST-T900-s5101
12.799999999999903,320,161,1.7724471963783432,1.7678441371130529,1.9318117230464538,5538.0,C_GBTJ_FAST,results/jerky_area_loss_discriminating_20260822/20260823T102804Z-2ab688a139/C_GBTJ_FAST-T900-s5101
13.599999999999886,340,161,1.7799921888655286,1.7800630528336256,1.917348961483539,5516.0,C_GBTJ_FAST,results/jerky_area_loss_discriminating_20260822/20260823T102804Z-2ab688a139/C_GBTJ_FAST-T900-s5101
14.399999999999869,360,160,1.7782022123893455,1.764992397229923,1.9364499596938807,5500.0,C_GBTJ_FAST,results/jerky_area_loss_discriminating_20260822/20260823T102804Z-2ab688a139/C_GBTJ_FAST-T900-s5101
15.199999999999852,380,159,1.7697345219532856,1.773036950394969,1.9159240781864195,5467.0,C_GBTJ_FAST,results/jerky_area_loss_discriminating_20260822/20260823T102804Z-2ab688a139/C_GBTJ_FAST-T900-s5101
15.999999999999835,400,158,1.775019041570584,1.7613520935621985,1.9248198817533824,5446.0,C_GBTJ_FAST,results/jerky_area_loss_discriminating_20260822/20260823T102804Z-2ab688a139/C_GBTJ_FAST-T900-s5101
16.79999999999982,420,156,1.781889592701562,1.7719735929503608,1.9630502193207036,5432.0,C_GBTJ_FAST,results/jerky_area_loss_discriminating_20260822/20260823T102804Z-2ab688a139/C_GBTJ_FAST-T900-s5101
17.599999999999802,440,155,1.7818084129837508,1.7810634093983202,1.9679133917677534,5412.0,C_GBTJ_FAST,results/jerky_area_loss_discriminating_20260822/20260823T102804Z-2ab688a139/C_GBTJ_FAST-T900-s5101
18.399999999999785,460,152,1.7882113198551501,1.7933495183369412,1.956324292696326,5387.0,C_GBTJ_FAST,results/jerky_area_loss_discriminating_20260822/20260823T102804Z-2ab688a139/C_GBTJ_FAST-T900-s5101
19.19999999999977,480,149,1.7852540927941927,1.783499938041906,1.9536663212409096,5358.0,C_GBTJ_FAST,results/jerky_area_loss_discriminating_20260822/20260823T102804Z-2ab688a139/C_GBTJ_FAST-T900-s5101
19.99999999999975,500,147,1.796491185116388,1.7894786660955597,1.9537718994543505,5344.0,C_GBTJ_FAST,results/jerky_area_loss_discriminating_20260822/20260823T102804Z-2ab688a139/C_GBTJ_FAST-T900-s5101
20.799999999999734,520,147,1.8065161672587569,1.796634995171597,1.9605953299040764,5328.0,C_GBTJ_FAST,results/jerky_area_loss_discriminating_20260822/20260823T102804Z-2ab688a139/C_GBTJ_FAST-T900-s5101
21.599999999999717,540,146,1.8139751448084083,1.8136801272860157,1.9718238849693708,5303.0,C_GBTJ_FAST,results/jerky_area_loss_discriminating_20260822/20260823T102804Z-2ab688a139/C_GBTJ_FAST-T900-s5101
22.3999999999997,560,146,1.8171499984496993,1.8069155354672761,1.987390113255887,5277.0,C_GBTJ_FAST,results/jerky_area_loss_discriminating_20260822/20260823T102804Z-2ab688a139/C_GBTJ_FAST-T900-s5101
23.199999999999683,580,142,1.8183211116383091,1.814093049906592,2.0000141668541778,5253.0,C_GBTJ_FAST,results/jerky_area_loss_discriminating_20260822/20260823T102804Z-2ab688a139/C_GBTJ_FAST-T900-s5101
23.999999999999666,600,142,1.8141273312811828,1.7977232360465007,1.9955379340797184,5221.0,C_GBTJ_FAST,results/jerky_area_loss_discriminating_20260822/20260823T102804Z-2ab688a139/C_GBTJ_FAST-T900-s5101
24.79999999999965,620,141,1.8169069881759183,1.810601395604573,1.987495874708547,5203.0,C_GBTJ_FAST,results/jerky_area_loss_discriminating_20260822/20260823T102804Z-2ab688a139/C_GBTJ_FAST-T900-s5101
25.599999999999632,640,141,1.8187408744655642,1.79664122347469,1.987896579521996,5185.0,C_GBTJ_FAST,results/jerky_area_loss_discriminating_20260822/20260823T102804Z-2ab688a139/C_GBTJ_FAST-T900-s5101
26.399999999999615,660,140,1.8209168675231886,1.8145539092573937,1.9783407750105948,5162.0,C_GBTJ_FAST,results/jerky_area_loss_discriminating_20260822/20260823T102804Z-2ab688a139/C_GBTJ_FAST-T900-s5101
27.199999999999598,680,137,1.8151415801819284,1.7961059408489757,2.0185855975933045,5132.0,C_GBTJ_FAST,results/jerky_area_loss_discriminating_20260822/20260823T102804Z-2ab688a139/C_GBTJ_FAST-T900-s5101
27.99999999999958,700,137,1.826174557389089,1.822100983995998,2.0057325070371737,5115.0,C_GBTJ_FAST,results/jerky_area_loss_discriminating_20260822/20260823T102804Z-2ab688a139/C_GBTJ_FAST-T900-s5101
28.799999999999564,720,135,1.8274322922232764,1.8253217321542035,2.014566516505307,5087.0,C_GBTJ_FAST,results/jerky_area_loss_discriminating_20260822/20260823T102804Z-2ab688a139/C_GBTJ_FAST-T900-s5101
29.599999999999547,740,133,1.8189286597012013,1.805747236367027,2.0045643259312462,5057.0,C_GBTJ_FAST,results/jerky_area_loss_discriminating_20260822/20260823T102804Z-2ab688a139/C_GBTJ_FAST-T900-s5101
30.39999999999953,760,131,1.8291403262951862,1.823650389594634,2.0147966422182795,5052.0,C_GBTJ_FAST,results/jerky_area_loss_discriminating_20260822/20260823T102804Z-2ab688a139/C_GBTJ_FAST-T900-s5101
31.199999999999513,780,129,1.8370388598491536,1.8293671619758085,2.015970801059594,5024.0,C_GBTJ_FAST,results/jerky_area_loss_discriminating_20260822/20260823T102804Z-2ab688a139/C_GBTJ_FAST-T900-s5101
31.999999999999496,800,129,1.8389557981940547,1.828985795531618,2.0303340504203184,4998.0,C_GBTJ_FAST,results/jerky_area_loss_discriminating_20260822/20260823T102804Z-2ab688a139/C_GBTJ_FAST-T900-s5101
32.79999999999948,820,128,1.8390076757232214,1.8130707004457587,2.0306298327430645,4974.0,C_GBTJ_FAST,results/jerky_area_loss_discriminating_20260822/20260823T102804Z-2ab688a139/C_GBTJ_FAST-T900-s5101
33.59999999999946,840,126,1.8341026446525834,1.8283163127371551,2.0139090526951047,4949.0,C_GBTJ_FAST,results/jerky_area_loss_discriminating_20260822/20260823T102804Z-2ab688a139/C_GBTJ_FAST-T900-s5101
34.399999999999444,860,125,1.83939995121501,1.8334649444186342,2.0210615228583064,4927.0,C_GBTJ_FAST,results/jerky_area_loss_discriminating_20260822/20260823T102804Z-2ab688a139/C_GBTJ_FAST-T900-s5101
35.07999999999943,877,123,1.8320216889801422,1.8221516394855386,2.014744500926844,4892.0,C_GBTJ_FAST,results/jerky_area_loss_discriminating_20260822/20260823T102804Z-2ab688a139/C_GBTJ_FAST-T900-s5101
0.0,0,190,1.7920895484123613,1.7854416702856883,1.956505991785691,6086.0,C_GBTJ_SLOW,results/jerky_area_loss_discriminating_20260822/20260823T102804Z-2ab688a139/C_GBTJ_SLOW-T900-s5101
0.8000000000000002,20,188,1.7982563278303454,1.792356781325105,1.9620145314807358,6056.0,C_GBTJ_SLOW,results/jerky_area_loss_discriminating_20260822/20260823T102804Z-2ab688a139/C_GBTJ_SLOW-T900-s5101
1.6000000000000008,40,185,1.7952497319983722,1.7862438273226313,1.9756100990262675,6022.0,C_GBTJ_SLOW,results/jerky_area_loss_discriminating_20260822/20260823T102804Z-2ab688a139/C_GBTJ_SLOW-T900-s5101
2.4000000000000012,60,183,1.7890715885677777,1.78866793841809,1.9589569351589857,5989.0,C_GBTJ_SLOW,results/jerky_area_loss_discriminating_20260822/20260823T102804Z-2ab688a139/C_GBTJ_SLOW-T900-s5101
3.200000000000002,80,181,1.7863789947185098,1.7862259120342572,1.9424256750951452,5946.0,C_GBTJ_SLOW,results/jerky_area_loss_discriminating_20260822/20260823T102804Z-2ab688a139/C_GBTJ_SLOW-T900-s5101
4.000000000000003,100,177,1.7866689588159654,1.7806008826579451,1.9455887438487447,5912.0,C_GBTJ_SLOW,results/jerky_area_loss_discriminating_20260822/20260823T102804Z-2ab688a139/C_GBTJ_SLOW-T900-s5101
4.800000000000003,120,177,1.7913736101546667,1.776894427937363,1.970312525325553,5882.0,C_GBTJ_SLOW,results/jerky_area_loss_discriminating_20260822/20260823T102804Z-2ab688a139/C_GBTJ_SLOW-T900-s5101
5.600000000000004,140,177,1.786323534007202,1.7810634093983202,1.9416970538637177,5840.0,C_GBTJ_SLOW,results/jerky_area_loss_discriminating_20260822/20260823T102804Z-2ab688a139/C_GBTJ_SLOW-T900-s5101
6.400000000000005,160,176,1.7852530918263425,1.768728331241341,1.9412678465263982,5818.0,C_GBTJ_SLOW,results/jerky_area_loss_discriminating_20260822/20260823T102804Z-2ab688a139/C_GBTJ_SLOW-T900-s5101
7.2000000000000055,180,175,1.7684910440229025,1.761175093951105,1.9326698264231978,5758.0,C_GBTJ_SLOW,results/jerky_area_loss_discriminating_20260822/20260823T102804Z-2ab688a139/C_GBTJ_SLOW-T900-s5101
8.000000000000005,200,174,1.7755948819916871,1.7743845834950638,1.950428224165384,5750.0,C_GBTJ_SLOW,results/jerky_area_loss_discriminating_20260822/20260823T102804Z-2ab688a139/C_GBTJ_SLOW-T900-s5101
8.799999999999988,220,172,1.7774236055316515,1.7778750040818008,1.9364151636497926,5731.0,C_GBTJ_SLOW,results/jerky_area_loss_discriminating_20260822/20260823T102804Z-2ab688a139/C_GBTJ_SLOW-T900-s5101
9.599999999999971,240,172,1.7825596770862975,1.7767353650972137,1.9542511197870776,5707.0,C_GBTJ_SLOW,results/jerky_area_loss_discriminating_20260822/20260823T102804Z-2ab688a139/C_GBTJ_SLOW-T900-s5101
10.399999999999954,260,168,1.785593755832709,1.7776146300891886,1.95755007651132,5694.0,C_GBTJ_SLOW,results/jerky_area_loss_discriminating_20260822/20260823T102804Z-2ab688a139/C_GBTJ_SLOW-T900-s5101
11.199999999999937,280,166,1.7792188379540308,1.7719454637628225,1.954850212256488,5664.0,C_GBTJ_SLOW,results/jerky_area_loss_discriminating_20260822/20260823T102804Z-2ab688a139/C_GBTJ_SLOW-T900-s5101
11.99999999999992,300,163,1.7759035744477285,1.7708274127925827,1.9347907919612293,5633.0,C_GBTJ_SLOW,results/jerky_area_loss_discriminating_20260822/20260823T102804Z-2ab688a139/C_GBTJ_SLOW-T900-s5101
12.799999999999903,320,162,1.7784488523924256,1.7806034484173638,1.9386468478667225,5603.0,C_GBTJ_SLOW,results/jerky_area_loss_discriminating_20260822/20260823T102804Z-2ab688a139/C_GBTJ_SLOW-T900-s5101
13.599999999999886,340,162,1.7861715308255446,1.7668423308086054,1.9496480528757179,5576.0,C_GBTJ_SLOW,results/jerky_area_loss_discriminating_20260822/20260823T102804Z-2ab688a139/C_GBTJ_SLOW-T900-s5101
14.399999999999869,360,161,1.7915540596419024,1.781143844001102,1.9694260794295353,5559.0,C_GBTJ_SLOW,results/jerky_area_loss_discriminating_20260822/20260823T102804Z-2ab688a139/C_GBTJ_SLOW-T900-s5101
15.199999999999852,380,161,1.7816077188023074,1.7724834714865818,1.9337325585665286,5526.0,C_GBTJ_SLOW,results/jerky_area_loss_discriminating_20260822/20260823T102804Z-2ab688a139/C_GBTJ_SLOW-T900-s5101
15.999999999999835,400,160,1.78405562351479,1.7815027674567694,1.9200809861798773,5505.0,C_GBTJ_SLOW,results/jerky_area_loss_discriminating_20260822/20260823T102804Z-2ab688a139/C_GBTJ_SLOW-T900-s5101
16.79999999999982,420,158,1.7862456105715265,1.7815027674567694,1.9667159527424398,5486.0,C_GBTJ_SLOW,results/jerky_area_loss_discriminating_20260822/20260823T102804Z-2ab688a139/C_GBTJ_SLOW-T900-s5101
17.599999999999802,440,157,1.787767483061652,1.7825353626292277,1.9497120456463537,5463.0,C_GBTJ_SLOW,results/jerky_area_loss_discriminating_20260822/20260823T102804Z-2ab688a139/C_GBTJ_SLOW-T900-s5101
18.399999999999785,460,157,1.788498184723271,1.791339678630056,1.9456585962798967,5438.0,C_GBTJ_SLOW,results/jerky_area_loss_discriminating_20260822/20260823T102804Z-2ab688a139/C_GBTJ_SLOW-T900-s5101
19.19999999999977,480,154,1.790989175891418,1.7814108086113238,1.9810109387202972,5421.0,C_GBTJ_SLOW,results/jerky_area_loss_discriminating_20260822/20260823T102804Z-2ab688a139/C_GBTJ_SLOW-T900-s5101
19.99999999999975,500,153,1.788264239423848,1.794374937664113,1.991632029243063,5389.0,C_GBTJ_SLOW,results/jerky_area_loss_discriminating_20260822/20260823T102804Z-2ab688a139/C_GBTJ_SLOW-T900-s5101
20.799999999999734,520,150,1.7957128869329486,1.7918519121997025,1.9497260700046846,5380.0,C_GBTJ_SLOW,results/jerky_area_loss_discriminating_20260822/20260823T102804Z-2ab688a139/C_GBTJ_SLOW-T900-s5101
21.599999999999717,540,148,1.7991284608042102,1.7943716928234208,1.9510616442479054,5353.0,C_GBTJ_SLOW,results/jerky_area_loss_discriminating_20260822/20260823T102804Z-2ab688a139/C_GBTJ_SLOW-T900-s5101
22.3999999999997,560,148,1.8055983369323974,1.7984422005278065,1.9549900366714585,5342.0,C_GBTJ_SLOW,results/jerky_area_loss_discriminating_20260822/20260823T102804Z-2ab688a139/C_GBTJ_SLOW-T900-s5101
23.199999999999683,580,147,1.8143703817999643,1.8082141433633825,1.992384102409653,5331.0,C_GBTJ_SLOW,results/jerky_area_loss_discriminating_20260822/20260823T102804Z-2ab688a139/C_GBTJ_SLOW-T900-s5101
23.999999999999666,600,145,1.8170879251253127,1.8037560217081472,1.9995870439366101,5316.0,C_GBTJ_SLOW,results/jerky_area_loss_discriminating_20260822/20260823T102804Z-2ab688a139/C_GBTJ_SLOW-T900-s5101
24.79999999999965,620,143,1.822941888540672,1.8108295747344536,1.9890486058606627,5297.0,C_GBTJ_SLOW,results/jerky_area_loss_discriminating_20260822/20260823T102804Z-2ab688a139/C_GBTJ_SLOW-T900-s5101
25.599999999999632,640,143,1.8135137517720632,1.79664122347469,1.999440433059269,5256.0,C_GBTJ_SLOW,results/jerky_area_loss_discriminating_20260822/20260823T102804Z-2ab688a139/C_GBTJ_SLOW-T900-s5101
26.399999999999615,660,143,1.8183691074128456,1.8037560217081472,2.010336846329797,5234.0,C_GBTJ_SLOW,results/jerky_area_loss_discriminating_20260822/20260823T102804Z-2ab688a139/C_GBTJ_SLOW-T900-s5101
27.199999999999598,680,143,1.821402750509366,1.7961165844397362,2.0142884760686877,5205.0,C_GBTJ_SLOW,results/jerky_area_loss_discriminating_20260822/20260823T102804Z-2ab688a139/C_GBTJ_SLOW-T900-s5101
27.99999999999958,700,139,1.8227790593674027,1.8025048036020788,1.991434782154711,5185.0,C_GBTJ_SLOW,results/jerky_area_loss_discriminating_20260822/20260823T102804Z-2ab688a139/C_GBTJ_SLOW-T900-s5101
28.799999999999564,720,139,1.8169168666009257,1.8112859329942155,1.9726895963635362,5161.0,C_GBTJ_SLOW,results/jerky_area_loss_discriminating_20260822/20260823T102804Z-2ab688a139/C_GBTJ_SLOW-T900-s5101
29.599999999999547,740,139,1.8201306040299283,1.805747236367027,2.0098422412549706,5150.0,C_GBTJ_SLOW,results/jerky_area_loss_discriminating_20260822/20260823T102804Z-2ab688a139/C_GBTJ_SLOW-T900-s5101
30.39999999999953,760,136,1.8227760182496882,1.8037560217081472,2.0111453843192697,5124.0,C_GBTJ_SLOW,results/jerky_area_loss_discriminating_20260822/20260823T102804Z-2ab688a139/C_GBTJ_SLOW-T900-s5101
31.199999999999513,780,136,1.8258037154076865,1.813060017925375,2.039409352551358,5111.0,C_GBTJ_SLOW,results/jerky_area_loss_discriminating_20260822/20260823T102804Z-2ab688a139/C_GBTJ_SLOW-T900-s5101
31.999999999999496,800,134,1.8393767722042533,1.830914606116247,2.048619892265696,5103.0,C_GBTJ_SLOW,results/jerky_area_loss_discriminating_20260822/20260823T102804Z-2ab688a139/C_GBTJ_SLOW-T900-s5101
32.79999999999948,820,130,1.846824733144233,1.8201923760995276,2.038363758571379,5081.0,C_GBTJ_SLOW,results/jerky_area_loss_discriminating_20260822/20260823T102804Z-2ab688a139/C_GBTJ_SLOW-T900-s5101
33.59999999999946,840,130,1.8403432994368376,1.8093800218388205,2.03439729657494,5047.0,C_GBTJ_SLOW,results/jerky_area_loss_discriminating_20260822/20260823T102804Z-2ab688a139/C_GBTJ_SLOW-T900-s5101
34.399999999999444,860,129,1.8454675354509307,1.8247063539198194,2.0261064310810766,5036.0,C_GBTJ_SLOW,results/jerky_area_loss_discriminating_20260822/20260823T102804Z-2ab688a139/C_GBTJ_SLOW-T900-s5101
35.19999999999943,880,129,1.8493674678437786,1.828985795531618,2.037353036848892,5020.0,C_GBTJ_SLOW,results/jerky_area_loss_discriminating_20260822/20260823T102804Z-2ab688a139/C_GBTJ_SLOW-T900-s5101
35.99999999999941,900,127,1.8303748472291939,1.808369208464434,2.0242612245466978,4976.0,C_GBTJ_SLOW,results/jerky_area_loss_discriminating_20260822/20260823T102804Z-2ab688a139/C_GBTJ_SLOW-T900-s5101
36.79999999999939,920,125,1.8282964399555472,1.809340405676284,2.022933667946589,4948.0,C_GBTJ_SLOW,results/jerky_area_loss_discriminating_20260822/20260823T102804Z-2ab688a139/C_GBTJ_SLOW-T900-s5101
37.599999999999376,940,122,1.8424537769013025,1.8168602640316882,2.0276004182256364,4924.0,C_GBTJ_SLOW,results/jerky_area_loss_discriminating_20260822/20260823T102804Z-2ab688a139/C_GBTJ_SLOW-T900-s5101
38.39999999999936,960,121,1.8426264599913666,1.8378168948255813,2.036290813951446,4906.0,C_GBTJ_SLOW,results/jerky_area_loss_discriminating_20260822/20260823T102804Z-2ab688a139/C_GBTJ_SLOW-T900-s5101
39.19999999999934,980,120,1.8431707891671432,1.8304797994661148,2.045669676870902,4878.0,C_GBTJ_SLOW,results/jerky_area_loss_discriminating_20260822/20260823T102804Z-2ab688a139/C_GBTJ_SLOW-T900-s5101
39.999999999999325,1000,118,1.845063055034604,1.8395327266240127,2.035460715908663,4852.0,C_GBTJ_SLOW,results/jerky_area_loss_discriminating_20260822/20260823T102804Z-2ab688a139/C_GBTJ_SLOW-T900-s5101
40.23999999999932,1006,118,1.8477812587750286,1.8375077662396748,2.038071311094021,4845.0,C_GBTJ_SLOW,results/jerky_area_loss_discriminating_20260822/20260823T102804Z-2ab688a139/C_GBTJ_SLOW-T900-s5101
0.0,0,190,1.7920895484123613,1.7854416702856883,1.956505991785691,6086.0,C_GB_FAST,results/jerky_area_loss_discriminating_20260822/20260823T102804Z-2ab688a139/C_GB_FAST-T900-s5101
0.8000000000000002,20,188,1.7964928063836996,1.7904506397748141,1.9620145314807358,6050.0,C_GB_FAST,results/jerky_area_loss_discriminating_20260822/20260823T102804Z-2ab688a139/C_GB_FAST-T900-s5101
1.6000000000000008,40,185,1.7984848666049469,1.791339678630056,1.9756100990262675,6014.0,C_GB_FAST,results/jerky_area_loss_discriminating_20260822/20260823T102804Z-2ab688a139/C_GB_FAST-T900-s5101
2.4000000000000012,60,181,1.7845357175339207,1.7728385051693243,1.95015170775892,5957.0,C_GB_FAST,results/jerky_area_loss_discriminating_20260822/20260823T102804Z-2ab688a139/C_GB_FAST-T900-s5101
3.200000000000002,80,180,1.7912019658010445,1.7823091129552244,1.9390563597464563,5928.0,C_GB_FAST,results/jerky_area_loss_discriminating_20260822/20260823T102804Z-2ab688a139/C_GB_FAST-T900-s5101
4.000000000000003,100,177,1.7868427992236777,1.7724834714865818,1.9400739875640247,5872.0,C_GB_FAST,results/jerky_area_loss_discriminating_20260822/20260823T102804Z-2ab688a139/C_GB_FAST-T900-s5101
4.800000000000003,120,177,1.7918123778176906,1.773440794452548,1.9761028219054149,5843.0,C_GB_FAST,results/jerky_area_loss_discriminating_20260822/20260823T102804Z-2ab688a139/C_GB_FAST-T900-s5101
5.600000000000004,140,177,1.7869695656400015,1.7690684059060673,1.9371979322330952,5813.0,C_GB_FAST,results/jerky_area_loss_discriminating_20260822/20260823T102804Z-2ab688a139/C_GB_FAST-T900-s5101
6.400000000000005,160,175,1.7809824000012784,1.7681838186278778,1.9497984260267873,5769.0,C_GB_FAST,results/jerky_area_loss_discriminating_20260822/20260823T102804Z-2ab688a139/C_GB_FAST-T900-s5101
7.2000000000000055,180,174,1.76580197265757,1.7592926862181777,1.9254656615224746,5728.0,C_GB_FAST,results/jerky_area_loss_discriminating_20260822/20260823T102804Z-2ab688a139/C_GB_FAST-T900-s5101
8.000000000000005,200,173,1.7697766536743997,1.7579386896059348,1.939009670173551,5711.0,C_GB_FAST,results/jerky_area_loss_discriminating_20260822/20260823T102804Z-2ab688a139/C_GB_FAST-T900-s5101
8.799999999999988,220,172,1.7746636588654192,1.7803235416678298,1.9343879568645848,5692.0,C_GB_FAST,results/jerky_area_loss_discriminating_20260822/20260823T102804Z-2ab688a139/C_GB_FAST-T900-s5101
9.599999999999971,240,169,1.7769513677638633,1.7714637144141396,1.9355100112549888,5664.0,C_GB_FAST,results/jerky_area_loss_discriminating_20260822/20260823T102804Z-2ab688a139/C_GB_FAST-T900-s5101
10.399999999999954,260,167,1.7768691309332716,1.7776146300891886,1.9384046127733656,5644.0,C_GB_FAST,results/jerky_area_loss_discriminating_20260822/20260823T102804Z-2ab688a139/C_GB_FAST-T900-s5101
11.199999999999937,280,164,1.774682721804692,1.7678377105052157,1.9418215123198446,5609.0,C_GB_FAST,results/jerky_area_loss_discriminating_20260822/20260823T102804Z-2ab688a139/C_GB_FAST-T900-s5101
11.99999999999992,300,163,1.7633345876471935,1.7554451595497562,1.9271224813034484,5560.0,C_GB_FAST,results/jerky_area_loss_discriminating_20260822/20260823T102804Z-2ab688a139/C_GB_FAST-T900-s5101
12.799999999999903,320,161,1.7726538253150592,1.7690684059060673,1.9299246967475676,5540.0,C_GB_FAST,results/jerky_area_loss_discriminating_20260822/20260823T102804Z-2ab688a139/C_GB_FAST-T900-s5101
13.599999999999886,340,161,1.781109255369548,1.7776146300891886,1.9291508253563072,5519.0,C_GB_FAST,results/jerky_area_loss_discriminating_20260822/20260823T102804Z-2ab688a139/C_GB_FAST-T900-s5101
14.399999999999869,360,161,1.7757344786718727,1.7690684059060673,1.9212275273235937,5495.0,C_GB_FAST,results/jerky_area_loss_discriminating_20260822/20260823T102804Z-2ab688a139/C_GB_FAST-T900-s5101
15.199999999999852,380,161,1.7753063526738204,1.7678312838973782,1.9354704573704056,5475.0,C_GB_FAST,results/jerky_area_loss_discriminating_20260822/20260823T102804Z-2ab688a139/C_GB_FAST-T900-s5101
15.999999999999835,400,159,1.7799238661450252,1.7712890827388226,1.9190773879560703,5453.0,C_GB_FAST,results/jerky_area_loss_discriminating_20260822/20260823T102804Z-2ab688a139/C_GB_FAST-T900-s5101
16.79999999999982,420,158,1.7801535449422745,1.7714637144141396,1.9536987204346437,5431.0,C_GB_FAST,results/jerky_area_loss_discriminating_20260822/20260823T102804Z-2ab688a139/C_GB_FAST-T900-s5101
17.599999999999802,440,158,1.7807826380525091,1.7714984149153783,1.956960276484905,5415.0,C_GB_FAST,results/jerky_area_loss_discriminating_20260822/20260823T102804Z-2ab688a139/C_GB_FAST-T900-s5101
18.399999999999785,460,154,1.7830899417856811,1.7842312759572563,1.9544596423544922,5392.0,C_GB_FAST,results/jerky_area_loss_discriminating_20260822/20260823T102804Z-2ab688a139/C_GB_FAST-T900-s5101
19.19999999999977,480,149,1.786150857713493,1.7783263062829957,1.970619083705991,5369.0,C_GB_FAST,results/jerky_area_loss_discriminating_20260822/20260823T102804Z-2ab688a139/C_GB_FAST-T900-s5101
19.99999999999975,500,147,1.792538076499998,1.7862438273226313,1.9537718994543505,5358.0,C_GB_FAST,results/jerky_area_loss_discriminating_20260822/20260823T102804Z-2ab688a139/C_GB_FAST-T900-s5101
20.799999999999734,520,147,1.7966559020170336,1.776894427937363,1.9571455444086086,5336.0,C_GB_FAST,results/jerky_area_loss_discriminating_20260822/20260823T102804Z-2ab688a139/C_GB_FAST-T900-s5101
21.599999999999717,540,146,1.8064329344052086,1.80579954097837,1.9590353674633283,5313.0,C_GB_FAST,results/jerky_area_loss_discriminating_20260822/20260823T102804Z-2ab688a139/C_GB_FAST-T900-s5101
22.3999999999997,560,146,1.8163614084962245,1.810601395604573,1.992406609301287,5297.0,C_GB_FAST,results/jerky_area_loss_discriminating_20260822/20260823T102804Z-2ab688a139/C_GB_FAST-T900-s5101
23.199999999999683,580,143,1.8136488036617975,1.79664122347469,1.992700650950059,5262.0,C_GB_FAST,results/jerky_area_loss_discriminating_20260822/20260823T102804Z-2ab688a139/C_GB_FAST-T900-s5101
23.999999999999666,600,142,1.8141163223370615,1.8110577538643344,1.9927986648329832,5232.0,C_GB_FAST,results/jerky_area_loss_discriminating_20260822/20260823T102804Z-2ab688a139/C_GB_FAST-T900-s5101
24.79999999999965,620,141,1.8171105121121183,1.8111888269897303,1.992896678715907,5220.0,C_GB_FAST,results/jerky_area_loss_discriminating_20260822/20260823T102804Z-2ab688a139/C_GB_FAST-T900-s5101
25.599999999999632,640,141,1.8134863787243216,1.8128742736561203,1.9783130560670004,5186.0,C_GB_FAST,results/jerky_area_loss_discriminating_20260822/20260823T102804Z-2ab688a139/C_GB_FAST-T900-s5101
26.399999999999615,660,141,1.8237771897845159,1.8132933965750773,1.9964396061447354,5164.0,C_GB_FAST,results/jerky_area_loss_discriminating_20260822/20260823T102804Z-2ab688a139/C_GB_FAST-T900-s5101
27.199999999999598,680,137,1.8193262684427358,1.8009190352002702,2.0084980918196096,5137.0,C_GB_FAST,results/jerky_area_loss_discriminating_20260822/20260823T102804Z-2ab688a139/C_GB_FAST-T900-s5101
27.99999999999958,700,137,1.8255777932698491,1.8136260956983423,2.0127347346086313,5119.0,C_GB_FAST,results/jerky_area_loss_discriminating_20260822/20260823T102804Z-2ab688a139/C_GB_FAST-T900-s5101
28.799999999999564,720,137,1.828424220718863,1.8334649444186342,2.0212043689232098,5105.0,C_GB_FAST,results/jerky_area_loss_discriminating_20260822/20260823T102804Z-2ab688a139/C_GB_FAST-T900-s5101
29.599999999999547,740,134,1.8313138560306599,1.81626494617376,2.029977520006951,5078.0,C_GB_FAST,results/jerky_area_loss_discriminating_20260822/20260823T102804Z-2ab688a139/C_GB_FAST-T900-s5101
30.39999999999953,760,132,1.8233441138848736,1.8176529299717115,1.9925506897091856,5048.0,C_GB_FAST,results/jerky_area_loss_discriminating_20260822/20260823T102804Z-2ab688a139/C_GB_FAST-T900-s5101
31.199999999999513,780,131,1.8337461097584105,1.8311759744505711,2.031765230960366,5029.0,C_GB_FAST,results/jerky_area_loss_discriminating_20260822/20260823T102804Z-2ab688a139/C_GB_FAST-T900-s5101
31.999999999999496,800,129,1.8319099632778322,1.8324620502566855,2.04295564133925,4992.0,C_GB_FAST,results/jerky_area_loss_discriminating_20260822/20260823T102804Z-2ab688a139/C_GB_FAST-T900-s5101
32.79999999999948,820,128,1.8426102579470123,1.8299736102085062,2.0195201935782188,4981.0,C_GB_FAST,results/jerky_area_loss_discriminating_20260822/20260823T102804Z-2ab688a139/C_GB_FAST-T900-s5101
33.59999999999946,840,126,1.845974763932264,1.8362020776051524,2.0213445154267102,4959.0,C_GB_FAST,results/jerky_area_loss_discriminating_20260822/20260823T102804Z-2ab688a139/C_GB_FAST-T900-s5101
34.399999999999444,860,126,1.84371978854198,1.8398311421423101,2.027424152400257,4931.0,C_GB_FAST,results/jerky_area_loss_discriminating_20260822/20260823T102804Z-2ab688a139/C_GB_FAST-T900-s5101
34.95999999999943,874,124,1.8344768031810843,1.8326079950878742,2.016314068301618,4901.0,C_GB_FAST,results/jerky_area_loss_discriminating_20260822/20260823T102804Z-2ab688a139/C_GB_FAST-T900-s5101
0.0,0,190,1.7920895484123613,1.7854416702856883,1.956505991785691,6086.0,C_GB_SLOW,results/jerky_area_loss_discriminating_20260822/20260823T102804Z-2ab688a139/C_GB_SLOW-T900-s5101
0.8000000000000002,20,188,1.7959563909280447,1.7904506397748141,1.9620145314807358,6052.0,C_GB_SLOW,results/jerky_area_loss_discriminating_20260822/20260823T102804Z-2ab688a139/C_GB_SLOW-T900-s5101
1.6000000000000008,40,185,1.7979938200011687,1.791339678630056,1.9756100990262675,6018.0,C_GB_SLOW,results/jerky_area_loss_discriminating_20260822/20260823T102804Z-2ab688a139/C_GB_SLOW-T900-s5101
2.4000000000000012,60,182,1.7878114879826483,1.7927251608149894,1.9492726874438973,5979.0,C_GB_SLOW,results/jerky_area_loss_discriminating_20260822/20260823T102804Z-2ab688a139/C_GB_SLOW-T900-s5101
3.200000000000002,80,181,1.7907942376074233,1.7862259120342572,1.9414985527776387,5949.0,C_GB_SLOW,results/jerky_area_loss_discriminating_20260822/20260823T102804Z-2ab688a139/C_GB_SLOW-T900-s5101
4.000000000000003,100,178,1.7863407812390082,1.776894427937363,1.938583250968195,5902.0,C_GB_SLOW,results/jerky_area_loss_discriminating_20260822/20260823T102804Z-2ab688a139/C_GB_SLOW-T900-s5101
4.800000000000003,120,178,1.7874018932168687,1.7740336729657216,1.9515788372487866,5873.0,C_GB_SLOW,results/jerky_area_loss_discriminating_20260822/20260823T102804Z-2ab688a139/C_GB_SLOW-T900-s5101
5.600000000000004,140,178,1.788086189639583,1.771920770201243,1.9455237526325837,5852.0,C_GB_SLOW,results/jerky_area_loss_discriminating_20260822/20260823T102804Z-2ab688a139/C_GB_SLOW-T900-s5101
6.400000000000005,160,177,1.7830974302840488,1.7669683827939622,1.9422587162321656,5830.0,C_GB_SLOW,results/jerky_area_loss_discriminating_20260822/20260823T102804Z-2ab688a139/C_GB_SLOW-T900-s5101
7.2000000000000055,180,176,1.7737646608046567,1.7592824429394591,1.9263922228291004,5790.0,C_GB_SLOW,results/jerky_area_loss_discriminating_20260822/20260823T102804Z-2ab688a139/C_GB_SLOW-T900-s5101
8.000000000000005,200,175,1.772999781292531,1.7637498611495286,1.91764693658256,5778.0,C_GB_SLOW,results/jerky_area_loss_discriminating_20260822/20260823T102804Z-2ab688a139/C_GB_SLOW-T900-s5101
8.799999999999988,220,175,1.7753276149114599,1.7776146300891886,1.9380695791255815,5763.0,C_GB_SLOW,results/jerky_area_loss_discriminating_20260822/20260823T102804Z-2ab688a139/C_GB_SLOW-T900-s5101
9.599999999999971,240,174,1.7780312418743365,1.7787877137312589,1.9361813369291656,5747.0,C_GB_SLOW,results/jerky_area_loss_discriminating_20260822/20260823T102804Z-2ab688a139/C_GB_SLOW-T900-s5101
10.399999999999954,260,173,1.7835594684108513,1.7714637144141396,1.9572671724918191,5725.0,C_GB_SLOW,results/jerky_area_loss_discriminating_20260822/20260823T102804Z-2ab688a139/C_GB_SLOW-T900-s5101
11.199999999999937,280,172,1.7911406256103823,1.7708274127925827,1.9660919345241938,5724.0,C_GB_SLOW,results/jerky_area_loss_discriminating_20260822/20260823T102804Z-2ab688a139/C_GB_SLOW-T900-s5101
11.99999999999992,300,170,1.7809459606838238,1.763591413937318,1.9572671724918191,5699.0,C_GB_SLOW,results/jerky_area_loss_discriminating_20260822/20260823T102804Z-2ab688a139/C_GB_SLOW-T900-s5101
12.799999999999903,320,169,1.7835240034032533,1.7757529728025514,1.9518579201448383,5689.0,C_GB_SLOW,results/jerky_area_loss_discriminating_20260822/20260823T102804Z-2ab688a139/C_GB_SLOW-T900-s5101
13.599999999999886,340,167,1.7823187760400436,1.7671951271504909,1.948835896724315,5674.0,C_GB_SLOW,results/jerky_area_loss_discriminating_20260822/20260823T102804Z-2ab688a139/C_GB_SLOW-T900-s5101
14.399999999999869,360,166,1.7911949373044556,1.7762950370019819,1.9496428861784354,5665.0,C_GB_SLOW,results/jerky_area_loss_discriminating_20260822/20260823T102804Z-2ab688a139/C_GB_SLOW-T900-s5101
15.199999999999852,380,166,1.7789090163622987,1.7616578756489492,1.9459834501797753,5632.0,C_GB_SLOW,results/jerky_area_loss_discriminating_20260822/20260823T102804Z-2ab688a139/C_GB_SLOW-T900-s5101
15.999999999999835,400,166,1.7851182373390024,1.7762828470077605,1.978434060151028,5618.0,C_GB_SLOW,results/jerky_area_loss_discriminating_20260822/20260823T102804Z-2ab688a139/C_GB_SLOW-T900-s5101
16.79999999999982,420,166,1.7802605187796587,1.7754048888847889,1.95859104491612,5596.0,C_GB_SLOW,results/jerky_area_loss_discriminating_20260822/20260823T102804Z-2ab688a139/C_GB_SLOW-T900-s5101
17.599999999999802,440,164,1.7800596873230898,1.7777492276124307,1.950428224165384,5571.0,C_GB_SLOW,results/jerky_area_loss_discriminating_20260822/20260823T102804Z-2ab688a139/C_GB_SLOW-T900-s5101
18.399999999999785,460,163,1.7826181607004477,1.768388256576615,1.9485685846814456,5559.0,C_GB_SLOW,results/jerky_area_loss_discriminating_20260822/20260823T102804Z-2ab688a139/C_GB_SLOW-T900-s5101
19.19999999999977,480,161,1.7856282039726412,1.7724834714865818,1.9504946217219512,5549.0,C_GB_SLOW,results/jerky_area_loss_discriminating_20260822/20260823T102804Z-2ab688a139/C_GB_SLOW-T900-s5101
19.99999999999975,500,161,1.794798579121224,1.7939253649463476,1.9534634111005238,5544.0,C_GB_SLOW,results/jerky_area_loss_discriminating_20260822/20260823T102804Z-2ab688a139/C_GB_SLOW-T900-s5101
20.799999999999734,520,161,1.7966144903096744,1.786588114495759,1.9545067433826488,5530.0,C_GB_SLOW,results/jerky_area_loss_discriminating_20260822/20260823T102804Z-2ab688a139/C_GB_SLOW-T900-s5101
21.599999999999717,540,160,1.7963357630832466,1.7878405273989577,1.9611380636363278,5516.0,C_GB_SLOW,results/jerky_area_loss_discriminating_20260822/20260823T102804Z-2ab688a139/C_GB_SLOW-T900-s5101
22.3999999999997,560,160,1.796833497212686,1.794441288396252,1.961071282650758,5505.0,C_GB_SLOW,results/jerky_area_loss_discriminating_20260822/20260823T102804Z-2ab688a139/C_GB_SLOW-T900-s5101
23.199999999999683,580,159,1.7927349194616498,1.781496589107882,1.9646142861211986,5488.0,C_GB_SLOW,results/jerky_area_loss_discriminating_20260822/20260823T102804Z-2ab688a139/C_GB_SLOW-T900-s5101
23.999999999999666,600,157,1.7903011254515646,1.793276683891397,1.9587517515016382,5471.0,C_GB_SLOW,results/jerky_area_loss_discriminating_20260822/20260823T102804Z-2ab688a139/C_GB_SLOW-T900-s5101
24.79999999999965,620,155,1.7974351355731173,1.799675125731432,1.9657632710350619,5460.0,C_GB_SLOW,results/jerky_area_loss_discriminating_20260822/20260823T102804Z-2ab688a139/C_GB_SLOW-T900-s5101
25.599999999999632,640,154,1.8024647139278094,1.8008249914486278,1.9867842062638268,5450.0,C_GB_SLOW,results/jerky_area_loss_discriminating_20260822/20260823T102804Z-2ab688a139/C_GB_SLOW-T900-s5101
26.399999999999615,660,152,1.8060028879433616,1.7927155436738447,1.9928454210852817,5432.0,C_GB_SLOW,results/jerky_area_loss_discriminating_20260822/20260823T102804Z-2ab688a139/C_GB_SLOW-T900-s5101
27.199999999999598,680,152,1.8096997718431709,1.7923475565559002,1.9928454210852817,5415.0,C_GB_SLOW,results/jerky_area_loss_discriminating_20260822/20260823T102804Z-2ab688a139/C_GB_SLOW-T900-s5101
27.99999999999958,700,152,1.8031998779403176,1.7907837762414358,1.9765139850273798,5392.0,C_GB_SLOW,results/jerky_area_loss_discriminating_20260822/20260823T102804Z-2ab688a139/C_GB_SLOW-T900-s5101
28.799999999999564,720,151,1.8077150601217145,1.8029398425128043,1.9833154446836188,5386.0,C_GB_SLOW,results/jerky_area_loss_discriminating_20260822/20260823T102804Z-2ab688a139/C_GB_SLOW-T900-s5101
29.599999999999547,740,150,1.8123839653753715,1.7997874188422007,1.992384102409653,5372.0,C_GB_SLOW,results/jerky_area_loss_discriminating_20260822/20260823T102804Z-2ab688a139/C_GB_SLOW-T900-s5101
30.39999999999953,760,149,1.815140969079951,1.812493940152408,1.9819963671961958,5364.0,C_GB_SLOW,results/jerky_area_loss_discriminating_20260822/20260823T102804Z-2ab688a139/C_GB_SLOW-T900-s5101
31.199999999999513,780,149,1.8136072009385382,1.808158648073068,1.9819963671961958,5343.0,C_GB_SLOW,results/jerky_area_loss_discriminating_20260822/20260823T102804Z-2ab688a139/C_GB_SLOW-T900-s5101
31.999999999999496,800,148,1.8136255952137568,1.8063589895133008,2.0132117863204444,5330.0,C_GB_SLOW,results/jerky_area_loss_discriminating_20260822/20260823T102804Z-2ab688a139/C_GB_SLOW-T900-s5101
32.79999999999948,820,148,1.8223756979687427,1.8122574250666987,2.0216710830307743,5322.0,C_GB_SLOW,results/jerky_area_loss_discriminating_20260822/20260823T102804Z-2ab688a139/C_GB_SLOW-T900-s5101
33.59999999999946,840,148,1.8260544273695607,1.8288666478651616,2.01882885156165,5316.0,C_GB_SLOW,results/jerky_area_loss_discriminating_20260822/20260823T102804Z-2ab688a139/C_GB_SLOW-T900-s5101
34.399999999999444,860,148,1.8216001860206184,1.821257462391226,2.003094846487797,5305.0,C_GB_SLOW,results/jerky_area_loss_discriminating_20260822/20260823T102804Z-2ab688a139/C_GB_SLOW-T900-s5101
35.19999999999943,880,146,1.8233991195968156,1.8160070070936414,2.018877538194995,5284.0,C_GB_SLOW,results/jerky_area_loss_discriminating_20260822/20260823T102804Z-2ab688a139/C_GB_SLOW-T900-s5101
35.99999999999941,900,145,1.8192993057524338,1.803159935778964,2.021570063070841,5265.0,C_GB_SLOW,results/jerky_area_loss_discriminating_20260822/20260823T102804Z-2ab688a139/C_GB_SLOW-T900-s5101
36.79999999999939,920,144,1.8093248761464578,1.8043108991245411,2.0055656967377287,5242.0,C_GB_SLOW,results/jerky_area_loss_discriminating_20260822/20260823T102804Z-2ab688a139/C_GB_SLOW-T900-s5101
37.599999999999376,940,142,1.8119615426442397,1.8076964260098713,2.011556091806545,5225.0,C_GB_SLOW,results/jerky_area_loss_discriminating_20260822/20260823T102804Z-2ab688a139/C_GB_SLOW-T900-s5101
38.39999999999936,960,141,1.8215499904907342,1.810938398627166,2.028019805155818,5216.0,C_GB_SLOW,results/jerky_area_loss_discriminating_20260822/20260823T102804Z-2ab688a139/C_GB_SLOW-T900-s5101
39.19999999999934,980,141,1.8266433586037376,1.82396617321188,2.0371832715762603,5202.0,C_GB_SLOW,results/jerky_area_loss_discriminating_20260822/20260823T102804Z-2ab688a139/C_GB_SLOW-T900-s5101
39.999999999999325,1000,140,1.8142625425489605,1.8064994984059366,2.0373954781670496,5171.0,C_GB_SLOW,results/jerky_area_loss_discriminating_20260822/20260823T102804Z-2ab688a139/C_GB_SLOW-T900-s5101
40.79999999999931,1020,139,1.8161529223906043,1.7993870624860167,2.029439999534753,5160.0,C_GB_SLOW,results/jerky_area_loss_discriminating_20260822/20260823T102804Z-2ab688a139/C_GB_SLOW-T900-s5101
41.59999999999929,1040,138,1.8216675081447944,1.8018243165619365,2.0089774788838635,5154.0,C_GB_SLOW,results/jerky_area_loss_discriminating_20260822/20260823T102804Z-2ab688a139/C_GB_SLOW-T900-s5101
42.399999999999274,1060,137,1.8231009292050404,1.8199963220236466,2.014457931261482,5135.0,C_GB_SLOW,results/jerky_area_loss_discriminating_20260822/20260823T102804Z-2ab688a139/C_GB_SLOW-T900-s5101
43.19999999999926,1080,136,1.830336130510629,1.8184167859655638,2.044572608219813,5128.0,C_GB_SLOW,results/jerky_area_loss_discriminating_20260822/20260823T102804Z-2ab688a139/C_GB_SLOW-T900-s5101
43.99999999999924,1100,135,1.8313591329893626,1.8278104955087857,2.035831158785391,5109.0,C_GB_SLOW,results/jerky_area_loss_discriminating_20260822/20260823T102804Z-2ab688a139/C_GB_SLOW-T900-s5101
44.79999999999922,1120,134,1.8266076539413685,1.8204023295315341,2.0112826354950877,5074.0,C_GB_SLOW,results/jerky_area_loss_discriminating_20260822/20260823T102804Z-2ab688a139/C_GB_SLOW-T900-s5101
45.599999999999206,1140,134,1.8257292561084146,1.8069963922351129,2.0413043850785435,5059.0,C_GB_SLOW,results/jerky_area_loss_discriminating_20260822/20260823T102804Z-2ab688a139/C_GB_SLOW-T900-s5101
46.39999999999919,1160,134,1.833911669991133,1.8146905233116566,2.0604107418420843,5054.0,C_GB_SLOW,results/jerky_area_loss_discriminating_20260822/20260823T102804Z-2ab688a139/C_GB_SLOW-T900-s5101
47.19999999999917,1180,133,1.83748040931384,1.8173773907115078,2.048379028782681,5049.0,C_GB_SLOW,results/jerky_area_loss_discriminating_20260822/20260823T102804Z-2ab688a139/C_GB_SLOW-T900-s5101
47.999999999999154,1200,133,1.831980546674178,1.814366351247607,2.0370047800512974,5033.0,C_GB_SLOW,results/jerky_area_loss_discriminating_20260822/20260823T102804Z-2ab688a139/C_GB_SLOW-T900-s5101
48.79999999999914,1220,133,1.8323521458629035,1.816837249907481,2.0633106079354184,5018.0,C_GB_SLOW,results/jerky_area_loss_discriminating_20260822/20260823T102804Z-2ab688a139/C_GB_SLOW-T900-s5101
49.59999999999912,1240,131,1.8390431748920273,1.8244182423902529,2.055501104649101,5012.0,C_GB_SLOW,results/jerky_area_loss_discriminating_20260822/20260823T102804Z-2ab688a139/C_GB_SLOW-T900-s5101
50.3999999999991,1260,130,1.837405470960368,1.811764121603533,2.0625268641967085,4997.0,C_GB_SLOW,results/jerky_area_loss_discriminating_20260822/20260823T102804Z-2ab688a139/C_GB_SLOW-T900-s5101
51.199999999999086,1280,130,1.8340482562644196,1.8105820880252703,2.079637352551937,4987.0,C_GB_SLOW,results/jerky_area_loss_discriminating_20260822/20260823T102804Z-2ab688a139/C_GB_SLOW-T900-s5101
51.99999999999907,1300,130,1.840181817522872,1.800554872890339,2.091943808531983,4980.0,C_GB_SLOW,results/jerky_area_loss_discriminating_20260822/20260823T102804Z-2ab688a139/C_GB_SLOW-T900-s5101
52.79999999999905,1320,128,1.8396466615182212,1.7991105589455796,2.076596698719244,4979.0,C_GB_SLOW,results/jerky_area_loss_discriminating_20260822/20260823T102804Z-2ab688a139/C_GB_SLOW-T900-s5101
53.599999999999035,1340,127,1.8440629119885323,1.83355215260663,2.0814337003072163,4967.0,C_GB_SLOW,results/jerky_area_loss_discriminating_20260822/20260823T102804Z-2ab688a139/C_GB_SLOW-T900-s5101
54.39999999999902,1360,126,1.8452936688094899,1.8356830314083314,2.088135963416344,4959.0,C_GB_SLOW,results/jerky_area_loss_discriminating_20260822/20260823T102804Z-2ab688a139/C_GB_SLOW-T900-s5101
55.199999999999,1380,126,1.850591622291298,1.831879889214481,2.06939862610861,4949.0,C_GB_SLOW,results/jerky_area_loss_discriminating_20260822/20260823T102804Z-2ab688a139/C_GB_SLOW-T900-s5101
55.999999999998984,1400,126,1.8438806288603624,1.8220975536611845,2.060237843324053,4922.0,C_GB_SLOW,results/jerky_area_loss_discriminating_20260822/20260823T102804Z-2ab688a139/C_GB_SLOW-T900-s5101
0.0,0,190,1.7920895484123613,1.7854416702856883,1.956505991785691,6086.0,GS_PACKET_05,results/jerky_area_loss_discriminating_20260822/20260823T102804Z-2ab688a139/GS_PACKET_05-T900-s5101
0.8000000000000002,20,189,1.7959563748634164,1.791339678630056,1.9602691216151165,6052.0,GS_PACKET_05,results/jerky_area_loss_discriminating_20260822/20260823T102804Z-2ab688a139/GS_PACKET_05-T900-s5101
1.6000000000000008,40,187,1.7977423052494155,1.784983900215257,1.9612078053225317,6023.0,GS_PACKET_05,results/jerky_area_loss_discriminating_20260822/20260823T102804Z-2ab688a139/GS_PACKET_05-T900-s5101
2.4000000000000012,60,185,1.7992109726229415,1.7815483552302083,1.973200352732138,6006.0,GS_PACKET_05,results/jerky_area_loss_discriminating_20260822/20260823T102804Z-2ab688a139/GS_PACKET_05-T900-s5101
3.200000000000002,80,182,1.7963101848067384,1.7904931097838226,1.9695001495536382,5981.0,GS_PACKET_05,results/jerky_area_loss_discriminating_20260822/20260823T102804Z-2ab688a139/GS_PACKET_05-T900-s5101
4.000000000000003,100,181,1.7894408168770934,1.784394106490155,1.9398450310186084,5952.0,GS_PACKET_05,results/jerky_area_loss_discriminating_20260822/20260823T102804Z-2ab688a139/GS_PACKET_05-T900-s5101
4.800000000000003,120,178,1.7863329752655173,1.7848206643761884,1.9503368541314776,5930.0,GS_PACKET_05,results/jerky_area_loss_discriminating_20260822/20260823T102804Z-2ab688a139/GS_PACKET_05-T900-s5101
5.600000000000004,140,178,1.7896298502406114,1.7883691187735136,1.9459716156467828,5911.0,GS_PACKET_05,results/jerky_area_loss_discriminating_20260822/20260823T102804Z-2ab688a139/GS_PACKET_05-T900-s5101
6.400000000000005,160,177,1.789797922151965,1.7756956460666007,1.958730333192903,5880.0,GS_PACKET_05,results/jerky_area_loss_discriminating_20260822/20260823T102804Z-2ab688a139/GS_PACKET_05-T900-s5101
7.2000000000000055,180,177,1.7954671097196404,1.781143844001102,1.9650108475242765,5869.0,GS_PACKET_05,results/jerky_area_loss_discriminating_20260822/20260823T102804Z-2ab688a139/GS_PACKET_05-T900-s5101
8.000000000000005,200,177,1.7912812757068541,1.7762828470077605,1.9441654097185739,5848.0,GS_PACKET_05,results/jerky_area_loss_discriminating_20260822/20260823T102804Z-2ab688a139/GS_PACKET_05-T900-s5101
8.799999999999988,220,177,1.7930990957663415,1.7713580689159039,1.965050290740412,5825.0,GS_PACKET_05,results/jerky_area_loss_discriminating_20260822/20260823T102804Z-2ab688a139/GS_PACKET_05-T900-s5101
9.599999999999971,240,176,1.7902844308040216,1.7690684059060673,1.978463712800191,5808.0,GS_PACKET_05,results/jerky_area_loss_discriminating_20260822/20260823T102804Z-2ab688a139/GS_PACKET_05-T900-s5101
10.399999999999954,260,176,1.790327269808766,1.7714637144141396,1.9661641076117329,5794.0,GS_PACKET_05,results/jerky_area_loss_discriminating_20260822/20260823T102804Z-2ab688a139/GS_PACKET_05-T900-s5101
11.199999999999937,280,176,1.7803151073630696,1.7592849972415017,1.944091968150663,5770.0,GS_PACKET_05,results/jerky_area_loss_discriminating_20260822/20260823T102804Z-2ab688a139/GS_PACKET_05-T900-s5101
11.99999999999992,300,175,1.778318291039008,1.750065197532568,1.9388961999361778,5761.0,GS_PACKET_05,results/jerky_area_loss_discriminating_20260822/20260823T102804Z-2ab688a139/GS_PACKET_05-T900-s5101
12.799999999999903,320,175,1.7727621652424088,1.7494104313840855,1.9366682013310346,5746.0,GS_PACKET_05,results/jerky_area_loss_discriminating_20260822/20260823T102804Z-2ab688a139/GS_PACKET_05-T900-s5101
13.599999999999886,340,175,1.77600786706131,1.750704374010849,1.9383696816691922,5743.0,GS_PACKET_05,results/jerky_area_loss_discriminating_20260822/20260823T102804Z-2ab688a139/GS_PACKET_05-T900-s5101
14.399999999999869,360,175,1.7735019907982166,1.7643873781680703,1.9292404540450958,5732.0,GS_PACKET_05,results/jerky_area_loss_discriminating_20260822/20260823T102804Z-2ab688a139/GS_PACKET_05-T900-s5101
15.199999999999852,380,174,1.7736876940500879,1.7670708326605407,1.927246411920048,5728.0,GS_PACKET_05,results/jerky_area_loss_discriminating_20260822/20260823T102804Z-2ab688a139/GS_PACKET_05-T900-s5101
15.999999999999835,400,173,1.785435849702782,1.7728385051693243,1.9347387105056153,5726.0,GS_PACKET_05,results/jerky_area_loss_discriminating_20260822/20260823T102804Z-2ab688a139/GS_PACKET_05-T900-s5101
16.79999999999982,420,171,1.7816408234696308,1.774549888132631,1.9281691778124312,5715.0,GS_PACKET_05,results/jerky_area_loss_discriminating_20260822/20260823T102804Z-2ab688a139/GS_PACKET_05-T900-s5101
17.599999999999802,440,172,1.77584951109465,1.7708274127925827,1.9251916202185795,5702.0,GS_PACKET_05,results/jerky_area_loss_discriminating_20260822/20260823T102804Z-2ab688a139/GS_PACKET_05-T900-s5101
18.399999999999785,460,170,1.780112027921622,1.7728385051693243,1.9239149834126712,5692.0,GS_PACKET_05,results/jerky_area_loss_discriminating_20260822/20260823T102804Z-2ab688a139/GS_PACKET_05-T900-s5101
19.19999999999977,480,170,1.783084845927094,1.7781448814404859,1.9232239719130635,5684.0,GS_PACKET_05,results/jerky_area_loss_discriminating_20260822/20260823T102804Z-2ab688a139/GS_PACKET_05-T900-s5101
19.99999999999975,500,169,1.7778471412613581,1.7756956460666007,1.9215551273600655,5656.0,GS_PACKET_05,results/jerky_area_loss_discriminating_20260822/20260823T102804Z-2ab688a139/GS_PACKET_05-T900-s5101
20.799999999999734,520,168,1.7795782311118165,1.787333501437745,1.9165176494503038,5647.0,GS_PACKET_05,results/jerky_area_loss_discriminating_20260822/20260823T102804Z-2ab688a139/GS_PACKET_05-T900-s5101
21.599999999999717,540,168,1.7745980964063777,1.7713580689159039,1.9281621355583123,5632.0,GS_PACKET_05,results/jerky_area_loss_discriminating_20260822/20260823T102804Z-2ab688a139/GS_PACKET_05-T900-s5101
22.3999999999997,560,167,1.7735530584213808,1.7825353626292277,1.9063544425057706,5612.0,GS_PACKET_05,results/jerky_area_loss_discriminating_20260822/20260823T102804Z-2ab688a139/GS_PACKET_05-T900-s5101
23.199999999999683,580,164,1.7748603537795775,1.7815530913501652,1.917261487795902,5597.0,GS_PACKET_05,results/jerky_area_loss_discriminating_20260822/20260823T102804Z-2ab688a139/GS_PACKET_05-T900-s5101
23.999999999999666,600,163,1.7700107098234232,1.7659658069100714,1.9176866602852385,5580.0,GS_PACKET_05,results/jerky_area_loss_discriminating_20260822/20260823T102804Z-2ab688a139/GS_PACKET_05-T900-s5101
24.79999999999965,620,163,1.773210637094356,1.768388256576615,1.9296043150729152,5579.0,GS_PACKET_05,results/jerky_area_loss_discriminating_20260822/20260823T102804Z-2ab688a139/GS_PACKET_05-T900-s5101
25.599999999999632,640,162,1.7707555760274691,1.7663120112551283,1.9297376364091356,5572.0,GS_PACKET_05,results/jerky_area_loss_discriminating_20260822/20260823T102804Z-2ab688a139/GS_PACKET_05-T900-s5101
26.399999999999615,660,162,1.7717122098859572,1.7692487059453574,1.9342616402457276,5566.0,GS_PACKET_05,results/jerky_area_loss_discriminating_20260822/20260823T102804Z-2ab688a139/GS_PACKET_05-T900-s5101
27.199999999999598,680,162,1.775119464632143,1.7706703855683787,1.9482302933251867,5564.0,GS_PACKET_05,results/jerky_area_loss_discriminating_20260822/20260823T102804Z-2ab688a139/GS_PACKET_05-T900-s5101
27.99999999999958,700,162,1.781094656595177,1.775776616996252,1.9499489760874464,5560.0,GS_PACKET_05,results/jerky_area_loss_discriminating_20260822/20260823T102804Z-2ab688a139/GS_PACKET_05-T900-s5101
28.799999999999564,720,162,1.7792657694217437,1.7741689913084553,1.946645151021812,5541.0,GS_PACKET_05,results/jerky_area_loss_discriminating_20260822/20260823T102804Z-2ab688a139/GS_PACKET_05-T900-s5101
29.599999999999547,740,162,1.7763430820365425,1.7709012205414987,1.9408957432369154,5534.0,GS_PACKET_05,results/jerky_area_loss_discriminating_20260822/20260823T102804Z-2ab688a139/GS_PACKET_05-T900-s5101
30.39999999999953,760,161,1.7719831429098056,1.7612744366450355,1.9337325585665286,5520.0,GS_PACKET_05,results/jerky_area_loss_discriminating_20260822/20260823T102804Z-2ab688a139/GS_PACKET_05-T900-s5101
31.199999999999513,780,160,1.7699769794767075,1.7601559219945377,1.9088736396915007,5506.0,GS_PACKET_05,results/jerky_area_loss_discriminating_20260822/20260823T102804Z-2ab688a139/GS_PACKET_05-T900-s5101
31.999999999999496,800,160,1.7708237586557718,1.7566919245778454,1.9106836255729411,5497.0,GS_PACKET_05,results/jerky_area_loss_discriminating_20260822/20260823T102804Z-2ab688a139/GS_PACKET_05-T900-s5101
32.79999999999948,820,160,1.7675902306572169,1.7561479000078069,1.9138610371566285,5486.0,GS_PACKET_05,results/jerky_area_loss_discriminating_20260822/20260823T102804Z-2ab688a139/GS_PACKET_05-T900-s5101
33.59999999999946,840,159,1.7701618673649042,1.7574292307612105,1.9266047884790605,5483.0,GS_PACKET_05,results/jerky_area_loss_discriminating_20260822/20260823T102804Z-2ab688a139/GS_PACKET_05-T900-s5101
34.399999999999444,860,158,1.7760232411780383,1.763707140127345,1.9304636656738416,5483.0,GS_PACKET_05,results/jerky_area_loss_discriminating_20260822/20260823T102804Z-2ab688a139/GS_PACKET_05-T900-s5101
35.19999999999943,880,157,1.7823547088394047,1.7762828470077605,1.9373343513171082,5474.0,GS_PACKET_05,results/jerky_area_loss_discriminating_20260822/20260823T102804Z-2ab688a139/GS_PACKET_05-T900-s5101
35.99999999999941,900,157,1.7818282923470643,1.7781448814404859,1.9292597076758358,5467.0,GS_PACKET_05,results/jerky_area_loss_discriminating_20260822/20260823T102804Z-2ab688a139/GS_PACKET_05-T900-s5101
36.79999999999939,920,156,1.7774448769539646,1.7748618207301543,1.9095718855749724,5459.0,GS_PACKET_05,results/jerky_area_loss_discriminating_20260822/20260823T102804Z-2ab688a139/GS_PACKET_05-T900-s5101
37.599999999999376,940,156,1.7798994545094273,1.7748618207301543,1.9280597091097875,5458.0,GS_PACKET_05,results/jerky_area_loss_discriminating_20260822/20260823T102804Z-2ab688a139/GS_PACKET_05-T900-s5101
38.39999999999936,960,156,1.7819229129214231,1.780805704031917,1.9386761491015791,5451.0,GS_PACKET_05,results/jerky_area_loss_discriminating_20260822/20260823T102804Z-2ab688a139/GS_PACKET_05-T900-s5101
39.19999999999934,980,155,1.784854776338559,1.7865289183968474,1.9351184517991802,5441.0,GS_PACKET_05,results/jerky_area_loss_discriminating_20260822/20260823T102804Z-2ab688a139/GS_PACKET_05-T900-s5101
39.999999999999325,1000,155,1.7859191792928928,1.7800630528336256,1.9244233830315005,5426.0,GS_PACKET_05,results/jerky_area_loss_discriminating_20260822/20260823T102804Z-2ab688a139/GS_PACKET_05-T900-s5101
40.79999999999931,1020,155,1.7830945858461247,1.7714637144141396,1.9458332481162561,5411.0,GS_PACKET_05,results/jerky_area_loss_discriminating_20260822/20260823T102804Z-2ab688a139/GS_PACKET_05-T900-s5101
41.59999999999929,1040,155,1.784977127711633,1.778637690553508,1.9251160942922512,5407.0,GS_PACKET_05,results/jerky_area_loss_discriminating_20260822/20260823T102804Z-2ab688a139/GS_PACKET_05-T900-s5101
42.399999999999274,1060,155,1.7809023788040195,1.7783263062829957,1.9169600761022285,5397.0,GS_PACKET_05,results/jerky_area_loss_discriminating_20260822/20260823T102804Z-2ab688a139/GS_PACKET_05-T900-s5101
43.19999999999926,1080,155,1.7798348464909446,1.776894427937363,1.9453714404593028,5391.0,GS_PACKET_05,results/jerky_area_loss_discriminating_20260822/20260823T102804Z-2ab688a139/GS_PACKET_05-T900-s5101
43.99999999999924,1100,154,1.7808023199078893,1.7860341951820478,1.9391498042820976,5389.0,GS_PACKET_05,results/jerky_area_loss_discriminating_20260822/20260823T102804Z-2ab688a139/GS_PACKET_05-T900-s5101
44.79999999999922,1120,153,1.783836441306498,1.7865289183968474,1.9474762246909718,5382.0,GS_PACKET_05,results/jerky_area_loss_discriminating_20260822/20260823T102804Z-2ab688a139/GS_PACKET_05-T900-s5101
45.599999999999206,1140,153,1.7896555280238435,1.7865289183968474,1.9571496998917388,5383.0,GS_PACKET_05,results/jerky_area_loss_discriminating_20260822/20260823T102804Z-2ab688a139/GS_PACKET_05-T900-s5101
46.39999999999919,1160,153,1.7891185277899633,1.781143844001102,1.9502721899074509,5379.0,GS_PACKET_05,results/jerky_area_loss_discriminating_20260822/20260823T102804Z-2ab688a139/GS_PACKET_05-T900-s5101
47.19999999999917,1180,153,1.7863586545679349,1.7783263062829957,1.9416281586555253,5370.0,GS_PACKET_05,results/jerky_area_loss_discriminating_20260822/20260823T102804Z-2ab688a139/GS_PACKET_05-T900-s5101
47.999999999999154,1200,152,1.7779786555752062,1.7782355938617407,1.9233353897841836,5361.0,GS_PACKET_05,results/jerky_area_loss_discriminating_20260822/20260823T102804Z-2ab688a139/GS_PACKET_05-T900-s5101
48.79999999999914,1220,152,1.7789059210260163,1.7782355938617407,1.9159836617266235,5356.0,GS_PACKET_05,results/jerky_area_loss_discriminating_20260822/20260823T102804Z-2ab688a139/GS_PACKET_05-T900-s5101
49.59999999999912,1240,152,1.7831419559084705,1.7791435518281626,1.924563935132571,5354.0,GS_PACKET_05,results/jerky_area_loss_discriminating_20260822/20260823T102804Z-2ab688a139/GS_PACKET_05-T900-s5101
50.3999999999991,1260,152,1.7819878878363113,1.7907117292111465,1.9204010453736298,5351.0,GS_PACKET_05,results/jerky_area_loss_discriminating_20260822/20260823T102804Z-2ab688a139/GS_PACKET_05-T900-s5101
51.199999999999086,1280,152,1.7881593696280622,1.7916078719087363,1.9354723553128605,5349.0,GS_PACKET_05,results/jerky_area_loss_discriminating_20260822/20260823T102804Z-2ab688a139/GS_PACKET_05-T900-s5101
51.99999999999907,1300,152,1.7882935681926373,1.7887698993294214,1.9461555175081104,5344.0,GS_PACKET_05,results/jerky_area_loss_discriminating_20260822/20260823T102804Z-2ab688a139/GS_PACKET_05-T900-s5101
52.79999999999905,1320,152,1.792232303503227,1.7865289183968474,1.9355854640449468,5344.0,GS_PACKET_05,results/jerky_area_loss_discriminating_20260822/20260823T102804Z-2ab688a139/GS_PACKET_05-T900-s5101
53.599999999999035,1340,152,1.7927609563771754,1.7961956017919,1.9352783614410831,5339.0,GS_PACKET_05,results/jerky_area_loss_discriminating_20260822/20260823T102804Z-2ab688a139/GS_PACKET_05-T900-s5101
54.39999999999902,1360,151,1.7953856241463855,1.7969106478117216,1.9565261931953348,5334.0,GS_PACKET_05,results/jerky_area_loss_discriminating_20260822/20260823T102804Z-2ab688a139/GS_PACKET_05-T900-s5101
55.199999999999,1380,150,1.7894747239343083,1.791174388929437,1.965020855917872,5325.0,GS_PACKET_05,results/jerky_area_loss_discriminating_20260822/20260823T102804Z-2ab688a139/GS_PACKET_05-T900-s5101
55.999999999998984,1400,149,1.7871992550002125,1.7904931097838226,1.9584150624528136,5324.0,GS_PACKET_05,results/jerky_area_loss_discriminating_20260822/20260823T102804Z-2ab688a139/GS_PACKET_05-T900-s5101
0.0,0,190,1.7920895484123613,1.7854416702856883,1.956505991785691,6086.0,GS_PACKET_2,results/jerky_area_loss_discriminating_20260822/20260823T102804Z-2ab688a139/GS_PACKET_2-T900-s5101
0.8000000000000002,20,189,1.7959563748634164,1.791339678630056,1.9602691216151165,6052.0,GS_PACKET_2,results/jerky_area_loss_discriminating_20260822/20260823T102804Z-2ab688a139/GS_PACKET_2-T900-s5101
1.6000000000000008,40,187,1.7977423052494155,1.784983900215257,1.9612078053225317,6023.0,GS_PACKET_2,results/jerky_area_loss_discriminating_20260822/20260823T102804Z-2ab688a139/GS_PACKET_2-T900-s5101
2.4000000000000012,60,185,1.7992109726229415,1.7815483552302083,1.973200352732138,6006.0,GS_PACKET_2,results/jerky_area_loss_discriminating_20260822/20260823T102804Z-2ab688a139/GS_PACKET_2-T900-s5101
3.200000000000002,80,182,1.7962728811264366,1.7904931097838226,1.9695001495536382,5981.0,GS_PACKET_2,results/jerky_area_loss_discriminating_20260822/20260823T102804Z-2ab688a139/GS_PACKET_2-T900-s5101
4.000000000000003,100,181,1.7894408168770934,1.784394106490155,1.9398450310186084,5952.0,GS_PACKET_2,results/jerky_area_loss_discriminating_20260822/20260823T102804Z-2ab688a139/GS_PACKET_2-T900-s5101
4.800000000000003,120,178,1.7872712759596001,1.7848206643761884,1.9503368541314776,5932.0,GS_PACKET_2,results/jerky_area_loss_discriminating_20260822/20260823T102804Z-2ab688a139/GS_PACKET_2-T900-s5101
5.600000000000004,140,178,1.7902632160236347,1.7883691187735136,1.9459716156467828,5911.0,GS_PACKET_2,results/jerky_area_loss_discriminating_20260822/20260823T102804Z-2ab688a139/GS_PACKET_2-T900-s5101
6.400000000000005,160,177,1.7903324406813586,1.7862438273226313,1.958730333192903,5881.0,GS_PACKET_2,results/jerky_area_loss_discriminating_20260822/20260823T102804Z-2ab688a139/GS_PACKET_2-T900-s5101
7.2000000000000055,180,177,1.7963917095022244,1.784983900215257,1.9650108475242765,5870.0,GS_PACKET_2,results/jerky_area_loss_discriminating_20260822/20260823T102804Z-2ab688a139/GS_PACKET_2-T900-s5101
8.000000000000005,200,177,1.790805692346042,1.7762828470077605,1.9441654097185739,5846.0,GS_PACKET_2,results/jerky_area_loss_discriminating_20260822/20260823T102804Z-2ab688a139/GS_PACKET_2-T900-s5101
8.799999999999988,220,177,1.792933586857742,1.7713580689159039,1.9603601484339637,5829.0,GS_PACKET_2,results/jerky_area_loss_discriminating_20260822/20260823T102804Z-2ab688a139/GS_PACKET_2-T900-s5101
9.599999999999971,240,176,1.7902729002394389,1.7690684059060673,1.978463712800191,5808.0,GS_PACKET_2,results/jerky_area_loss_discriminating_20260822/20260823T102804Z-2ab688a139/GS_PACKET_2-T900-s5101
10.399999999999954,260,176,1.7898593397325564,1.7714637144141396,1.9674328515159671,5793.0,GS_PACKET_2,results/jerky_area_loss_discriminating_20260822/20260823T102804Z-2ab688a139/GS_PACKET_2-T900-s5101
11.199999999999937,280,176,1.779332149553519,1.7560562391746783,1.9446997075638506,5769.0,GS_PACKET_2,results/jerky_area_loss_discriminating_20260822/20260823T102804Z-2ab688a139/GS_PACKET_2-T900-s5101
11.99999999999992,300,175,1.778147031418572,1.7494104313840855,1.9405294541196425,5761.0,GS_PACKET_2,results/jerky_area_loss_discriminating_20260822/20260823T102804Z-2ab688a139/GS_PACKET_2-T900-s5101
12.799999999999903,320,175,1.773061493165425,1.7494104313840855,1.9366682013310346,5746.0,GS_PACKET_2,results/jerky_area_loss_discriminating_20260822/20260823T102804Z-2ab688a139/GS_PACKET_2-T900-s5101
13.599999999999886,340,175,1.7747150145992763,1.7496641456246271,1.9383696816691922,5742.0,GS_PACKET_2,results/jerky_area_loss_discriminating_20260822/20260823T102804Z-2ab688a139/GS_PACKET_2-T900-s5101
14.399999999999869,360,175,1.7733428884089932,1.7643873781680703,1.9310688891079544,5732.0,GS_PACKET_2,results/jerky_area_loss_discriminating_20260822/20260823T102804Z-2ab688a139/GS_PACKET_2-T900-s5101
15.199999999999852,380,174,1.7744854354512383,1.7670708326605407,1.930718959476247,5727.0,GS_PACKET_2,results/jerky_area_loss_discriminating_20260822/20260823T102804Z-2ab688a139/GS_PACKET_2-T900-s5101
15.999999999999835,400,172,1.784904821462413,1.772151109791732,1.9351045839380103,5729.0,GS_PACKET_2,results/jerky_area_loss_discriminating_20260822/20260823T102804Z-2ab688a139/GS_PACKET_2-T900-s5101
16.79999999999982,420,171,1.781175204200812,1.7728385051693243,1.9277084695990314,5712.0,GS_PACKET_2,results/jerky_area_loss_discriminating_20260822/20260823T102804Z-2ab688a139/GS_PACKET_2-T900-s5101
17.599999999999802,440,172,1.7780063873843603,1.7703603403256953,1.9275284781452873,5700.0,GS_PACKET_2,results/jerky_area_loss_discriminating_20260822/20260823T102804Z-2ab688a139/GS_PACKET_2-T900-s5101
18.399999999999785,460,170,1.7817607150278247,1.7769487385484746,1.926028041921442,5694.0,GS_PACKET_2,results/jerky_area_loss_discriminating_20260822/20260823T102804Z-2ab688a139/GS_PACKET_2-T900-s5101
19.19999999999977,480,169,1.7799640123898597,1.7781448814404859,1.9143731920818914,5678.0,GS_PACKET_2,results/jerky_area_loss_discriminating_20260822/20260823T102804Z-2ab688a139/GS_PACKET_2-T900-s5101
19.99999999999975,500,169,1.7788028692573787,1.7776146300891886,1.9212415215608698,5655.0,GS_PACKET_2,results/jerky_area_loss_discriminating_20260822/20260823T102804Z-2ab688a139/GS_PACKET_2-T900-s5101
20.799999999999734,520,168,1.7777087387407033,1.7797636832532961,1.9187941666234283,5645.0,GS_PACKET_2,results/jerky_area_loss_discriminating_20260822/20260823T102804Z-2ab688a139/GS_PACKET_2-T900-s5101
21.599999999999717,540,168,1.776570794077995,1.7743845834950638,1.927019777012624,5626.0,GS_PACKET_2,results/jerky_area_loss_discriminating_20260822/20260823T102804Z-2ab688a139/GS_PACKET_2-T900-s5101
22.3999999999997,560,166,1.775181093339689,1.7835963955831737,1.9054181391392955,5609.0,GS_PACKET_2,results/jerky_area_loss_discriminating_20260822/20260823T102804Z-2ab688a139/GS_PACKET_2-T900-s5101
23.199999999999683,580,163,1.77339510593754,1.7690684059060673,1.9388294732651734,5593.0,GS_PACKET_2,results/jerky_area_loss_discriminating_20260822/20260823T102804Z-2ab688a139/GS_PACKET_2-T900-s5101
23.999999999999666,600,163,1.7714389324899742,1.768388256576615,1.9275540005508425,5582.0,GS_PACKET_2,results/jerky_area_loss_discriminating_20260822/20260823T102804Z-2ab688a139/GS_PACKET_2-T900-s5101
24.79999999999965,620,163,1.7727192088084667,1.7629470619409944,1.9333627709907815,5577.0,GS_PACKET_2,results/jerky_area_loss_discriminating_20260822/20260823T102804Z-2ab688a139/GS_PACKET_2-T900-s5101
25.599999999999632,640,162,1.7704786080073034,1.7624198648530935,1.92866527180851,5565.0,GS_PACKET_2,results/jerky_area_loss_discriminating_20260822/20260823T102804Z-2ab688a139/GS_PACKET_2-T900-s5101
26.399999999999615,660,162,1.7710771456656251,1.770988536379157,1.9345345020782319,5562.0,GS_PACKET_2,results/jerky_area_loss_discriminating_20260822/20260823T102804Z-2ab688a139/GS_PACKET_2-T900-s5101
27.199999999999598,680,162,1.7765858165319701,1.7729240576243277,1.9345345020782319,5561.0,GS_PACKET_2,results/jerky_area_loss_discriminating_20260822/20260823T102804Z-2ab688a139/GS_PACKET_2-T900-s5101
27.99999999999958,700,162,1.7819894219324348,1.7746857281366757,1.939832964332928,5556.0,GS_PACKET_2,results/jerky_area_loss_discriminating_20260822/20260823T102804Z-2ab688a139/GS_PACKET_2-T900-s5101
28.799999999999564,720,161,1.7769075480266416,1.7705133583441748,1.9541086734780693,5539.0,GS_PACKET_2,results/jerky_area_loss_discriminating_20260822/20260823T102804Z-2ab688a139/GS_PACKET_2-T900-s5101
29.599999999999547,740,160,1.7717050399045895,1.769790882125121,1.9188334920692138,5525.0,GS_PACKET_2,results/jerky_area_loss_discriminating_20260822/20260823T102804Z-2ab688a139/GS_PACKET_2-T900-s5101
30.39999999999953,760,160,1.768815756189878,1.7555276206811263,1.9051133012112487,5511.0,GS_PACKET_2,results/jerky_area_loss_discriminating_20260822/20260823T102804Z-2ab688a139/GS_PACKET_2-T900-s5101
31.199999999999513,780,160,1.7730330789397304,1.7559424234125889,1.9313322080355295,5498.0,GS_PACKET_2,results/jerky_area_loss_discriminating_20260822/20260823T102804Z-2ab688a139/GS_PACKET_2-T900-s5101
31.999999999999496,800,160,1.7649382883289455,1.7549011349797177,1.9138134771795614,5482.0,GS_PACKET_2,results/jerky_area_loss_discriminating_20260822/20260823T102804Z-2ab688a139/GS_PACKET_2-T900-s5101
32.79999999999948,820,158,1.7656039067829352,1.7559481796386176,1.9110455651257894,5472.0,GS_PACKET_2,results/jerky_area_loss_discriminating_20260822/20260823T102804Z-2ab688a139/GS_PACKET_2-T900-s5101
33.59999999999946,840,158,1.7778042537498648,1.7637498611495286,1.9458943985575128,5478.0,GS_PACKET_2,results/jerky_area_loss_discriminating_20260822/20260823T102804Z-2ab688a139/GS_PACKET_2-T900-s5101
34.399999999999444,860,158,1.7860688876682913,1.7719735929503608,1.9491857749372579,5482.0,GS_PACKET_2,results/jerky_area_loss_discriminating_20260822/20260823T102804Z-2ab688a139/GS_PACKET_2-T900-s5101
35.19999999999943,880,157,1.7832134686526637,1.7762828470077605,1.936585742006785,5465.0,GS_PACKET_2,results/jerky_area_loss_discriminating_20260822/20260823T102804Z-2ab688a139/GS_PACKET_2-T900-s5101
35.99999999999941,900,157,1.7855696905505296,1.7746697901520996,1.9292597076758358,5456.0,GS_PACKET_2,results/jerky_area_loss_discriminating_20260822/20260823T102804Z-2ab688a139/GS_PACKET_2-T900-s5101
36.79999999999939,920,155,1.7851432176841597,1.776894427937363,1.930668402315265,5451.0,GS_PACKET_2,results/jerky_area_loss_discriminating_20260822/20260823T102804Z-2ab688a139/GS_PACKET_2-T900-s5101
37.599999999999376,940,155,1.7818751652315188,1.7757529728025514,1.921837135980668,5440.0,GS_PACKET_2,results/jerky_area_loss_discriminating_20260822/20260823T102804Z-2ab688a139/GS_PACKET_2-T900-s5101
38.39999999999936,960,155,1.7806200012052296,1.7714637144141396,1.9379115328676926,5423.0,GS_PACKET_2,results/jerky_area_loss_discriminating_20260822/20260823T102804Z-2ab688a139/GS_PACKET_2-T900-s5101
39.19999999999934,980,155,1.7843275394505678,1.781143844001102,1.930556617085797,5420.0,GS_PACKET_2,results/jerky_area_loss_discriminating_20260822/20260823T102804Z-2ab688a139/GS_PACKET_2-T900-s5101
39.999999999999325,1000,155,1.785505311029794,1.781143844001102,1.930972830898389,5405.0,GS_PACKET_2,results/jerky_area_loss_discriminating_20260822/20260823T102804Z-2ab688a139/GS_PACKET_2-T900-s5101
40.79999999999931,1020,154,1.7866501074479726,1.7835355166431932,1.927498818993202,5395.0,GS_PACKET_2,results/jerky_area_loss_discriminating_20260822/20260823T102804Z-2ab688a139/GS_PACKET_2-T900-s5101
41.59999999999929,1040,154,1.7893168007650901,1.7936740903456192,1.9391498042820976,5391.0,GS_PACKET_2,results/jerky_area_loss_discriminating_20260822/20260823T102804Z-2ab688a139/GS_PACKET_2-T900-s5101
42.399999999999274,1060,154,1.7881356436817428,1.788630453775121,1.9452128497332175,5387.0,GS_PACKET_2,results/jerky_area_loss_discriminating_20260822/20260823T102804Z-2ab688a139/GS_PACKET_2-T900-s5101
43.19999999999926,1080,154,1.7847450944016587,1.7834529438640794,1.9350826135016173,5381.0,GS_PACKET_2,results/jerky_area_loss_discriminating_20260822/20260823T102804Z-2ab688a139/GS_PACKET_2-T900-s5101
43.99999999999924,1100,153,1.787065743644455,1.781143844001102,1.9431014419043628,5377.0,GS_PACKET_2,results/jerky_area_loss_discriminating_20260822/20260823T102804Z-2ab688a139/GS_PACKET_2-T900-s5101
44.79999999999922,1120,153,1.7888645415233264,1.7802566341375319,1.9311845498914524,5374.0,GS_PACKET_2,results/jerky_area_loss_discriminating_20260822/20260823T102804Z-2ab688a139/GS_PACKET_2-T900-s5101
45.599999999999206,1140,153,1.7911082588462248,1.7931456921686877,1.9458804569634218,5370.0,GS_PACKET_2,results/jerky_area_loss_discriminating_20260822/20260823T102804Z-2ab688a139/GS_PACKET_2-T900-s5101
46.39999999999919,1160,152,1.790729594203761,1.7797350751420489,1.9393964464503048,5366.0,GS_PACKET_2,results/jerky_area_loss_discriminating_20260822/20260823T102804Z-2ab688a139/GS_PACKET_2-T900-s5101
47.19999999999917,1180,152,1.7853400327754296,1.7769487385484746,1.9461249077849763,5357.0,GS_PACKET_2,results/jerky_area_loss_discriminating_20260822/20260823T102804Z-2ab688a139/GS_PACKET_2-T900-s5101
47.999999999999154,1200,152,1.7833342809327775,1.7779704681860922,1.9361788454077014,5351.0,GS_PACKET_2,results/jerky_area_loss_discriminating_20260822/20260823T102804Z-2ab688a139/GS_PACKET_2-T900-s5101
48.79999999999914,1220,151,1.7881830098817606,1.7783263062829957,1.9504946217219512,5351.0,GS_PACKET_2,results/jerky_area_loss_discriminating_20260822/20260823T102804Z-2ab688a139/GS_PACKET_2-T900-s5101
49.59999999999912,1240,151,1.7936729061903984,1.7806008826579451,1.9714676821705748,5357.0,GS_PACKET_2,results/jerky_area_loss_discriminating_20260822/20260823T102804Z-2ab688a139/GS_PACKET_2-T900-s5101
50.3999999999991,1260,151,1.7990746205312353,1.78866793841809,1.9546343650314102,5352.0,GS_PACKET_2,results/jerky_area_loss_discriminating_20260822/20260823T102804Z-2ab688a139/GS_PACKET_2-T900-s5101
51.199999999999086,1280,151,1.7996559296313817,1.7904931097838226,1.9644267261628223,5349.0,GS_PACKET_2,results/jerky_area_loss_discriminating_20260822/20260823T102804Z-2ab688a139/GS_PACKET_2-T900-s5101
51.99999999999907,1300,151,1.798937647317069,1.7939253649463476,1.9644267261628223,5344.0,GS_PACKET_2,results/jerky_area_loss_discriminating_20260822/20260823T102804Z-2ab688a139/GS_PACKET_2-T900-s5101
52.79999999999905,1320,151,1.8030546961576046,1.7939253649463476,1.9738258971014004,5347.0,GS_PACKET_2,results/jerky_area_loss_discriminating_20260822/20260823T102804Z-2ab688a139/GS_PACKET_2-T900-s5101
53.599999999999035,1340,150,1.7975683993934684,1.793610249188077,1.9685244146462744,5332.0,GS_PACKET_2,results/jerky_area_loss_discriminating_20260822/20260823T102804Z-2ab688a139/GS_PACKET_2-T900-s5101
54.39999999999902,1360,150,1.7946641694153906,1.7945381540713716,1.9588308618291306,5325.0,GS_PACKET_2,results/jerky_area_loss_discriminating_20260822/20260823T102804Z-2ab688a139/GS_PACKET_2-T900-s5101
55.199999999999,1380,150,1.7890138843913792,1.7792123772408008,1.9584150624528136,5310.0,GS_PACKET_2,results/jerky_area_loss_discriminating_20260822/20260823T102804Z-2ab688a139/GS_PACKET_2-T900-s5101
55.999999999998984,1400,150,1.7878590476222556,1.7861856983633428,1.9579759278049451,5303.0,GS_PACKET_2,results/jerky_area_loss_discriminating_20260822/20260823T102804Z-2ab688a139/GS_PACKET_2-T900-s5101
0.0,0,190,1.7920895484123613,1.7854416702856883,1.956505991785691,6086.0,G_HIGH,results/jerky_area_loss_discriminating_20260822/20260823T102804Z-2ab688a139/G_HIGH-T900-s5101
0.8000000000000002,20,188,1.7963780784733019,1.7913790539252297,1.9706337458055954,6053.0,G_HIGH,results/jerky_area_loss_discriminating_20260822/20260823T102804Z-2ab688a139/G_HIGH-T900-s5101
1.6000000000000008,40,186,1.795337605842801,1.784983900215257,1.9651389300528597,6020.0,G_HIGH,results/jerky_area_loss_discriminating_20260822/20260823T102804Z-2ab688a139/G_HIGH-T900-s5101
2.4000000000000012,60,185,1.7988741596993534,1.7835963955831737,1.9628700575054325,6008.0,G_HIGH,results/jerky_area_loss_discriminating_20260822/20260823T102804Z-2ab688a139/G_HIGH-T900-s5101
3.200000000000002,80,182,1.803519218406966,1.7922690896315387,1.9539676702124626,6001.0,G_HIGH,results/jerky_area_loss_discriminating_20260822/20260823T102804Z-2ab688a139/G_HIGH-T900-s5101
4.000000000000003,100,181,1.7960129077350695,1.7862438273226313,1.9579759278049451,5982.0,G_HIGH,results/jerky_area_loss_discriminating_20260822/20260823T102804Z-2ab688a139/G_HIGH-T900-s5101
4.800000000000003,120,180,1.7940492503733008,1.7815681226435864,1.984713502565113,5956.0,G_HIGH,results/jerky_area_loss_discriminating_20260822/20260823T102804Z-2ab688a139/G_HIGH-T900-s5101
5.600000000000004,140,180,1.795461031180673,1.7783951316956341,1.9754770541417601,5942.0,G_HIGH,results/jerky_area_loss_discriminating_20260822/20260823T102804Z-2ab688a139/G_HIGH-T900-s5101
6.400000000000005,160,180,1.7967394873875018,1.7832661277227326,1.9634119023620833,5914.0,G_HIGH,results/jerky_area_loss_discriminating_20260822/20260823T102804Z-2ab688a139/G_HIGH-T900-s5101
7.2000000000000055,180,179,1.7916468621206916,1.7815483552302083,1.9613420667460293,5899.0,G_HIGH,results/jerky_area_loss_discriminating_20260822/20260823T102804Z-2ab688a139/G_HIGH-T900-s5101
8.000000000000005,200,178,1.7931022464861246,1.7828841532227981,1.9458943985575128,5888.0,G_HIGH,results/jerky_area_loss_discriminating_20260822/20260823T102804Z-2ab688a139/G_HIGH-T900-s5101
8.799999999999988,220,177,1.79613955682764,1.7909303486384707,1.9499601213915843,5883.0,G_HIGH,results/jerky_area_loss_discriminating_20260822/20260823T102804Z-2ab688a139/G_HIGH-T900-s5101
9.599999999999971,240,177,1.7949282917498655,1.7909303486384707,1.9542951886741262,5868.0,G_HIGH,results/jerky_area_loss_discriminating_20260822/20260823T102804Z-2ab688a139/G_HIGH-T900-s5101
10.399999999999954,260,176,1.794502185075362,1.7849637007827175,1.9578459899077993,5837.0,G_HIGH,results/jerky_area_loss_discriminating_20260822/20260823T102804Z-2ab688a139/G_HIGH-T900-s5101
11.199999999999937,280,176,1.796603214827975,1.7791946795583107,1.956981173095101,5830.0,G_HIGH,results/jerky_area_loss_discriminating_20260822/20260823T102804Z-2ab688a139/G_HIGH-T900-s5101
11.99999999999992,300,176,1.7948687409793267,1.7800119251034774,1.982163191701958,5821.0,G_HIGH,results/jerky_area_loss_discriminating_20260822/20260823T102804Z-2ab688a139/G_HIGH-T900-s5101
12.799999999999903,320,176,1.7996102382283858,1.780357702697268,1.9819551460247138,5807.0,G_HIGH,results/jerky_area_loss_discriminating_20260822/20260823T102804Z-2ab688a139/G_HIGH-T900-s5101
13.599999999999886,340,176,1.7951402102255434,1.7781261603213483,1.964887481554595,5797.0,G_HIGH,results/jerky_area_loss_discriminating_20260822/20260823T102804Z-2ab688a139/G_HIGH-T900-s5101
14.399999999999869,360,176,1.8005510905879973,1.7847691162164825,1.9630450914498419,5786.0,G_HIGH,results/jerky_area_loss_discriminating_20260822/20260823T102804Z-2ab688a139/G_HIGH-T900-s5101
15.199999999999852,380,175,1.7933756118463742,1.784983900215257,1.950428224165384,5767.0,G_HIGH,results/jerky_area_loss_discriminating_20260822/20260823T102804Z-2ab688a139/G_HIGH-T900-s5101
15.999999999999835,400,175,1.7894692653060533,1.7714637144141396,1.9428100239709425,5751.0,G_HIGH,results/jerky_area_loss_discriminating_20260822/20260823T102804Z-2ab688a139/G_HIGH-T900-s5101
16.79999999999982,420,172,1.7943998642923549,1.7841269120601466,1.949997891342905,5749.0,G_HIGH,results/jerky_area_loss_discriminating_20260822/20260823T102804Z-2ab688a139/G_HIGH-T900-s5101
17.599999999999802,440,172,1.796435962044548,1.7841269120601466,1.949997891342905,5741.0,G_HIGH,results/jerky_area_loss_discriminating_20260822/20260823T102804Z-2ab688a139/G_HIGH-T900-s5101
18.399999999999785,460,171,1.7964559980350063,1.7914184292204034,1.9488360378599427,5732.0,G_HIGH,results/jerky_area_loss_discriminating_20260822/20260823T102804Z-2ab688a139/G_HIGH-T900-s5101
19.19999999999977,480,171,1.7958181290483188,1.7859271892852846,1.9458943985575128,5724.0,G_HIGH,results/jerky_area_loss_discriminating_20260822/20260823T102804Z-2ab688a139/G_HIGH-T900-s5101
19.99999999999975,500,170,1.8007410924724137,1.7825353626292277,1.988044545788589,5715.0,G_HIGH,results/jerky_area_loss_discriminating_20260822/20260823T102804Z-2ab688a139/G_HIGH-T900-s5101
20.799999999999734,520,169,1.7977339642779757,1.776894427937363,1.9883196468334523,5701.0,G_HIGH,results/jerky_area_loss_discriminating_20260822/20260823T102804Z-2ab688a139/G_HIGH-T900-s5101
21.599999999999717,540,168,1.7960099084147567,1.7812992077314267,1.9807894140273443,5687.0,G_HIGH,results/jerky_area_loss_discriminating_20260822/20260823T102804Z-2ab688a139/G_HIGH-T900-s5101
22.3999999999997,560,168,1.789720824832962,1.7746889497119724,1.9583762982214037,5672.0,G_HIGH,results/jerky_area_loss_discriminating_20260822/20260823T102804Z-2ab688a139/G_HIGH-T900-s5101
23.199999999999683,580,167,1.7960751883247845,1.7781448814404859,1.9656028420794383,5669.0,G_HIGH,results/jerky_area_loss_discriminating_20260822/20260823T102804Z-2ab688a139/G_HIGH-T900-s5101
23.999999999999666,600,166,1.800023929254772,1.7794497447308464,1.9747778971706977,5660.0,G_HIGH,results/jerky_area_loss_discriminating_20260822/20260823T102804Z-2ab688a139/G_HIGH-T900-s5101
24.79999999999965,620,166,1.7994379283016706,1.7858424783298386,1.9780708325342968,5655.0,G_HIGH,results/jerky_area_loss_discriminating_20260822/20260823T102804Z-2ab688a139/G_HIGH-T900-s5101
25.599999999999632,640,165,1.7957429723056184,1.7922853951790017,1.9444771370955112,5644.0,G_HIGH,results/jerky_area_loss_discriminating_20260822/20260823T102804Z-2ab688a139/G_HIGH-T900-s5101
26.399999999999615,660,163,1.7973978116841183,1.7846574285371197,1.9512796939074912,5628.0,G_HIGH,results/jerky_area_loss_discriminating_20260822/20260823T102804Z-2ab688a139/G_HIGH-T900-s5101
27.199999999999598,680,162,1.7939871647169023,1.7806181792407534,1.9627283429491051,5602.0,G_HIGH,results/jerky_area_loss_discriminating_20260822/20260823T102804Z-2ab688a139/G_HIGH-T900-s5101
27.99999999999958,700,162,1.7940174208263904,1.7986747321780605,1.952607954170213,5599.0,G_HIGH,results/jerky_area_loss_discriminating_20260822/20260823T102804Z-2ab688a139/G_HIGH-T900-s5101
28.799999999999564,720,162,1.7986497660772576,1.802202207758854,1.966850147447297,5589.0,G_HIGH,results/jerky_area_loss_discriminating_20260822/20260823T102804Z-2ab688a139/G_HIGH-T900-s5101
29.599999999999547,740,162,1.7978773577002887,1.7917308747444436,1.9682903632593745,5566.0,G_HIGH,results/jerky_area_loss_discriminating_20260822/20260823T102804Z-2ab688a139/G_HIGH-T900-s5101
30.39999999999953,760,162,1.7985123778564178,1.789109900316769,1.9663253079142284,5553.0,G_HIGH,results/jerky_area_loss_discriminating_20260822/20260823T102804Z-2ab688a139/G_HIGH-T900-s5101
31.199999999999513,780,162,1.8013384346233725,1.7909163942069393,1.9803358158465356,5544.0,G_HIGH,results/jerky_area_loss_discriminating_20260822/20260823T102804Z-2ab688a139/G_HIGH-T900-s5101
31.999999999999496,800,161,1.8044120611637022,1.7904931097838226,1.9771815312237513,5530.0,G_HIGH,results/jerky_area_loss_discriminating_20260822/20260823T102804Z-2ab688a139/G_HIGH-T900-s5101
32.79999999999948,820,161,1.804336626947781,1.7904931097838226,1.9771078846063617,5517.0,G_HIGH,results/jerky_area_loss_discriminating_20260822/20260823T102804Z-2ab688a139/G_HIGH-T900-s5101
33.59999999999946,840,160,1.799256261635697,1.7920250493405723,1.9666303021963862,5505.0,G_HIGH,results/jerky_area_loss_discriminating_20260822/20260823T102804Z-2ab688a139/G_HIGH-T900-s5101
34.399999999999444,860,160,1.802349527161594,1.7937603149164003,1.9705169537431475,5501.0,G_HIGH,results/jerky_area_loss_discriminating_20260822/20260823T102804Z-2ab688a139/G_HIGH-T900-s5101
35.19999999999943,880,157,1.8058422603992543,1.7953593580438265,1.9668162346770797,5491.0,G_HIGH,results/jerky_area_loss_discriminating_20260822/20260823T102804Z-2ab688a139/G_HIGH-T900-s5101
35.99999999999941,900,155,1.7969087528910663,1.793276683891397,1.965069963534326,5470.0,G_HIGH,results/jerky_area_loss_discriminating_20260822/20260823T102804Z-2ab688a139/G_HIGH-T900-s5101
36.79999999999939,920,155,1.7933850495347168,1.787002869803737,1.9435159636621566,5458.0,G_HIGH,results/jerky_area_loss_discriminating_20260822/20260823T102804Z-2ab688a139/G_HIGH-T900-s5101
37.599999999999376,940,154,1.7964036912525216,1.7896787204551359,1.9690388556570568,5445.0,G_HIGH,results/jerky_area_loss_discriminating_20260822/20260823T102804Z-2ab688a139/G_HIGH-T900-s5101
38.39999999999936,960,154,1.8021808728378679,1.7943716928234208,1.9453947742241244,5443.0,G_HIGH,results/jerky_area_loss_discriminating_20260822/20260823T102804Z-2ab688a139/G_HIGH-T900-s5101
39.19999999999934,980,153,1.793032473051764,1.781143844001102,1.947753351172243,5424.0,G_HIGH,results/jerky_area_loss_discriminating_20260822/20260823T102804Z-2ab688a139/G_HIGH-T900-s5101
39.999999999999325,1000,153,1.7953641988963471,1.782535362629228,1.9541059554586357,5418.0,G_HIGH,results/jerky_area_loss_discriminating_20260822/20260823T102804Z-2ab688a139/G_HIGH-T900-s5101
40.79999999999931,1020,153,1.7978895769596732,1.7846358847207962,1.9503729208840912,5413.0,G_HIGH,results/jerky_area_loss_discriminating_20260822/20260823T102804Z-2ab688a139/G_HIGH-T900-s5101
41.59999999999929,1040,153,1.8007345728648343,1.7909303486384707,1.9502721899074509,5409.0,G_HIGH,results/jerky_area_loss_discriminating_20260822/20260823T102804Z-2ab688a139/G_HIGH-T900-s5101
42.399999999999274,1060,152,1.8026541609885969,1.7920670165176251,1.9806845121224803,5397.0,G_HIGH,results/jerky_area_loss_discriminating_20260822/20260823T102804Z-2ab688a139/G_HIGH-T900-s5101
43.19999999999926,1080,152,1.81080648909216,1.7918519121997025,2.011267578879249,5388.0,G_HIGH,results/jerky_area_loss_discriminating_20260822/20260823T102804Z-2ab688a139/G_HIGH-T900-s5101
43.99999999999924,1100,152,1.8109277115021598,1.7985732583704355,2.011612582162305,5380.0,G_HIGH,results/jerky_area_loss_discriminating_20260822/20260823T102804Z-2ab688a139/G_HIGH-T900-s5101
44.79999999999922,1120,151,1.8208726868392102,1.805747236367027,1.992384102409653,5373.0,G_HIGH,results/jerky_area_loss_discriminating_20260822/20260823T102804Z-2ab688a139/G_HIGH-T900-s5101
45.599999999999206,1140,151,1.820077527212857,1.805820288155513,2.0080296558323245,5355.0,G_HIGH,results/jerky_area_loss_discriminating_20260822/20260823T102804Z-2ab688a139/G_HIGH-T900-s5101
46.39999999999919,1160,150,1.8214188454136502,1.801616438097158,2.0049957320908245,5346.0,G_HIGH,results/jerky_area_loss_discriminating_20260822/20260823T102804Z-2ab688a139/G_HIGH-T900-s5101
47.19999999999917,1180,150,1.8182447828465775,1.8075719120913805,1.9956629621299162,5327.0,G_HIGH,results/jerky_area_loss_discriminating_20260822/20260823T102804Z-2ab688a139/G_HIGH-T900-s5101
47.999999999999154,1200,146,1.8166116732874187,1.8070172157594477,1.9821509736675091,5318.0,G_HIGH,results/jerky_area_loss_discriminating_20260822/20260823T102804Z-2ab688a139/G_HIGH-T900-s5101
48.79999999999914,1220,146,1.8213510792128944,1.803221226872489,1.9927763860521293,5314.0,G_HIGH,results/jerky_area_loss_discriminating_20260822/20260823T102804Z-2ab688a139/G_HIGH-T900-s5101
49.59999999999912,1240,146,1.8149904997602102,1.7952119568008005,1.9911667336822996,5295.0,G_HIGH,results/jerky_area_loss_discriminating_20260822/20260823T102804Z-2ab688a139/G_HIGH-T900-s5101
50.3999999999991,1260,146,1.8122322541534133,1.8041108124283889,1.988466331678619,5283.0,G_HIGH,results/jerky_area_loss_discriminating_20260822/20260823T102804Z-2ab688a139/G_HIGH-T900-s5101
51.199999999999086,1280,145,1.8185744619199082,1.8128742736561203,2.0071508872885424,5276.0,G_HIGH,results/jerky_area_loss_discriminating_20260822/20260823T102804Z-2ab688a139/G_HIGH-T900-s5101
51.99999999999907,1300,145,1.8151626583065168,1.8096042348401329,2.0021986782408785,5263.0,G_HIGH,results/jerky_area_loss_discriminating_20260822/20260823T102804Z-2ab688a139/G_HIGH-T900-s5101
52.79999999999905,1320,144,1.8228406344615162,1.814700994164216,1.999528274099816,5262.0,G_HIGH,results/jerky_area_loss_discriminating_20260822/20260823T102804Z-2ab688a139/G_HIGH-T900-s5101
53.599999999999035,1340,143,1.8203101496965977,1.8133472800489019,2.000159058634235,5253.0,G_HIGH,results/jerky_area_loss_discriminating_20260822/20260823T102804Z-2ab688a139/G_HIGH-T900-s5101
54.39999999999902,1360,143,1.8215905134072028,1.8112859329942155,1.992896678715907,5244.0,G_HIGH,results/jerky_area_loss_discriminating_20260822/20260823T102804Z-2ab688a139/G_HIGH-T900-s5101
55.199999999999,1380,143,1.8226145569838785,1.8110474803964014,1.9988164190367261,5231.0,G_HIGH,results/jerky_area_loss_discriminating_20260822/20260823T102804Z-2ab688a139/G_HIGH-T900-s5101
55.999999999998984,1400,142,1.8200653773397673,1.8094723202582084,1.9925506897091856,5226.0,G_HIGH,results/jerky_area_loss_discriminating_20260822/20260823T102804Z-2ab688a139/G_HIGH-T900-s5101
0.0,0,190,1.7920895484123613,1.7854416702856883,1.956505991785691,6086.0,G_LOW,results/jerky_area_loss_discriminating_20260822/20260823T102804Z-2ab688a139/G_LOW-T900-s5101
0.8000000000000002,20,188,1.796345564261711,1.7913790539252297,1.9635336169696858,6052.0,G_LOW,results/jerky_area_loss_discriminating_20260822/20260823T102804Z-2ab688a139/G_LOW-T900-s5101
1.6000000000000008,40,186,1.7970136262868053,1.7827290432478051,1.9734590636677167,6015.0,G_LOW,results/jerky_area_loss_discriminating_20260822/20260823T102804Z-2ab688a139/G_LOW-T900-s5101
2.4000000000000012,60,182,1.7935814946879811,1.7878354041109135,1.9609914597288132,5975.0,G_LOW,results/jerky_area_loss_discriminating_20260822/20260823T102804Z-2ab688a139/G_LOW-T900-s5101
3.200000000000002,80,180,1.7904736700823958,1.786662683477605,1.9499993415757666,5948.0,G_LOW,results/jerky_area_loss_discriminating_20260822/20260823T102804Z-2ab688a139/G_LOW-T900-s5101
4.000000000000003,100,178,1.7902709905575758,1.7846574285371197,1.9509862390564234,5913.0,G_LOW,results/jerky_area_loss_discriminating_20260822/20260823T102804Z-2ab688a139/G_LOW-T900-s5101
4.800000000000003,120,177,1.7885571401238423,1.786588114495759,1.9667171576352238,5869.0,G_LOW,results/jerky_area_loss_discriminating_20260822/20260823T102804Z-2ab688a139/G_LOW-T900-s5101
5.600000000000004,140,177,1.7926694129762477,1.7862438273226313,1.95992272943172,5841.0,G_LOW,results/jerky_area_loss_discriminating_20260822/20260823T102804Z-2ab688a139/G_LOW-T900-s5101
6.400000000000005,160,177,1.780401809810767,1.7690684059060673,1.9436391417589831,5805.0,G_LOW,results/jerky_area_loss_discriminating_20260822/20260823T102804Z-2ab688a139/G_LOW-T900-s5101
7.2000000000000055,180,177,1.7858870936740354,1.7713580689159039,1.9587839723239227,5779.0,G_LOW,results/jerky_area_loss_discriminating_20260822/20260823T102804Z-2ab688a139/G_LOW-T900-s5101
8.000000000000005,200,175,1.7830847349333296,1.7708274127925827,1.9383696816691922,5756.0,G_LOW,results/jerky_area_loss_discriminating_20260822/20260823T102804Z-2ab688a139/G_LOW-T900-s5101
8.799999999999988,220,175,1.7800397991601988,1.7678441371130529,1.9557425395608279,5732.0,G_LOW,results/jerky_area_loss_discriminating_20260822/20260823T102804Z-2ab688a139/G_LOW-T900-s5101
9.599999999999971,240,171,1.784050693522106,1.782535362629228,1.9350553503099044,5721.0,G_LOW,results/jerky_area_loss_discriminating_20260822/20260823T102804Z-2ab688a139/G_LOW-T900-s5101
10.399999999999954,260,170,1.7878311265248552,1.777387419483778,1.9432325697578257,5707.0,G_LOW,results/jerky_area_loss_discriminating_20260822/20260823T102804Z-2ab688a139/G_LOW-T900-s5101
11.199999999999937,280,169,1.77731771415521,1.7714637144141396,1.9496480528757179,5678.0,G_LOW,results/jerky_area_loss_discriminating_20260822/20260823T102804Z-2ab688a139/G_LOW-T900-s5101
11.99999999999992,300,167,1.7750993462824696,1.7690684059060673,1.9597803600064208,5651.0,G_LOW,results/jerky_area_loss_discriminating_20260822/20260823T102804Z-2ab688a139/G_LOW-T900-s5101
12.799999999999903,320,165,1.7762298608578904,1.7690684059060673,1.944994210904245,5612.0,G_LOW,results/jerky_area_loss_discriminating_20260822/20260823T102804Z-2ab688a139/G_LOW-T900-s5101
13.599999999999886,340,165,1.774348099905919,1.7728385051693243,1.9252291373213328,5581.0,G_LOW,results/jerky_area_loss_discriminating_20260822/20260823T102804Z-2ab688a139/G_LOW-T900-s5101
14.399999999999869,360,161,1.7746635747042403,1.7724834714865818,1.924410626185432,5550.0,G_LOW,results/jerky_area_loss_discriminating_20260822/20260823T102804Z-2ab688a139/G_LOW-T900-s5101
15.199999999999852,380,161,1.779170728219781,1.7714637144141396,1.9360361169533848,5532.0,G_LOW,results/jerky_area_loss_discriminating_20260822/20260823T102804Z-2ab688a139/G_LOW-T900-s5101
15.999999999999835,400,161,1.7733730290811334,1.7681838186278778,1.9299246967475676,5515.0,G_LOW,results/jerky_area_loss_discriminating_20260822/20260823T102804Z-2ab688a139/G_LOW-T900-s5101
16.79999999999982,420,159,1.769241316235554,1.7690684059060673,1.9200245051001088,5490.0,G_LOW,results/jerky_area_loss_discriminating_20260822/20260823T102804Z-2ab688a139/G_LOW-T900-s5101
17.599999999999802,440,159,1.7745100103203106,1.7629470619409944,1.924690768248413,5469.0,G_LOW,results/jerky_area_loss_discriminating_20260822/20260823T102804Z-2ab688a139/G_LOW-T900-s5101
18.399999999999785,460,159,1.7727185395140297,1.7629470619409944,1.9204506044140282,5446.0,G_LOW,results/jerky_area_loss_discriminating_20260822/20260823T102804Z-2ab688a139/G_LOW-T900-s5101
19.19999999999977,480,157,1.7763963032243077,1.7714637144141396,1.952252406489949,5431.0,G_LOW,results/jerky_area_loss_discriminating_20260822/20260823T102804Z-2ab688a139/G_LOW-T900-s5101
19.99999999999975,500,154,1.7856078636341275,1.7874469252261735,1.9704825297960178,5418.0,G_LOW,results/jerky_area_loss_discriminating_20260822/20260823T102804Z-2ab688a139/G_LOW-T900-s5101
20.799999999999734,520,153,1.7913793680631267,1.800686918122353,1.9488973220120769,5403.0,G_LOW,results/jerky_area_loss_discriminating_20260822/20260823T102804Z-2ab688a139/G_LOW-T900-s5101
21.599999999999717,540,152,1.7977563791744078,1.7993870624860167,1.968856755544614,5392.0,G_LOW,results/jerky_area_loss_discriminating_20260822/20260823T102804Z-2ab688a139/G_LOW-T900-s5101
22.3999999999997,560,150,1.793039740804553,1.7918519121997025,1.9459707734893052,5359.0,G_LOW,results/jerky_area_loss_discriminating_20260822/20260823T102804Z-2ab688a139/G_LOW-T900-s5101
23.199999999999683,580,149,1.7963371055558401,1.79664122347469,1.943641661545861,5332.0,G_LOW,results/jerky_area_loss_discriminating_20260822/20260823T102804Z-2ab688a139/G_LOW-T900-s5101
23.999999999999666,600,148,1.8064406845173757,1.8046089420891327,1.9689627057671992,5323.0,G_LOW,results/jerky_area_loss_discriminating_20260822/20260823T102804Z-2ab688a139/G_LOW-T900-s5101
24.79999999999965,620,147,1.8089196096669178,1.810601395604573,1.9817019762380734,5304.0,G_LOW,results/jerky_area_loss_discriminating_20260822/20260823T102804Z-2ab688a139/G_LOW-T900-s5101
25.599999999999632,640,146,1.8213112773550832,1.8106123327621142,2.0118973921773864,5288.0,G_LOW,results/jerky_area_loss_discriminating_20260822/20260823T102804Z-2ab688a139/G_LOW-T900-s5101
26.399999999999615,660,145,1.8167312190489364,1.8023138409940458,1.9887751745665545,5273.0,G_LOW,results/jerky_area_loss_discriminating_20260822/20260823T102804Z-2ab688a139/G_LOW-T900-s5101
27.199999999999598,680,144,1.817095815903325,1.8041880383832067,1.9825451078112022,5257.0,G_LOW,results/jerky_area_loss_discriminating_20260822/20260823T102804Z-2ab688a139/G_LOW-T900-s5101
27.99999999999958,700,143,1.8184737971730873,1.810601395604573,2.033259183672978,5233.0,G_LOW,results/jerky_area_loss_discriminating_20260822/20260823T102804Z-2ab688a139/G_LOW-T900-s5101
28.799999999999564,720,140,1.816930252307027,1.801571542097082,1.9797358567405916,5200.0,G_LOW,results/jerky_area_loss_discriminating_20260822/20260823T102804Z-2ab688a139/G_LOW-T900-s5101
29.599999999999547,740,139,1.8222235832279219,1.800686918122353,2.028432866531519,5187.0,G_LOW,results/jerky_area_loss_discriminating_20260822/20260823T102804Z-2ab688a139/G_LOW-T900-s5101
30.39999999999953,760,139,1.8197898768730796,1.800686918122353,2.004723837699031,5157.0,G_LOW,results/jerky_area_loss_discriminating_20260822/20260823T102804Z-2ab688a139/G_LOW-T900-s5101
31.199999999999513,780,139,1.8190201452344288,1.8210790087113466,1.9693816581934251,5130.0,G_LOW,results/jerky_area_loss_discriminating_20260822/20260823T102804Z-2ab688a139/G_LOW-T900-s5101
31.999999999999496,800,138,1.8199130762734583,1.7993757237906691,2.001866363254093,5118.0,G_LOW,results/jerky_area_loss_discriminating_20260822/20260823T102804Z-2ab688a139/G_LOW-T900-s5101
32.79999999999948,820,136,1.8261299386484062,1.8096188722622961,2.022210142061694,5099.0,G_LOW,results/jerky_area_loss_discriminating_20260822/20260823T102804Z-2ab688a139/G_LOW-T900-s5101
33.59999999999946,840,134,1.827473873507514,1.8194691169517396,2.017171728155487,5077.0,G_LOW,results/jerky_area_loss_discriminating_20260822/20260823T102804Z-2ab688a139/G_LOW-T900-s5101
34.399999999999444,860,132,1.828058322996941,1.8277547901091977,2.0347948450139293,5056.0,G_LOW,results/jerky_area_loss_discriminating_20260822/20260823T102804Z-2ab688a139/G_LOW-T900-s5101
35.19999999999943,880,131,1.8298126136606911,1.816837249907481,2.031765230960366,5034.0,G_LOW,results/jerky_area_loss_discriminating_20260822/20260823T102804Z-2ab688a139/G_LOW-T900-s5101
35.99999999999941,900,130,1.8379063737992918,1.8403178652254137,2.04627783975294,5014.0,G_LOW,results/jerky_area_loss_discriminating_20260822/20260823T102804Z-2ab688a139/G_LOW-T900-s5101
36.79999999999939,920,129,1.8408973417148997,1.8221516394855386,2.044651753987173,4992.0,G_LOW,results/jerky_area_loss_discriminating_20260822/20260823T102804Z-2ab688a139/G_LOW-T900-s5101
37.599999999999376,940,126,1.848815102249833,1.8333265848377058,2.0150040217977034,4970.0,G_LOW,results/jerky_area_loss_discriminating_20260822/20260823T102804Z-2ab688a139/G_LOW-T900-s5101
38.39999999999936,960,125,1.8395907748965294,1.8282413975684386,2.0182193231965795,4945.0,G_LOW,results/jerky_area_loss_discriminating_20260822/20260823T102804Z-2ab688a139/G_LOW-T900-s5101
39.19999999999934,980,125,1.8401423270243586,1.8221516394855386,2.039440266530319,4930.0,G_LOW,results/jerky_area_loss_discriminating_20260822/20260823T102804Z-2ab688a139/G_LOW-T900-s5101
39.23999999999934,981,125,1.8396634936453742,1.8221516394855386,2.039440266530319,4923.0,G_LOW,results/jerky_area_loss_discriminating_20260822/20260823T102804Z-2ab688a139/G_LOW-T900-s5101
0.0,0,190,1.7920895484123613,1.7854416702856883,1.956505991785691,6086.0,T_HIGH,results/jerky_area_loss_discriminating_20260822/20260823T102804Z-2ab688a139/T_HIGH-T900-s5101
0.8000000000000002,20,188,1.797658914803675,1.7904506397748141,1.972947516862261,6050.0,T_HIGH,results/jerky_area_loss_discriminating_20260822/20260823T102804Z-2ab688a139/T_HIGH-T900-s5101
1.6000000000000008,40,186,1.8012427703289264,1.796135002927774,1.9810264513066211,6029.0,T_HIGH,results/jerky_area_loss_discriminating_20260822/20260823T102804Z-2ab688a139/T_HIGH-T900-s5101
2.4000000000000012,60,183,1.7909066844232757,1.7949572118461563,1.959127763362662,5995.0,T_HIGH,results/jerky_area_loss_discriminating_20260822/20260823T102804Z-2ab688a139/T_HIGH-T900-s5101
3.200000000000002,80,180,1.8008640662667508,1.7965028978993773,1.9679858808021324,5981.0,T_HIGH,results/jerky_area_loss_discriminating_20260822/20260823T102804Z-2ab688a139/T_HIGH-T900-s5101
4.000000000000003,100,178,1.7998043190433748,1.793220412799247,1.9660601163856142,5961.0,T_HIGH,results/jerky_area_loss_discriminating_20260822/20260823T102804Z-2ab688a139/T_HIGH-T900-s5101
4.800000000000003,120,177,1.797150252240307,1.7862438273226313,1.947760973535418,5927.0,T_HIGH,results/jerky_area_loss_discriminating_20260822/20260823T102804Z-2ab688a139/T_HIGH-T900-s5101
5.600000000000004,140,177,1.7992560840899106,1.791339678630056,1.9637119527322935,5910.0,T_HIGH,results/jerky_area_loss_discriminating_20260822/20260823T102804Z-2ab688a139/T_HIGH-T900-s5101
6.400000000000005,160,177,1.7986602104690699,1.7862438273226313,1.9567313223210168,5890.0,T_HIGH,results/jerky_area_loss_discriminating_20260822/20260823T102804Z-2ab688a139/T_HIGH-T900-s5101
7.2000000000000055,180,177,1.7946542056109582,1.773440794452548,1.9588300688233273,5864.0,T_HIGH,results/jerky_area_loss_discriminating_20260822/20260823T102804Z-2ab688a139/T_HIGH-T900-s5101
8.000000000000005,200,175,1.7955884351021074,1.7815483552302083,1.9522427936004016,5853.0,T_HIGH,results/jerky_area_loss_discriminating_20260822/20260823T102804Z-2ab688a139/T_HIGH-T900-s5101
8.799999999999988,220,175,1.7946550563461483,1.784983900215257,1.9621842299000796,5822.0,T_HIGH,results/jerky_area_loss_discriminating_20260822/20260823T102804Z-2ab688a139/T_HIGH-T900-s5101
9.599999999999971,240,174,1.7918305883074406,1.7834902600277318,1.9690866409285595,5814.0,T_HIGH,results/jerky_area_loss_discriminating_20260822/20260823T102804Z-2ab688a139/T_HIGH-T900-s5101
10.399999999999954,260,174,1.7891863561472392,1.7737032245417326,1.9548869038164765,5789.0,T_HIGH,results/jerky_area_loss_discriminating_20260822/20260823T102804Z-2ab688a139/T_HIGH-T900-s5101
11.199999999999937,280,173,1.7916025990668,1.7862259120342572,1.9825556406183495,5783.0,T_HIGH,results/jerky_area_loss_discriminating_20260822/20260823T102804Z-2ab688a139/T_HIGH-T900-s5101
11.99999999999992,300,171,1.789121618681784,1.7776146300891886,1.9746270855073864,5751.0,T_HIGH,results/jerky_area_loss_discriminating_20260822/20260823T102804Z-2ab688a139/T_HIGH-T900-s5101
12.799999999999903,320,171,1.7826948492596404,1.7717844989236826,1.9586909473695755,5731.0,T_HIGH,results/jerky_area_loss_discriminating_20260822/20260823T102804Z-2ab688a139/T_HIGH-T900-s5101
13.599999999999886,340,171,1.779795421663246,1.771407456039063,1.9453849740428992,5705.0,T_HIGH,results/jerky_area_loss_discriminating_20260822/20260823T102804Z-2ab688a139/T_HIGH-T900-s5101
14.399999999999869,360,170,1.774169592004487,1.7714355852266013,1.9265913450226368,5686.0,T_HIGH,results/jerky_area_loss_discriminating_20260822/20260823T102804Z-2ab688a139/T_HIGH-T900-s5101
15.199999999999852,380,170,1.77957970470118,1.7803401220348567,1.9266507804785635,5678.0,T_HIGH,results/jerky_area_loss_discriminating_20260822/20260823T102804Z-2ab688a139/T_HIGH-T900-s5101
15.999999999999835,400,170,1.7871098308317608,1.7812799992531012,1.9403996574320233,5672.0,T_HIGH,results/jerky_area_loss_discriminating_20260822/20260823T102804Z-2ab688a139/T_HIGH-T900-s5101
16.79999999999982,420,169,1.7879234916424116,1.7728385051693243,1.9508576304432164,5653.0,T_HIGH,results/jerky_area_loss_discriminating_20260822/20260823T102804Z-2ab688a139/T_HIGH-T900-s5101
17.599999999999802,440,168,1.7820678503231306,1.7696980585752407,1.9712023521529392,5627.0,T_HIGH,results/jerky_area_loss_discriminating_20260822/20260823T102804Z-2ab688a139/T_HIGH-T900-s5101
18.399999999999785,460,166,1.7902755641501498,1.770988536379157,1.979156260513081,5623.0,T_HIGH,results/jerky_area_loss_discriminating_20260822/20260823T102804Z-2ab688a139/T_HIGH-T900-s5101
19.19999999999977,480,164,1.7871633432483216,1.770988536379157,1.9795487585379745,5603.0,T_HIGH,results/jerky_area_loss_discriminating_20260822/20260823T102804Z-2ab688a139/T_HIGH-T900-s5101
19.99999999999975,500,164,1.7994369122983553,1.7872727505674146,1.9748997744259595,5609.0,T_HIGH,results/jerky_area_loss_discriminating_20260822/20260823T102804Z-2ab688a139/T_HIGH-T900-s5101
20.799999999999734,520,164,1.8061337872711374,1.791339678630056,1.9888545144666483,5600.0,T_HIGH,results/jerky_area_loss_discriminating_20260822/20260823T102804Z-2ab688a139/T_HIGH-T900-s5101
21.599999999999717,540,164,1.8089538446665554,1.791633533538326,1.9976829404190248,5594.0,T_HIGH,results/jerky_area_loss_discriminating_20260822/20260823T102804Z-2ab688a139/T_HIGH-T900-s5101
22.3999999999997,560,161,1.8108964784745658,1.7954667017554444,1.9805948473658086,5583.0,T_HIGH,results/jerky_area_loss_discriminating_20260822/20260823T102804Z-2ab688a139/T_HIGH-T900-s5101
23.199999999999683,580,159,1.8136189069271105,1.8087744208146483,2.000661345863006,5569.0,T_HIGH,results/jerky_area_loss_discriminating_20260822/20260823T102804Z-2ab688a139/T_HIGH-T900-s5101
23.999999999999666,600,158,1.811369181219826,1.799248055222241,1.9864591485454475,5550.0,T_HIGH,results/jerky_area_loss_discriminating_20260822/20260823T102804Z-2ab688a139/T_HIGH-T900-s5101
24.79999999999965,620,156,1.8073111743208723,1.7922820606945455,1.9840491005968115,5530.0,T_HIGH,results/jerky_area_loss_discriminating_20260822/20260823T102804Z-2ab688a139/T_HIGH-T900-s5101
25.599999999999632,640,155,1.8088947359852894,1.7862438273226313,2.0185313919801233,5510.0,T_HIGH,results/jerky_area_loss_discriminating_20260822/20260823T102804Z-2ab688a139/T_HIGH-T900-s5101
26.399999999999615,660,155,1.8118588622930472,1.7904931097838226,2.0149747471625874,5506.0,T_HIGH,results/jerky_area_loss_discriminating_20260822/20260823T102804Z-2ab688a139/T_HIGH-T900-s5101
27.199999999999598,680,155,1.8127589254204035,1.797514651390818,2.0107891087510934,5499.0,T_HIGH,results/jerky_area_loss_discriminating_20260822/20260823T102804Z-2ab688a139/T_HIGH-T900-s5101
27.99999999999958,700,155,1.82121340915739,1.810938398627166,2.013893955550619,5491.0,T_HIGH,results/jerky_area_loss_discriminating_20260822/20260823T102804Z-2ab688a139/T_HIGH-T900-s5101
28.799999999999564,720,155,1.8226858259880094,1.810938398627166,2.0111199994208984,5480.0,T_HIGH,results/jerky_area_loss_discriminating_20260822/20260823T102804Z-2ab688a139/T_HIGH-T900-s5101
29.599999999999547,740,154,1.8159582168342512,1.8161101785561757,1.9977607222718066,5459.0,T_HIGH,results/jerky_area_loss_discriminating_20260822/20260823T102804Z-2ab688a139/T_HIGH-T900-s5101
30.39999999999953,760,154,1.8238928939129389,1.8131575795279216,2.003787043526595,5446.0,T_HIGH,results/jerky_area_loss_discriminating_20260822/20260823T102804Z-2ab688a139/T_HIGH-T900-s5101
31.199999999999513,780,152,1.8267636598260948,1.8334649444186342,1.996466420012972,5436.0,T_HIGH,results/jerky_area_loss_discriminating_20260822/20260823T102804Z-2ab688a139/T_HIGH-T900-s5101
31.999999999999496,800,149,1.8247814239954154,1.8131575795279216,1.9878840574965757,5416.0,T_HIGH,results/jerky_area_loss_discriminating_20260822/20260823T102804Z-2ab688a139/T_HIGH-T900-s5101
32.79999999999948,820,147,1.8277729694764313,1.8017540727384378,1.9959334638613173,5405.0,T_HIGH,results/jerky_area_loss_discriminating_20260822/20260823T102804Z-2ab688a139/T_HIGH-T900-s5101
33.59999999999946,840,147,1.821867422549116,1.810601395604573,1.985763982269648,5384.0,T_HIGH,results/jerky_area_loss_discriminating_20260822/20260823T102804Z-2ab688a139/T_HIGH-T900-s5101
34.399999999999444,860,146,1.8352172778860847,1.8183770826411574,2.019139125904554,5384.0,T_HIGH,results/jerky_area_loss_discriminating_20260822/20260823T102804Z-2ab688a139/T_HIGH-T900-s5101
35.19999999999943,880,145,1.832712784662314,1.8221516394855386,2.0125399255491283,5369.0,T_HIGH,results/jerky_area_loss_discriminating_20260822/20260823T102804Z-2ab688a139/T_HIGH-T900-s5101
35.99999999999941,900,144,1.8349387529401762,1.8226246007423053,2.0320803698834724,5360.0,T_HIGH,results/jerky_area_loss_discriminating_20260822/20260823T102804Z-2ab688a139/T_HIGH-T900-s5101
36.79999999999939,920,143,1.8407947830936036,1.8334649444186342,2.010431477274221,5359.0,T_HIGH,results/jerky_area_loss_discriminating_20260822/20260823T102804Z-2ab688a139/T_HIGH-T900-s5101
37.599999999999376,940,142,1.8450005048159863,1.8400655976279565,2.0143914197606385,5349.0,T_HIGH,results/jerky_area_loss_discriminating_20260822/20260823T102804Z-2ab688a139/T_HIGH-T900-s5101
38.39999999999936,960,142,1.8485563644549898,1.840740598959978,2.0305284597670474,5335.0,T_HIGH,results/jerky_area_loss_discriminating_20260822/20260823T102804Z-2ab688a139/T_HIGH-T900-s5101
39.19999999999934,980,142,1.8476038506119128,1.84722414595045,2.0267736145785897,5325.0,T_HIGH,results/jerky_area_loss_discriminating_20260822/20260823T102804Z-2ab688a139/T_HIGH-T900-s5101
39.999999999999325,1000,140,1.8520067609205324,1.852949367754733,2.033090420330678,5318.0,T_HIGH,results/jerky_area_loss_discriminating_20260822/20260823T102804Z-2ab688a139/T_HIGH-T900-s5101
40.79999999999931,1020,139,1.841767826686258,1.8398311421423101,2.048260667117042,5273.0,T_HIGH,results/jerky_area_loss_discriminating_20260822/20260823T102804Z-2ab688a139/T_HIGH-T900-s5101
41.59999999999929,1040,139,1.8515716592644997,1.8503948328706075,2.052401515658571,5269.0,T_HIGH,results/jerky_area_loss_discriminating_20260822/20260823T102804Z-2ab688a139/T_HIGH-T900-s5101
42.399999999999274,1060,138,1.8439960811115301,1.8334649444186342,2.019945389801474,5242.0,T_HIGH,results/jerky_area_loss_discriminating_20260822/20260823T102804Z-2ab688a139/T_HIGH-T900-s5101
43.19999999999926,1080,134,1.8517081885739228,1.8398311421423101,2.0530534942518273,5236.0,T_HIGH,results/jerky_area_loss_discriminating_20260822/20260823T102804Z-2ab688a139/T_HIGH-T900-s5101
43.99999999999924,1100,133,1.8466959621924643,1.8397787454532264,2.0606434324185168,5213.0,T_HIGH,results/jerky_area_loss_discriminating_20260822/20260823T102804Z-2ab688a139/T_HIGH-T900-s5101
44.79999999999922,1120,131,1.851949190618302,1.8389361594384512,2.0647127752462096,5200.0,T_HIGH,results/jerky_area_loss_discriminating_20260822/20260823T102804Z-2ab688a139/T_HIGH-T900-s5101
45.599999999999206,1140,131,1.8405762749489285,1.8304226906391787,2.0493093624784997,5163.0,T_HIGH,results/jerky_area_loss_discriminating_20260822/20260823T102804Z-2ab688a139/T_HIGH-T900-s5101
46.39999999999919,1160,131,1.8495213604509468,1.83355215260663,2.0609992630605154,5155.0,T_HIGH,results/jerky_area_loss_discriminating_20260822/20260823T102804Z-2ab688a139/T_HIGH-T900-s5101
47.19999999999917,1180,130,1.8442619918022352,1.8335085485126321,2.0372895165315956,5124.0,T_HIGH,results/jerky_area_loss_discriminating_20260822/20260823T102804Z-2ab688a139/T_HIGH-T900-s5101
47.999999999999154,1200,129,1.8454802401652697,1.8302818455567966,2.058039120492385,5103.0,T_HIGH,results/jerky_area_loss_discriminating_20260822/20260823T102804Z-2ab688a139/T_HIGH-T900-s5101
48.79999999999914,1220,127,1.8430792191662,1.841650055777646,2.055855345296818,5081.0,T_HIGH,results/jerky_area_loss_discriminating_20260822/20260823T102804Z-2ab688a139/T_HIGH-T900-s5101
49.59999999999912,1240,126,1.8522379798181219,1.8377822509208972,2.0564161393891025,5059.0,T_HIGH,results/jerky_area_loss_discriminating_20260822/20260823T102804Z-2ab688a139/T_HIGH-T900-s5101
50.3999999999991,1260,126,1.8562560358232276,1.8462290556994518,2.0936063261458253,5052.0,T_HIGH,results/jerky_area_loss_discriminating_20260822/20260823T102804Z-2ab688a139/T_HIGH-T900-s5101
51.199999999999086,1280,126,1.8534740646122645,1.835793184127497,2.0883483411335035,5039.0,T_HIGH,results/jerky_area_loss_discriminating_20260822/20260823T102804Z-2ab688a139/T_HIGH-T900-s5101
51.99999999999907,1300,126,1.8533969917028141,1.8404421834416809,2.068606652972379,5031.0,T_HIGH,results/jerky_area_loss_discriminating_20260822/20260823T102804Z-2ab688a139/T_HIGH-T900-s5101
52.79999999999905,1320,126,1.8548781928889821,1.8335236190520323,2.0650334727772375,4996.0,T_HIGH,results/jerky_area_loss_discriminating_20260822/20260823T102804Z-2ab688a139/T_HIGH-T900-s5101
53.599999999999035,1340,125,1.8494163673840203,1.816837249907481,2.100890698465304,4967.0,T_HIGH,results/jerky_area_loss_discriminating_20260822/20260823T102804Z-2ab688a139/T_HIGH-T900-s5101
54.39999999999902,1360,125,1.8511408670412959,1.8334649444186342,2.0756357739439646,4957.0,T_HIGH,results/jerky_area_loss_discriminating_20260822/20260823T102804Z-2ab688a139/T_HIGH-T900-s5101
55.199999999999,1380,123,1.8701979833290872,1.8380600946552725,2.0710057590886706,4962.0,T_HIGH,results/jerky_area_loss_discriminating_20260822/20260823T102804Z-2ab688a139/T_HIGH-T900-s5101
55.999999999998984,1400,122,1.8702813941017133,1.843614313865066,2.078574721903822,4948.0,T_HIGH,results/jerky_area_loss_discriminating_20260822/20260823T102804Z-2ab688a139/T_HIGH-T900-s5101
0.0,0,190,1.7920895484123613,1.7854416702856883,1.956505991785691,6086.0,T_LOW,results/jerky_area_loss_discriminating_20260822/20260823T102804Z-2ab688a139/T_LOW-T900-s5101
0.8000000000000002,20,188,1.79637035778846,1.7904506397748141,1.9670892129980455,6049.0,T_LOW,results/jerky_area_loss_discriminating_20260822/20260823T102804Z-2ab688a139/T_LOW-T900-s5101
1.6000000000000008,40,185,1.7968657750484291,1.791339678630056,1.9737442970954608,6016.0,T_LOW,results/jerky_area_loss_discriminating_20260822/20260823T102804Z-2ab688a139/T_LOW-T900-s5101
2.4000000000000012,60,182,1.7915718978998083,1.7895805241009564,1.9590795610782408,5966.0,T_LOW,results/jerky_area_loss_discriminating_20260822/20260823T102804Z-2ab688a139/T_LOW-T900-s5101
3.200000000000002,80,180,1.7903275441863034,1.7865136417236958,1.9489700345723242,5937.0,T_LOW,results/jerky_area_loss_discriminating_20260822/20260823T102804Z-2ab688a139/T_LOW-T900-s5101
4.000000000000003,100,177,1.7912145023001569,1.7806008826579451,1.9473958602847947,5889.0,T_LOW,results/jerky_area_loss_discriminating_20260822/20260823T102804Z-2ab688a139/T_LOW-T900-s5101
4.800000000000003,120,177,1.7912117773639744,1.776894427937363,1.9667816795583242,5852.0,T_LOW,results/jerky_area_loss_discriminating_20260822/20260823T102804Z-2ab688a139/T_LOW-T900-s5101
5.600000000000004,140,177,1.791618444240935,1.775622572171701,1.957106087039179,5823.0,T_LOW,results/jerky_area_loss_discriminating_20260822/20260823T102804Z-2ab688a139/T_LOW-T900-s5101
6.400000000000005,160,176,1.782931757799024,1.7682860376022465,1.9398621857261,5783.0,T_LOW,results/jerky_area_loss_discriminating_20260822/20260823T102804Z-2ab688a139/T_LOW-T900-s5101
7.2000000000000055,180,175,1.7794190476184888,1.7621406573467933,1.9379185274462987,5751.0,T_LOW,results/jerky_area_loss_discriminating_20260822/20260823T102804Z-2ab688a139/T_LOW-T900-s5101
8.000000000000005,200,173,1.7739975134931172,1.7678441371130529,1.9295121734302352,5720.0,T_LOW,results/jerky_area_loss_discriminating_20260822/20260823T102804Z-2ab688a139/T_LOW-T900-s5101
8.799999999999988,220,172,1.7728963399672901,1.7736941966509776,1.9485775945021304,5695.0,T_LOW,results/jerky_area_loss_discriminating_20260822/20260823T102804Z-2ab688a139/T_LOW-T900-s5101
9.599999999999971,240,170,1.7762452992216273,1.7760822591109098,1.935589847648345,5672.0,T_LOW,results/jerky_area_loss_discriminating_20260822/20260823T102804Z-2ab688a139/T_LOW-T900-s5101
10.399999999999954,260,167,1.7753063762609302,1.7781448814404859,1.9299580226753377,5659.0,T_LOW,results/jerky_area_loss_discriminating_20260822/20260823T102804Z-2ab688a139/T_LOW-T900-s5101
11.199999999999937,280,164,1.7754533655457696,1.772660988327953,1.9499824119998608,5632.0,T_LOW,results/jerky_area_loss_discriminating_20260822/20260823T102804Z-2ab688a139/T_LOW-T900-s5101
11.99999999999992,300,164,1.7712082744734552,1.7751827181093502,1.9250838685189298,5588.0,T_LOW,results/jerky_area_loss_discriminating_20260822/20260823T102804Z-2ab688a139/T_LOW-T900-s5101
12.799999999999903,320,162,1.7710784057128786,1.7690684059060673,1.9304056805170013,5560.0,T_LOW,results/jerky_area_loss_discriminating_20260822/20260823T102804Z-2ab688a139/T_LOW-T900-s5101
13.599999999999886,340,161,1.7797909867518993,1.768388256576615,1.9373992066518446,5534.0,T_LOW,results/jerky_area_loss_discriminating_20260822/20260823T102804Z-2ab688a139/T_LOW-T900-s5101
14.399999999999869,360,160,1.781696294425199,1.7791147699481447,1.9501793593995664,5513.0,T_LOW,results/jerky_area_loss_discriminating_20260822/20260823T102804Z-2ab688a139/T_LOW-T900-s5101
15.199999999999852,380,160,1.7700078110025814,1.7599137989612867,1.9287936452049483,5480.0,T_LOW,results/jerky_area_loss_discriminating_20260822/20260823T102804Z-2ab688a139/T_LOW-T900-s5101
15.999999999999835,400,158,1.7802229470764375,1.7754048888847889,1.9222135472598603,5462.0,T_LOW,results/jerky_area_loss_discriminating_20260822/20260823T102804Z-2ab688a139/T_LOW-T900-s5101
16.79999999999982,420,157,1.7882334426570798,1.774659654105093,1.9443867694944803,5454.0,T_LOW,results/jerky_area_loss_discriminating_20260822/20260823T102804Z-2ab688a139/T_LOW-T900-s5101
17.599999999999802,440,156,1.7835153824007517,1.7836536183604759,1.965686260834178,5422.0,T_LOW,results/jerky_area_loss_discriminating_20260822/20260823T102804Z-2ab688a139/T_LOW-T900-s5101
18.399999999999785,460,154,1.7923330084961495,1.791339678630056,1.9633509355686747,5407.0,T_LOW,results/jerky_area_loss_discriminating_20260822/20260823T102804Z-2ab688a139/T_LOW-T900-s5101
19.19999999999977,480,151,1.7838482533974447,1.7759306618208033,1.9741053491765368,5371.0,T_LOW,results/jerky_area_loss_discriminating_20260822/20260823T102804Z-2ab688a139/T_LOW-T900-s5101
19.99999999999975,500,149,1.7934570236839211,1.782535362629228,1.9694887424839633,5356.0,T_LOW,results/jerky_area_loss_discriminating_20260822/20260823T102804Z-2ab688a139/T_LOW-T900-s5101
20.799999999999734,520,148,1.798986825422341,1.7914184292204034,1.9752426904605895,5336.0,T_LOW,results/jerky_area_loss_discriminating_20260822/20260823T102804Z-2ab688a139/T_LOW-T900-s5101
21.599999999999717,540,146,1.8073926462772565,1.797514651390818,1.9527427323247268,5320.0,T_LOW,results/jerky_area_loss_discriminating_20260822/20260823T102804Z-2ab688a139/T_LOW-T900-s5101
22.3999999999997,560,146,1.8094063350593295,1.8095901471880556,1.9695868603284445,5295.0,T_LOW,results/jerky_area_loss_discriminating_20260822/20260823T102804Z-2ab688a139/T_LOW-T900-s5101
23.199999999999683,580,146,1.8121595088777827,1.809521859048918,1.9733106674503818,5281.0,T_LOW,results/jerky_area_loss_discriminating_20260822/20260823T102804Z-2ab688a139/T_LOW-T900-s5101
23.999999999999666,600,142,1.8166257203032694,1.811851924195287,1.9885942036558524,5259.0,T_LOW,results/jerky_area_loss_discriminating_20260822/20260823T102804Z-2ab688a139/T_LOW-T900-s5101
24.79999999999965,620,142,1.817145890748237,1.7953504992462204,2.0066238895695383,5226.0,T_LOW,results/jerky_area_loss_discriminating_20260822/20260823T102804Z-2ab688a139/T_LOW-T900-s5101
25.599999999999632,640,142,1.8182423933148322,1.8094077694839776,1.9911913921415756,5212.0,T_LOW,results/jerky_area_loss_discriminating_20260822/20260823T102804Z-2ab688a139/T_LOW-T900-s5101
26.399999999999615,660,142,1.8198543397015543,1.817576619416891,1.9894367886486917,5193.0,T_LOW,results/jerky_area_loss_discriminating_20260822/20260823T102804Z-2ab688a139/T_LOW-T900-s5101
27.199999999999598,680,140,1.8263058071277003,1.8120614856547654,2.01157396173381,5176.0,T_LOW,results/jerky_area_loss_discriminating_20260822/20260823T102804Z-2ab688a139/T_LOW-T900-s5101
27.99999999999958,700,137,1.8210356932458605,1.8008249914486278,2.01051666232851,5150.0,T_LOW,results/jerky_area_loss_discriminating_20260822/20260823T102804Z-2ab688a139/T_LOW-T900-s5101
28.799999999999564,720,137,1.828738482124326,1.82396617321188,2.0117184806815573,5136.0,T_LOW,results/jerky_area_loss_discriminating_20260822/20260823T102804Z-2ab688a139/T_LOW-T900-s5101
29.599999999999547,740,134,1.830617535055348,1.8237113580751008,2.030705721309483,5097.0,T_LOW,results/jerky_area_loss_discriminating_20260822/20260823T102804Z-2ab688a139/T_LOW-T900-s5101
30.39999999999953,760,132,1.8329218990959095,1.8197060261261768,2.0167939706350366,5082.0,T_LOW,results/jerky_area_loss_discriminating_20260822/20260823T102804Z-2ab688a139/T_LOW-T900-s5101
31.199999999999513,780,131,1.8418770230113046,1.8395460885128918,2.036290813951446,5067.0,T_LOW,results/jerky_area_loss_discriminating_20260822/20260823T102804Z-2ab688a139/T_LOW-T900-s5101
31.999999999999496,800,130,1.8437154382891094,1.8220211510900963,2.073305219333276,5040.0,T_LOW,results/jerky_area_loss_discriminating_20260822/20260823T102804Z-2ab688a139/T_LOW-T900-s5101
32.79999999999948,820,129,1.838757841997561,1.8311759744505711,2.0388945236568565,5002.0,T_LOW,results/jerky_area_loss_discriminating_20260822/20260823T102804Z-2ab688a139/T_LOW-T900-s5101
33.59999999999946,840,128,1.8438735727372064,1.8273675826201123,2.0386806171467824,4985.0,T_LOW,results/jerky_area_loss_discriminating_20260822/20260823T102804Z-2ab688a139/T_LOW-T900-s5101
34.399999999999444,860,127,1.840915564906429,1.8311759744505711,2.0349872018591673,4957.0,T_LOW,results/jerky_area_loss_discriminating_20260822/20260823T102804Z-2ab688a139/T_LOW-T900-s5101
35.19999999999943,880,127,1.8498148023394652,1.8533849824572328,2.0185878486720528,4940.0,T_LOW,results/jerky_area_loss_discriminating_20260822/20260823T102804Z-2ab688a139/T_LOW-T900-s5101
35.59999999999942,890,125,1.848315646313782,1.8221516394855386,2.0203051997322152,4919.0,T_LOW,results/jerky_area_loss_discriminating_20260822/20260823T102804Z-2ab688a139/T_LOW-T900-s5101
