time,step,grains_used,isoperimetric_q_mean,isoperimetric_q_median,isoperimetric_q_p90,boundary_edges_total,regime,run_dir
140.00000000000642,3500,154,1.8026015105095414,1.7959447945274656,1.9906219850334188,5441.0,LEGACY_C,results/jerky_long_legacy_20260822/20260823T012535Z-793b9644d0/LEGACY_C-T900-s5101
142.00000000000603,3550,154,1.8053935707720272,1.788368468553227,1.9894367886486917,5439.0,LEGACY_C,results/jerky_long_legacy_20260822/20260823T012535Z-793b9644d0/LEGACY_C-T900-s5101
144.00000000000563,3600,154,1.8061651434903987,1.7862438273226313,1.999778251475362,5433.0,LEGACY_C,results/jerky_long_legacy_20260822/20260823T012535Z-793b9644d0/LEGACY_C-T900-s5101
146.00000000000523,3650,153,1.8040139869094276,1.793276683891397,1.9890486058606627,5422.0,LEGACY_C,results/jerky_long_legacy_20260822/20260823T012535Z-793b9644d0/LEGACY_C-T900-s5101
148.00000000000483,3700,153,1.8031009412483996,1.784983900215257,1.9737101048458139,5403.0,LEGACY_C,results/jerky_long_legacy_20260822/20260823T012535Z-793b9644d0/LEGACY_C-T900-s5101
150.00000000000443,3750,153,1.7997321594394022,1.7904931097838226,1.974279985588466,5392.0,LEGACY_C,results/jerky_long_legacy_20260822/20260823T012535Z-793b9644d0/LEGACY_C-T900-s5101
152.00000000000404,3800,153,1.7972864042840333,1.7888643311264494,1.959322237182328,5384.0,LEGACY_C,results/jerky_long_legacy_20260822/20260823T012535Z-793b9644d0/LEGACY_C-T900-s5101
154.00000000000364,3850,152,1.7977820102160738,1.782995121059455,1.9569409036226137,5375.0,LEGACY_C,results/jerky_long_legacy_20260822/20260823T012535Z-793b9644d0/LEGACY_C-T900-s5101
156.00000000000324,3900,152,1.801169028838869,1.7923081812607264,1.959116645036,5374.0,LEGACY_C,results/jerky_long_legacy_20260822/20260823T012535Z-793b9644d0/LEGACY_C-T900-s5101
158.00000000000284,3950,152,1.8055564889995925,1.7945368562998802,1.9694755489373763,5375.0,LEGACY_C,results/jerky_long_legacy_20260822/20260823T012535Z-793b9644d0/LEGACY_C-T900-s5101
160.00000000000244,4000,151,1.806838891853901,1.7931456921686877,1.9663931192821047,5367.0,LEGACY_C,results/jerky_long_legacy_20260822/20260823T012535Z-793b9644d0/LEGACY_C-T900-s5101
162.00000000000205,4050,151,1.8060849170934754,1.7904931097838226,1.9635501412783232,5363.0,LEGACY_C,results/jerky_long_legacy_20260822/20260823T012535Z-793b9644d0/LEGACY_C-T900-s5101
164.00000000000165,4100,150,1.8079640016732212,1.7985732583704355,1.963851662533873,5359.0,LEGACY_C,results/jerky_long_legacy_20260822/20260823T012535Z-793b9644d0/LEGACY_C-T900-s5101
166.00000000000125,4150,149,1.808232264963469,1.796634995171597,1.9590907704996208,5352.0,LEGACY_C,results/jerky_long_legacy_20260822/20260823T012535Z-793b9644d0/LEGACY_C-T900-s5101
168.00000000000085,4200,149,1.81093717229909,1.8065429750580992,1.9574089235544445,5348.0,LEGACY_C,results/jerky_long_legacy_20260822/20260823T012535Z-793b9644d0/LEGACY_C-T900-s5101
170.00000000000045,4250,149,1.816720490373338,1.8087744208146483,1.9712916582703808,5348.0,LEGACY_C,results/jerky_long_legacy_20260822/20260823T012535Z-793b9644d0/LEGACY_C-T900-s5101
172.00000000000006,4300,148,1.8199122282913258,1.8035132032448864,1.989116115910755,5341.0,LEGACY_C,results/jerky_long_legacy_20260822/20260823T012535Z-793b9644d0/LEGACY_C-T900-s5101
173.99999999999966,4350,148,1.8213247923030988,1.8107154851695133,1.9964059957840825,5329.0,LEGACY_C,results/jerky_long_legacy_20260822/20260823T012535Z-793b9644d0/LEGACY_C-T900-s5101
175.99999999999926,4400,148,1.8230034191883464,1.8243362635658498,1.9734227463871232,5327.0,LEGACY_C,results/jerky_long_legacy_20260822/20260823T012535Z-793b9644d0/LEGACY_C-T900-s5101
177.99999999999886,4450,148,1.8235472819073995,1.8202643137780279,1.9852551952387847,5322.0,LEGACY_C,results/jerky_long_legacy_20260822/20260823T012535Z-793b9644d0/LEGACY_C-T900-s5101
179.99999999999847,4500,148,1.8224652302368831,1.8186538173300741,1.9842591499194293,5307.0,LEGACY_C,results/jerky_long_legacy_20260822/20260823T012535Z-793b9644d0/LEGACY_C-T900-s5101
181.99999999999807,4550,148,1.816528655998279,1.8112374781428753,1.9782788008405423,5296.0,LEGACY_C,results/jerky_long_legacy_20260822/20260823T012535Z-793b9644d0/LEGACY_C-T900-s5101
183.99999999999767,4600,148,1.820457959604206,1.8124672866136864,1.9783369101503934,5292.0,LEGACY_C,results/jerky_long_legacy_20260822/20260823T012535Z-793b9644d0/LEGACY_C-T900-s5101
185.99999999999727,4650,148,1.82227852620831,1.8054765780344646,1.9865811228067995,5285.0,LEGACY_C,results/jerky_long_legacy_20260822/20260823T012535Z-793b9644d0/LEGACY_C-T900-s5101
187.99999999999687,4700,147,1.8244689946106436,1.8156926424400395,1.9950243264156038,5288.0,LEGACY_C,results/jerky_long_legacy_20260822/20260823T012535Z-793b9644d0/LEGACY_C-T900-s5101
189.99999999999648,4750,147,1.829731943423609,1.812493940152408,1.9895821356286842,5289.0,LEGACY_C,results/jerky_long_legacy_20260822/20260823T012535Z-793b9644d0/LEGACY_C-T900-s5101
191.99999999999608,4800,145,1.828933968873243,1.8276468299426922,1.9886604230726337,5284.0,LEGACY_C,results/jerky_long_legacy_20260822/20260823T012535Z-793b9644d0/LEGACY_C-T900-s5101
193.99999999999568,4850,145,1.829194482645689,1.8153118261570638,1.9976416708080875,5278.0,LEGACY_C,results/jerky_long_legacy_20260822/20260823T012535Z-793b9644d0/LEGACY_C-T900-s5101
195.99999999999528,4900,145,1.8314893291526537,1.8247063539198194,2.0030786409137114,5274.0,LEGACY_C,results/jerky_long_legacy_20260822/20260823T012535Z-793b9644d0/LEGACY_C-T900-s5101
197.99999999999488,4950,144,1.833924906341235,1.8231606730699643,2.019398285731792,5277.0,LEGACY_C,results/jerky_long_legacy_20260822/20260823T012535Z-793b9644d0/LEGACY_C-T900-s5101
199.9999999999945,5000,144,1.8344072859817022,1.8236144439606439,2.015355423965285,5273.0,LEGACY_C,results/jerky_long_legacy_20260822/20260823T012535Z-793b9644d0/LEGACY_C-T900-s5101
201.9999999999941,5050,144,1.8317962647386068,1.8234554294586114,2.008866854119469,5260.0,LEGACY_C,results/jerky_long_legacy_20260822/20260823T012535Z-793b9644d0/LEGACY_C-T900-s5101
203.9999999999937,5100,142,1.8374394208419536,1.8282641210619952,2.004215461935796,5259.0,LEGACY_C,results/jerky_long_legacy_20260822/20260823T012535Z-793b9644d0/LEGACY_C-T900-s5101
205.9999999999933,5150,141,1.8293236400510449,1.8230475299617102,1.9958314068979197,5247.0,LEGACY_C,results/jerky_long_legacy_20260822/20260823T012535Z-793b9644d0/LEGACY_C-T900-s5101
207.9999999999929,5200,140,1.8329249271536217,1.842133694154069,1.981523745142081,5245.0,LEGACY_C,results/jerky_long_legacy_20260822/20260823T012535Z-793b9644d0/LEGACY_C-T900-s5101
209.9999999999925,5250,138,1.8314625288051365,1.828765310056446,1.9832753661565947,5232.0,LEGACY_C,results/jerky_long_legacy_20260822/20260823T012535Z-793b9644d0/LEGACY_C-T900-s5101
211.9999999999921,5300,138,1.830664593234421,1.8282488533023873,1.9813519823351815,5219.0,LEGACY_C,results/jerky_long_legacy_20260822/20260823T012535Z-793b9644d0/LEGACY_C-T900-s5101
213.9999999999917,5350,138,1.8291590311712764,1.82959598068676,1.9791936332346864,5203.0,LEGACY_C,results/jerky_long_legacy_20260822/20260823T012535Z-793b9644d0/LEGACY_C-T900-s5101
215.9999999999913,5400,138,1.8301131577745633,1.8227206611352578,2.004200706181022,5192.0,LEGACY_C,results/jerky_long_legacy_20260822/20260823T012535Z-793b9644d0/LEGACY_C-T900-s5101
217.9999999999909,5450,138,1.8308916677145195,1.8314122040129952,2.032138360172593,5186.0,LEGACY_C,results/jerky_long_legacy_20260822/20260823T012535Z-793b9644d0/LEGACY_C-T900-s5101
219.9999999999905,5500,138,1.8359715255418743,1.8367857735196864,2.025338268911942,5175.0,LEGACY_C,results/jerky_long_legacy_20260822/20260823T012535Z-793b9644d0/LEGACY_C-T900-s5101
221.9999999999901,5550,138,1.8344232622601486,1.831969326226822,2.0138331018469295,5166.0,LEGACY_C,results/jerky_long_legacy_20260822/20260823T012535Z-793b9644d0/LEGACY_C-T900-s5101
223.9999999999897,5600,138,1.8394957159532561,1.8223646991529905,2.0316226028719555,5157.0,LEGACY_C,results/jerky_long_legacy_20260822/20260823T012535Z-793b9644d0/LEGACY_C-T900-s5101
225.9999999999893,5650,138,1.8374331798668164,1.8246996061293541,2.0208692672374196,5147.0,LEGACY_C,results/jerky_long_legacy_20260822/20260823T012535Z-793b9644d0/LEGACY_C-T900-s5101
227.99999999998892,5700,136,1.8326259928926205,1.8202957327682023,2.0066249958001916,5136.0,LEGACY_C,results/jerky_long_legacy_20260822/20260823T012535Z-793b9644d0/LEGACY_C-T900-s5101
229.99999999998852,5750,136,1.8323519882472803,1.8216609528059853,2.02549570282929,5130.0,LEGACY_C,results/jerky_long_legacy_20260822/20260823T012535Z-793b9644d0/LEGACY_C-T900-s5101
231.99999999998812,5800,136,1.839875745594945,1.8234138374104651,2.0522889652105896,5134.0,LEGACY_C,results/jerky_long_legacy_20260822/20260823T012535Z-793b9644d0/LEGACY_C-T900-s5101
233.99999999998772,5850,136,1.8379194958433929,1.822844815760746,2.041824854182561,5131.0,LEGACY_C,results/jerky_long_legacy_20260822/20260823T012535Z-793b9644d0/LEGACY_C-T900-s5101
235.99999999998732,5900,136,1.8347873851966678,1.8133505583110299,2.044193711226217,5128.0,LEGACY_C,results/jerky_long_legacy_20260822/20260823T012535Z-793b9644d0/LEGACY_C-T900-s5101
237.99999999998693,5950,136,1.842430876658439,1.8205326374107427,2.0641041873642862,5121.0,LEGACY_C,results/jerky_long_legacy_20260822/20260823T012535Z-793b9644d0/LEGACY_C-T900-s5101
239.99999999998653,6000,136,1.8441332231468732,1.8251604094371006,2.0580451670835,5116.0,LEGACY_C,results/jerky_long_legacy_20260822/20260823T012535Z-793b9644d0/LEGACY_C-T900-s5101
241.99999999998613,6050,136,1.8462333138235545,1.8253369999138114,2.0580451670835,5116.0,LEGACY_C,results/jerky_long_legacy_20260822/20260823T012535Z-793b9644d0/LEGACY_C-T900-s5101
243.99999999998573,6100,135,1.8475161337874906,1.8253522676734193,2.0446563099014923,5114.0,LEGACY_C,results/jerky_long_legacy_20260822/20260823T012535Z-793b9644d0/LEGACY_C-T900-s5101
245.99999999998533,6150,135,1.845979932723457,1.8251713657327449,2.0381011945542125,5109.0,LEGACY_C,results/jerky_long_legacy_20260822/20260823T012535Z-793b9644d0/LEGACY_C-T900-s5101
247.99999999998494,6200,134,1.8417790036698263,1.8209787069420542,2.041273970506485,5099.0,LEGACY_C,results/jerky_long_legacy_20260822/20260823T012535Z-793b9644d0/LEGACY_C-T900-s5101
249.99999999998454,6250,134,1.8420511537165176,1.8203884301754085,2.0586331757313605,5097.0,LEGACY_C,results/jerky_long_legacy_20260822/20260823T012535Z-793b9644d0/LEGACY_C-T900-s5101
251.99999999998414,6300,134,1.8422321498638883,1.8211886603740608,2.0482245605160374,5091.0,LEGACY_C,results/jerky_long_legacy_20260822/20260823T012535Z-793b9644d0/LEGACY_C-T900-s5101
253.99999999998374,6350,134,1.8378618632387347,1.820877139056587,2.0439389624096123,5082.0,LEGACY_C,results/jerky_long_legacy_20260822/20260823T012535Z-793b9644d0/LEGACY_C-T900-s5101
255.99999999998334,6400,134,1.8433027398866118,1.8235485914128033,2.0414036599972705,5084.0,LEGACY_C,results/jerky_long_legacy_20260822/20260823T012535Z-793b9644d0/LEGACY_C-T900-s5101
257.99999999998437,6450,134,1.8419917469934846,1.8235485914128033,2.0566956372937204,5073.0,LEGACY_C,results/jerky_long_legacy_20260822/20260823T012535Z-793b9644d0/LEGACY_C-T900-s5101
259.9999999999854,6500,134,1.8405336593256314,1.8237626820007669,2.0413043850785435,5066.0,LEGACY_C,results/jerky_long_legacy_20260822/20260823T012535Z-793b9644d0/LEGACY_C-T900-s5101
261.9999999999864,6550,133,1.8459359876348376,1.8278104955087857,2.032120331663193,5065.0,LEGACY_C,results/jerky_long_legacy_20260822/20260823T012535Z-793b9644d0/LEGACY_C-T900-s5101
263.99999999998744,6600,132,1.8508821153085218,1.8342139088567135,2.0557856827316576,5064.0,LEGACY_C,results/jerky_long_legacy_20260822/20260823T012535Z-793b9644d0/LEGACY_C-T900-s5101
265.99999999998846,6650,132,1.8429372921012506,1.833681973886487,2.031765230960366,5041.0,LEGACY_C,results/jerky_long_legacy_20260822/20260823T012535Z-793b9644d0/LEGACY_C-T900-s5101
267.9999999999895,6700,132,1.8482908235266509,1.840676371783589,2.0459342671773766,5043.0,LEGACY_C,results/jerky_long_legacy_20260822/20260823T012535Z-793b9644d0/LEGACY_C-T900-s5101
269.9999999999905,6750,132,1.84917066682765,1.84274578688327,2.0575628393628946,5039.0,LEGACY_C,results/jerky_long_legacy_20260822/20260823T012535Z-793b9644d0/LEGACY_C-T900-s5101
271.99999999999153,6800,132,1.855919649856473,1.840740598959978,2.0654639506446353,5039.0,LEGACY_C,results/jerky_long_legacy_20260822/20260823T012535Z-793b9644d0/LEGACY_C-T900-s5101
273.99999999999255,6850,131,1.8608244241707366,1.843826947096532,2.07237668856982,5028.0,LEGACY_C,results/jerky_long_legacy_20260822/20260823T012535Z-793b9644d0/LEGACY_C-T900-s5101
275.9999999999936,6900,130,1.8623685928965947,1.8418605781891433,2.073067251816766,5028.0,LEGACY_C,results/jerky_long_legacy_20260822/20260823T012535Z-793b9644d0/LEGACY_C-T900-s5101
277.9999999999946,6950,130,1.8680948296452082,1.8409024935606597,2.0852677139645244,5029.0,LEGACY_C,results/jerky_long_legacy_20260822/20260823T012535Z-793b9644d0/LEGACY_C-T900-s5101
279.9999999999956,7000,129,1.86641086001496,1.8397787454532264,2.0706249510674617,5019.0,LEGACY_C,results/jerky_long_legacy_20260822/20260823T012535Z-793b9644d0/LEGACY_C-T900-s5101
281.99999999999665,7050,128,1.8689189201683698,1.8418605781891433,2.0761452284240813,5011.0,LEGACY_C,results/jerky_long_legacy_20260822/20260823T012535Z-793b9644d0/LEGACY_C-T900-s5101
283.99999999999767,7100,128,1.8616252777510596,1.8336252073135804,2.052715526322014,5002.0,LEGACY_C,results/jerky_long_legacy_20260822/20260823T012535Z-793b9644d0/LEGACY_C-T900-s5101
285.9999999999987,7150,128,1.8532352463364052,1.8331549587956724,2.051080672165985,4991.0,LEGACY_C,results/jerky_long_legacy_20260822/20260823T012535Z-793b9644d0/LEGACY_C-T900-s5101
287.9999999999997,7200,128,1.8538885692516043,1.8307897868645366,2.046136125434247,4985.0,LEGACY_C,results/jerky_long_legacy_20260822/20260823T012535Z-793b9644d0/LEGACY_C-T900-s5101
290.00000000000074,7250,128,1.8504084837388808,1.8342139088567138,2.035530252168759,4981.0,LEGACY_C,results/jerky_long_legacy_20260822/20260823T012535Z-793b9644d0/LEGACY_C-T900-s5101
292.00000000000176,7300,128,1.8489106950573109,1.832588162696212,2.03098935497655,4974.0,LEGACY_C,results/jerky_long_legacy_20260822/20260823T012535Z-793b9644d0/LEGACY_C-T900-s5101
294.0000000000028,7350,127,1.8514240216197406,1.8253522676734193,2.036786760991395,4968.0,LEGACY_C,results/jerky_long_legacy_20260822/20260823T012535Z-793b9644d0/LEGACY_C-T900-s5101
296.0000000000038,7400,127,1.8465856328545611,1.8398311421423101,2.0231897992545353,4960.0,LEGACY_C,results/jerky_long_legacy_20260822/20260823T012535Z-793b9644d0/LEGACY_C-T900-s5101
298.00000000000483,7450,127,1.8518150550004708,1.84274578688327,2.0230280268174474,4958.0,LEGACY_C,results/jerky_long_legacy_20260822/20260823T012535Z-793b9644d0/LEGACY_C-T900-s5101
300.00000000000585,7500,127,1.8512130557820325,1.8439287616125601,2.024425865258701,4952.0,LEGACY_C,results/jerky_long_legacy_20260822/20260823T012535Z-793b9644d0/LEGACY_C-T900-s5101
302.0000000000069,7550,127,1.860369123279741,1.860888565382161,2.0329692399861203,4956.0,LEGACY_C,results/jerky_long_legacy_20260822/20260823T012535Z-793b9644d0/LEGACY_C-T900-s5101
304.0000000000079,7600,127,1.8627197229213548,1.8533849824572328,2.035852359160161,4951.0,LEGACY_C,results/jerky_long_legacy_20260822/20260823T012535Z-793b9644d0/LEGACY_C-T900-s5101
306.0000000000089,7650,127,1.8653243988583041,1.8533849824572328,2.046926165405139,4941.0,LEGACY_C,results/jerky_long_legacy_20260822/20260823T012535Z-793b9644d0/LEGACY_C-T900-s5101
308.00000000000995,7700,126,1.859041047791129,1.8482275376969994,2.04627783975294,4929.0,LEGACY_C,results/jerky_long_legacy_20260822/20260823T012535Z-793b9644d0/LEGACY_C-T900-s5101
310.00000000001097,7750,126,1.861207679129813,1.852684887399644,2.065598375088533,4921.0,LEGACY_C,results/jerky_long_legacy_20260822/20260823T012535Z-793b9644d0/LEGACY_C-T900-s5101
312.000000000012,7800,126,1.8590755682514055,1.8434623791461873,2.0779790372366937,4908.0,LEGACY_C,results/jerky_long_legacy_20260822/20260823T012535Z-793b9644d0/LEGACY_C-T900-s5101
314.000000000013,7850,126,1.8613167788850375,1.852684887399644,2.0622715883252267,4908.0,LEGACY_C,results/jerky_long_legacy_20260822/20260823T012535Z-793b9644d0/LEGACY_C-T900-s5101
316.00000000001404,7900,125,1.8719525669333983,1.8533849824572328,2.0735122565058557,4912.0,LEGACY_C,results/jerky_long_legacy_20260822/20260823T012535Z-793b9644d0/LEGACY_C-T900-s5101
318.00000000001506,7950,125,1.8657782609681763,1.8402833856964511,2.0704652701848865,4902.0,LEGACY_C,results/jerky_long_legacy_20260822/20260823T012535Z-793b9644d0/LEGACY_C-T900-s5101
320.0000000000161,8000,125,1.8635997415577938,1.841650055777646,2.058590189466708,4896.0,LEGACY_C,results/jerky_long_legacy_20260822/20260823T012535Z-793b9644d0/LEGACY_C-T900-s5101
322.0000000000171,8050,124,1.8607842144750688,1.8415710764058058,2.05603031286155,4890.0,LEGACY_C,results/jerky_long_legacy_20260822/20260823T012535Z-793b9644d0/LEGACY_C-T900-s5101
324.00000000001813,8100,123,1.8637682982629082,1.845528972650902,2.0627061129061337,4889.0,LEGACY_C,results/jerky_long_legacy_20260822/20260823T012535Z-793b9644d0/LEGACY_C-T900-s5101
326.00000000001916,8150,123,1.8604899472679544,1.845528972650902,2.081712323296794,4883.0,LEGACY_C,results/jerky_long_legacy_20260822/20260823T012535Z-793b9644d0/LEGACY_C-T900-s5101
328.0000000000202,8200,123,1.8576249422792226,1.848138253806131,2.0711396212359285,4876.0,LEGACY_C,results/jerky_long_legacy_20260822/20260823T012535Z-793b9644d0/LEGACY_C-T900-s5101
330.0000000000212,8250,123,1.8564516507620508,1.8340712489637463,2.0631937365615642,4867.0,LEGACY_C,results/jerky_long_legacy_20260822/20260823T012535Z-793b9644d0/LEGACY_C-T900-s5101
332.0000000000222,8300,123,1.857463111914065,1.8386130609894047,2.0864185069219143,4865.0,LEGACY_C,results/jerky_long_legacy_20260822/20260823T012535Z-793b9644d0/LEGACY_C-T900-s5101
334.00000000002325,8350,123,1.8552383165619788,1.841650055777646,2.078354661936879,4855.0,LEGACY_C,results/jerky_long_legacy_20260822/20260823T012535Z-793b9644d0/LEGACY_C-T900-s5101
336.0000000000243,8400,123,1.8547148375198956,1.8364031895218693,2.0599196920179597,4850.0,LEGACY_C,results/jerky_long_legacy_20260822/20260823T012535Z-793b9644d0/LEGACY_C-T900-s5101
338.0000000000253,8450,123,1.8600702966346199,1.841650055777646,2.067984994694404,4848.0,LEGACY_C,results/jerky_long_legacy_20260822/20260823T012535Z-793b9644d0/LEGACY_C-T900-s5101
340.0000000000263,8500,123,1.8536191052126199,1.84274578688327,2.0243945428894583,4836.0,LEGACY_C,results/jerky_long_legacy_20260822/20260823T012535Z-793b9644d0/LEGACY_C-T900-s5101
342.00000000002734,8550,122,1.8547769401095264,1.8380909674875479,2.0314129526368356,4829.0,LEGACY_C,results/jerky_long_legacy_20260822/20260823T012535Z-793b9644d0/LEGACY_C-T900-s5101
344.00000000002836,8600,122,1.854004548753874,1.8412622661682483,2.046075738237903,4829.0,LEGACY_C,results/jerky_long_legacy_20260822/20260823T012535Z-793b9644d0/LEGACY_C-T900-s5101
346.0000000000294,8650,120,1.8587357791486618,1.8482983403338311,2.06116414300156,4823.0,LEGACY_C,results/jerky_long_legacy_20260822/20260823T012535Z-793b9644d0/LEGACY_C-T900-s5101
348.0000000000304,8700,120,1.8623730744494715,1.851984792342055,2.069706238208082,4823.0,LEGACY_C,results/jerky_long_legacy_20260822/20260823T012535Z-793b9644d0/LEGACY_C-T900-s5101
350.00000000003143,8750,119,1.8549433005411315,1.8420711006006405,2.0366545907964397,4810.0,LEGACY_C,results/jerky_long_legacy_20260822/20260823T012535Z-793b9644d0/LEGACY_C-T900-s5101
352.00000000003246,8800,118,1.8585471519727692,1.8487568824964784,2.0351236193715416,4812.0,LEGACY_C,results/jerky_long_legacy_20260822/20260823T012535Z-793b9644d0/LEGACY_C-T900-s5101
354.0000000000335,8850,118,1.8545449005544132,1.8477426737054445,2.025310385661396,4807.0,LEGACY_C,results/jerky_long_legacy_20260822/20260823T012535Z-793b9644d0/LEGACY_C-T900-s5101
356.0000000000345,8900,118,1.8566769008902506,1.842197921330458,2.0318049321200515,4803.0,LEGACY_C,results/jerky_long_legacy_20260822/20260823T012535Z-793b9644d0/LEGACY_C-T900-s5101
358.0000000000355,8950,118,1.8580888303994048,1.8473652896126627,2.0512288429506174,4802.0,LEGACY_C,results/jerky_long_legacy_20260822/20260823T012535Z-793b9644d0/LEGACY_C-T900-s5101
360.00000000003655,9000,117,1.8592712667850388,1.8450537115323913,2.0584938487021245,4794.0,LEGACY_C,results/jerky_long_legacy_20260822/20260823T012535Z-793b9644d0/LEGACY_C-T900-s5101
362.0000000000376,9050,117,1.8602952136635018,1.8481524101841973,2.0763360080639743,4784.0,LEGACY_C,results/jerky_long_legacy_20260822/20260823T012535Z-793b9644d0/LEGACY_C-T900-s5101
364.0000000000386,9100,117,1.8637084343507393,1.844611888325607,2.077201660035067,4784.0,LEGACY_C,results/jerky_long_legacy_20260822/20260823T012535Z-793b9644d0/LEGACY_C-T900-s5101
366.0000000000396,9150,117,1.854443443438801,1.8293671619758085,2.0637023131973695,4770.0,LEGACY_C,results/jerky_long_legacy_20260822/20260823T012535Z-793b9644d0/LEGACY_C-T900-s5101
368.00000000004064,9200,117,1.8545917808967123,1.8317113809737893,2.0557380373772647,4766.0,LEGACY_C,results/jerky_long_legacy_20260822/20260823T012535Z-793b9644d0/LEGACY_C-T900-s5101
370.00000000004167,9250,116,1.8532820455156438,1.8476146771418813,2.056657493021925,4763.0,LEGACY_C,results/jerky_long_legacy_20260822/20260823T012535Z-793b9644d0/LEGACY_C-T900-s5101
372.0000000000427,9300,115,1.850450166224184,1.841650055777646,2.0539149688359357,4745.0,LEGACY_C,results/jerky_long_legacy_20260822/20260823T012535Z-793b9644d0/LEGACY_C-T900-s5101
374.0000000000437,9350,115,1.854053620692762,1.84267833609913,2.049572303635098,4743.0,LEGACY_C,results/jerky_long_legacy_20260822/20260823T012535Z-793b9644d0/LEGACY_C-T900-s5101
376.00000000004474,9400,114,1.8514184056139,1.8282273258999842,2.0550399843065645,4732.0,LEGACY_C,results/jerky_long_legacy_20260822/20260823T012535Z-793b9644d0/LEGACY_C-T900-s5101
378.00000000004576,9450,114,1.8493722266503172,1.8344965039832937,2.0599664214408286,4715.0,LEGACY_C,results/jerky_long_legacy_20260822/20260823T012535Z-793b9644d0/LEGACY_C-T900-s5101
380.0000000000468,9500,114,1.8522206824068084,1.832348957566675,2.0620182601464387,4710.0,LEGACY_C,results/jerky_long_legacy_20260822/20260823T012535Z-793b9644d0/LEGACY_C-T900-s5101
382.0000000000478,9550,114,1.8544978391764468,1.8390266226497576,2.0502696870178725,4710.0,LEGACY_C,results/jerky_long_legacy_20260822/20260823T012535Z-793b9644d0/LEGACY_C-T900-s5101
384.00000000004883,9600,114,1.8564420197586695,1.8372316420885708,2.060659582723264,4704.0,LEGACY_C,results/jerky_long_legacy_20260822/20260823T012535Z-793b9644d0/LEGACY_C-T900-s5101
386.00000000004985,9650,113,1.8668314326301547,1.8503948328706075,2.066084894495582,4701.0,LEGACY_C,results/jerky_long_legacy_20260822/20260823T012535Z-793b9644d0/LEGACY_C-T900-s5101
388.0000000000509,9700,113,1.867882584031541,1.8549783022434698,2.0520749621579584,4694.0,LEGACY_C,results/jerky_long_legacy_20260822/20260823T012535Z-793b9644d0/LEGACY_C-T900-s5101
390.0000000000519,9750,113,1.8742814431165986,1.8549245631836322,2.07168994810296,4696.0,LEGACY_C,results/jerky_long_legacy_20260822/20260823T012535Z-793b9644d0/LEGACY_C-T900-s5101
392.0000000000529,9800,112,1.870721006354087,1.8416920048928522,2.0742795365074542,4688.0,LEGACY_C,results/jerky_long_legacy_20260822/20260823T012535Z-793b9644d0/LEGACY_C-T900-s5101
394.00000000005394,9850,112,1.8685884235740515,1.8416920048928522,2.0836153499297425,4682.0,LEGACY_C,results/jerky_long_legacy_20260822/20260823T012535Z-793b9644d0/LEGACY_C-T900-s5101
396.00000000005497,9900,110,1.8543888862661362,1.8352372192428077,2.032331522620811,4679.0,LEGACY_C,results/jerky_long_legacy_20260822/20260823T012535Z-793b9644d0/LEGACY_C-T900-s5101
398.000000000056,9950,110,1.857003893510747,1.8372316420885708,2.0593053959911596,4674.0,LEGACY_C,results/jerky_long_legacy_20260822/20260823T012535Z-793b9644d0/LEGACY_C-T900-s5101
400.000000000057,10000,109,1.8607763491981408,1.837571384935051,2.063810474606033,4672.0,LEGACY_C,results/jerky_long_legacy_20260822/20260823T012535Z-793b9644d0/LEGACY_C-T900-s5101
140.00000000000642,3500,153,1.8073947174329765,1.8014393558698374,1.992384102409653,5412.0,LEGACY_GC,results/jerky_long_legacy_20260822/20260823T012535Z-793b9644d0/LEGACY_GC-T900-s5101
142.00000000000603,3550,153,1.8136850358908259,1.8014393558698374,2.0131476271093214,5406.0,LEGACY_GC,results/jerky_long_legacy_20260822/20260823T012535Z-793b9644d0/LEGACY_GC-T900-s5101
144.00000000000563,3600,153,1.81693307038206,1.797514651390818,2.0330511221302863,5408.0,LEGACY_GC,results/jerky_long_legacy_20260822/20260823T012535Z-793b9644d0/LEGACY_GC-T900-s5101
146.00000000000523,3650,153,1.8140012153937888,1.794374937664113,2.0081920683486625,5401.0,LEGACY_GC,results/jerky_long_legacy_20260822/20260823T012535Z-793b9644d0/LEGACY_GC-T900-s5101
148.00000000000483,3700,151,1.81008183332135,1.799862322794584,1.9998164588503373,5396.0,LEGACY_GC,results/jerky_long_legacy_20260822/20260823T012535Z-793b9644d0/LEGACY_GC-T900-s5101
150.00000000000443,3750,150,1.8101911784215674,1.790955769502113,2.000547132405094,5392.0,LEGACY_GC,results/jerky_long_legacy_20260822/20260823T012535Z-793b9644d0/LEGACY_GC-T900-s5101
152.00000000000404,3800,150,1.8072183618634616,1.792356781325105,1.989731520024788,5385.0,LEGACY_GC,results/jerky_long_legacy_20260822/20260823T012535Z-793b9644d0/LEGACY_GC-T900-s5101
154.00000000000364,3850,150,1.8007487314075357,1.7943272457368167,1.9809144748328495,5367.0,LEGACY_GC,results/jerky_long_legacy_20260822/20260823T012535Z-793b9644d0/LEGACY_GC-T900-s5101
156.00000000000324,3900,147,1.8021008444073794,1.7904931097838226,1.977491880515227,5360.0,LEGACY_GC,results/jerky_long_legacy_20260822/20260823T012535Z-793b9644d0/LEGACY_GC-T900-s5101
158.00000000000284,3950,147,1.806002840002089,1.8017540727384378,1.9819038612017115,5361.0,LEGACY_GC,results/jerky_long_legacy_20260822/20260823T012535Z-793b9644d0/LEGACY_GC-T900-s5101
160.00000000000244,4000,147,1.8093764269543888,1.809340405676284,1.9777221397210307,5358.0,LEGACY_GC,results/jerky_long_legacy_20260822/20260823T012535Z-793b9644d0/LEGACY_GC-T900-s5101
162.00000000000205,4050,146,1.8135028475538615,1.8161195186349954,1.9509951529307898,5351.0,LEGACY_GC,results/jerky_long_legacy_20260822/20260823T012535Z-793b9644d0/LEGACY_GC-T900-s5101
164.00000000000165,4100,146,1.815838269857306,1.8209805826488283,1.952657284993002,5345.0,LEGACY_GC,results/jerky_long_legacy_20260822/20260823T012535Z-793b9644d0/LEGACY_GC-T900-s5101
166.00000000000125,4150,146,1.8123478623738545,1.8225995847236245,1.9651039812398094,5336.0,LEGACY_GC,results/jerky_long_legacy_20260822/20260823T012535Z-793b9644d0/LEGACY_GC-T900-s5101
168.00000000000085,4200,146,1.8145050716443543,1.8236279279984284,1.9495046279752035,5324.0,LEGACY_GC,results/jerky_long_legacy_20260822/20260823T012535Z-793b9644d0/LEGACY_GC-T900-s5101
170.00000000000045,4250,146,1.820948141132047,1.8251604094371006,1.9911667336822994,5323.0,LEGACY_GC,results/jerky_long_legacy_20260822/20260823T012535Z-793b9644d0/LEGACY_GC-T900-s5101
172.00000000000006,4300,146,1.81789817630963,1.8202683961394677,1.9841464117946965,5305.0,LEGACY_GC,results/jerky_long_legacy_20260822/20260823T012535Z-793b9644d0/LEGACY_GC-T900-s5101
173.99999999999966,4350,146,1.8180446440763691,1.8193854283553241,1.9857805264425266,5297.0,LEGACY_GC,results/jerky_long_legacy_20260822/20260823T012535Z-793b9644d0/LEGACY_GC-T900-s5101
175.99999999999926,4400,146,1.8225546330002906,1.8203884301754085,1.9964510767712644,5291.0,LEGACY_GC,results/jerky_long_legacy_20260822/20260823T012535Z-793b9644d0/LEGACY_GC-T900-s5101
177.99999999999886,4450,146,1.8261159006937848,1.8216231569429886,1.9949010057471077,5291.0,LEGACY_GC,results/jerky_long_legacy_20260822/20260823T012535Z-793b9644d0/LEGACY_GC-T900-s5101
179.99999999999847,4500,146,1.8279999815992525,1.8213334423108711,1.9963746626275882,5290.0,LEGACY_GC,results/jerky_long_legacy_20260822/20260823T012535Z-793b9644d0/LEGACY_GC-T900-s5101
181.99999999999807,4550,145,1.8275471298093517,1.8210790087113466,1.9823936422982902,5283.0,LEGACY_GC,results/jerky_long_legacy_20260822/20260823T012535Z-793b9644d0/LEGACY_GC-T900-s5101
183.99999999999767,4600,145,1.8249256820786168,1.823289682784977,1.998384822722733,5273.0,LEGACY_GC,results/jerky_long_legacy_20260822/20260823T012535Z-793b9644d0/LEGACY_GC-T900-s5101
185.99999999999727,4650,145,1.82308407399012,1.823289682784977,1.9939828910103974,5265.0,LEGACY_GC,results/jerky_long_legacy_20260822/20260823T012535Z-793b9644d0/LEGACY_GC-T900-s5101
187.99999999999687,4700,145,1.8312671769478261,1.8253522676734193,1.989895889446072,5269.0,LEGACY_GC,results/jerky_long_legacy_20260822/20260823T012535Z-793b9644d0/LEGACY_GC-T900-s5101
189.99999999999648,4750,145,1.8328989517305523,1.8385579025975751,2.0013324838237887,5258.0,LEGACY_GC,results/jerky_long_legacy_20260822/20260823T012535Z-793b9644d0/LEGACY_GC-T900-s5101
191.99999999999608,4800,144,1.831264546352925,1.833787929082853,1.9929270286287775,5255.0,LEGACY_GC,results/jerky_long_legacy_20260822/20260823T012535Z-793b9644d0/LEGACY_GC-T900-s5101
193.99999999999568,4850,144,1.824299699413697,1.8246996061293541,1.9894367886486917,5243.0,LEGACY_GC,results/jerky_long_legacy_20260822/20260823T012535Z-793b9644d0/LEGACY_GC-T900-s5101
195.99999999999528,4900,144,1.8243333852560342,1.8258959619839379,1.9949844785335111,5238.0,LEGACY_GC,results/jerky_long_legacy_20260822/20260823T012535Z-793b9644d0/LEGACY_GC-T900-s5101
197.99999999999488,4950,144,1.8267710394707164,1.8311718741333913,1.9957821818046433,5228.0,LEGACY_GC,results/jerky_long_legacy_20260822/20260823T012535Z-793b9644d0/LEGACY_GC-T900-s5101
199.9999999999945,5000,144,1.8247242272822715,1.826488634314898,1.9948979876763548,5220.0,LEGACY_GC,results/jerky_long_legacy_20260822/20260823T012535Z-793b9644d0/LEGACY_GC-T900-s5101
201.9999999999941,5050,144,1.8297978694593067,1.8308967750875342,1.9973190016315234,5223.0,LEGACY_GC,results/jerky_long_legacy_20260822/20260823T012535Z-793b9644d0/LEGACY_GC-T900-s5101
203.9999999999937,5100,143,1.8245552318323248,1.83355215260663,1.9927941634546562,5219.0,LEGACY_GC,results/jerky_long_legacy_20260822/20260823T012535Z-793b9644d0/LEGACY_GC-T900-s5101
205.9999999999933,5150,143,1.8234970118320326,1.83355215260663,1.9917086099584922,5209.0,LEGACY_GC,results/jerky_long_legacy_20260822/20260823T012535Z-793b9644d0/LEGACY_GC-T900-s5101
207.9999999999929,5200,143,1.8212595023941134,1.8196132175033837,1.9972228227406912,5205.0,LEGACY_GC,results/jerky_long_legacy_20260822/20260823T012535Z-793b9644d0/LEGACY_GC-T900-s5101
209.9999999999925,5250,141,1.8300419767298535,1.83355215260663,2.0071592823117634,5208.0,LEGACY_GC,results/jerky_long_legacy_20260822/20260823T012535Z-793b9644d0/LEGACY_GC-T900-s5101
211.9999999999921,5300,140,1.8325367170755849,1.8246592204426495,2.022275998626024,5207.0,LEGACY_GC,results/jerky_long_legacy_20260822/20260823T012535Z-793b9644d0/LEGACY_GC-T900-s5101
213.9999999999917,5350,139,1.8316839342899716,1.82396617321188,2.0243345637996275,5200.0,LEGACY_GC,results/jerky_long_legacy_20260822/20260823T012535Z-793b9644d0/LEGACY_GC-T900-s5101
215.9999999999913,5400,139,1.8282856263715268,1.8230475299617102,2.025199840566988,5192.0,LEGACY_GC,results/jerky_long_legacy_20260822/20260823T012535Z-793b9644d0/LEGACY_GC-T900-s5101
217.9999999999909,5450,139,1.834691946330957,1.8262079135663896,2.01701209818536,5194.0,LEGACY_GC,results/jerky_long_legacy_20260822/20260823T012535Z-793b9644d0/LEGACY_GC-T900-s5101
219.9999999999905,5500,138,1.8339727826566339,1.8275968545490038,2.009360147987189,5186.0,LEGACY_GC,results/jerky_long_legacy_20260822/20260823T012535Z-793b9644d0/LEGACY_GC-T900-s5101
221.9999999999901,5550,138,1.8397379479524134,1.8312253699751262,2.0319830037866535,5186.0,LEGACY_GC,results/jerky_long_legacy_20260822/20260823T012535Z-793b9644d0/LEGACY_GC-T900-s5101
223.9999999999897,5600,138,1.8421118041009297,1.8329634973376598,2.036720675893917,5180.0,LEGACY_GC,results/jerky_long_legacy_20260822/20260823T012535Z-793b9644d0/LEGACY_GC-T900-s5101
225.9999999999893,5650,136,1.8377090363122004,1.8262618937837858,2.0332493379433956,5171.0,LEGACY_GC,results/jerky_long_legacy_20260822/20260823T012535Z-793b9644d0/LEGACY_GC-T900-s5101
227.99999999998892,5700,136,1.8448409947016526,1.8345170611292698,2.0203995428071737,5170.0,LEGACY_GC,results/jerky_long_legacy_20260822/20260823T012535Z-793b9644d0/LEGACY_GC-T900-s5101
229.99999999998852,5750,136,1.8452397664381845,1.830550222007306,2.0407200480894137,5158.0,LEGACY_GC,results/jerky_long_legacy_20260822/20260823T012535Z-793b9644d0/LEGACY_GC-T900-s5101
231.99999999998812,5800,136,1.843179063083816,1.8294932349796784,2.0368528460888724,5152.0,LEGACY_GC,results/jerky_long_legacy_20260822/20260823T012535Z-793b9644d0/LEGACY_GC-T900-s5101
233.99999999998772,5850,136,1.8370097404444046,1.8219012475610803,2.04537639577067,5137.0,LEGACY_GC,results/jerky_long_legacy_20260822/20260823T012535Z-793b9644d0/LEGACY_GC-T900-s5101
235.99999999998732,5900,136,1.8327902616471738,1.8205716976679294,2.0368922949225476,5126.0,LEGACY_GC,results/jerky_long_legacy_20260822/20260823T012535Z-793b9644d0/LEGACY_GC-T900-s5101
237.99999999998693,5950,136,1.832057519016566,1.8245687694723123,2.0300233170219286,5119.0,LEGACY_GC,results/jerky_long_legacy_20260822/20260823T012535Z-793b9644d0/LEGACY_GC-T900-s5101
239.99999999998653,6000,136,1.8289608753419222,1.817640438408682,2.0306186997107876,5111.0,LEGACY_GC,results/jerky_long_legacy_20260822/20260823T012535Z-793b9644d0/LEGACY_GC-T900-s5101
241.99999999998613,6050,136,1.8315872663149875,1.8173978739731669,2.0428481120474276,5104.0,LEGACY_GC,results/jerky_long_legacy_20260822/20260823T012535Z-793b9644d0/LEGACY_GC-T900-s5101
243.99999999998573,6100,136,1.8310027509014104,1.8201474063922727,2.036443016026996,5096.0,LEGACY_GC,results/jerky_long_legacy_20260822/20260823T012535Z-793b9644d0/LEGACY_GC-T900-s5101
245.99999999998533,6150,136,1.8367710373704411,1.8245687694723123,2.036443016026996,5097.0,LEGACY_GC,results/jerky_long_legacy_20260822/20260823T012535Z-793b9644d0/LEGACY_GC-T900-s5101
247.99999999998494,6200,136,1.8414137976512435,1.832207754111858,2.0407200480894137,5097.0,LEGACY_GC,results/jerky_long_legacy_20260822/20260823T012535Z-793b9644d0/LEGACY_GC-T900-s5101
249.99999999998454,6250,135,1.849378252443707,1.8391237868396795,2.047665796311488,5102.0,LEGACY_GC,results/jerky_long_legacy_20260822/20260823T012535Z-793b9644d0/LEGACY_GC-T900-s5101
251.99999999998414,6300,133,1.8457120403320415,1.831232970714716,2.033949647335663,5089.0,LEGACY_GC,results/jerky_long_legacy_20260822/20260823T012535Z-793b9644d0/LEGACY_GC-T900-s5101
253.99999999998374,6350,133,1.8471327672014124,1.8235591907896536,2.041294928699899,5084.0,LEGACY_GC,results/jerky_long_legacy_20260822/20260823T012535Z-793b9644d0/LEGACY_GC-T900-s5101
255.99999999998334,6400,133,1.8484673906294933,1.816768690011258,2.053213273823183,5072.0,LEGACY_GC,results/jerky_long_legacy_20260822/20260823T012535Z-793b9644d0/LEGACY_GC-T900-s5101
257.99999999998437,6450,133,1.8489612321807387,1.816768690011258,2.054082686274262,5060.0,LEGACY_GC,results/jerky_long_legacy_20260822/20260823T012535Z-793b9644d0/LEGACY_GC-T900-s5101
259.9999999999854,6500,133,1.8550882387499428,1.8334649444186342,2.054082686274262,5061.0,LEGACY_GC,results/jerky_long_legacy_20260822/20260823T012535Z-793b9644d0/LEGACY_GC-T900-s5101
261.9999999999864,6550,133,1.85101331895104,1.8309505638050818,2.079556135995135,5053.0,LEGACY_GC,results/jerky_long_legacy_20260822/20260823T012535Z-793b9644d0/LEGACY_GC-T900-s5101
263.99999999998744,6600,133,1.8481244491132673,1.830677753375433,2.0580141701318904,5043.0,LEGACY_GC,results/jerky_long_legacy_20260822/20260823T012535Z-793b9644d0/LEGACY_GC-T900-s5101
265.99999999998846,6650,133,1.8476351983026624,1.8302818455567966,2.0429077309416397,5035.0,LEGACY_GC,results/jerky_long_legacy_20260822/20260823T012535Z-793b9644d0/LEGACY_GC-T900-s5101
267.9999999999895,6700,132,1.8443383251483236,1.8304797994661148,2.0439409389736425,5026.0,LEGACY_GC,results/jerky_long_legacy_20260822/20260823T012535Z-793b9644d0/LEGACY_GC-T900-s5101
269.9999999999905,6750,130,1.8465509087878629,1.8375081252556371,2.035843484358743,5014.0,LEGACY_GC,results/jerky_long_legacy_20260822/20260823T012535Z-793b9644d0/LEGACY_GC-T900-s5101
271.99999999999153,6800,130,1.846498965709888,1.8406400212604752,2.035155146925951,5009.0,LEGACY_GC,results/jerky_long_legacy_20260822/20260823T012535Z-793b9644d0/LEGACY_GC-T900-s5101
273.99999999999255,6850,129,1.8488394298532074,1.8402833856964511,2.0452673321777537,5007.0,LEGACY_GC,results/jerky_long_legacy_20260822/20260823T012535Z-793b9644d0/LEGACY_GC-T900-s5101
275.9999999999936,6900,128,1.849913812201245,1.840676371783589,2.068697208450298,5003.0,LEGACY_GC,results/jerky_long_legacy_20260822/20260823T012535Z-793b9644d0/LEGACY_GC-T900-s5101
277.9999999999946,6950,128,1.8511590155310134,1.8353610314817315,2.0797609009900224,5000.0,LEGACY_GC,results/jerky_long_legacy_20260822/20260823T012535Z-793b9644d0/LEGACY_GC-T900-s5101
279.9999999999956,7000,128,1.858393220984166,1.8381171658320898,2.0761452284240813,4994.0,LEGACY_GC,results/jerky_long_legacy_20260822/20260823T012535Z-793b9644d0/LEGACY_GC-T900-s5101
281.99999999999665,7050,128,1.8596676906522878,1.840676371783589,2.0614939028836496,4992.0,LEGACY_GC,results/jerky_long_legacy_20260822/20260823T012535Z-793b9644d0/LEGACY_GC-T900-s5101
283.99999999999767,7100,128,1.8607169213076586,1.8360550276021026,2.07895724524217,4980.0,LEGACY_GC,results/jerky_long_legacy_20260822/20260823T012535Z-793b9644d0/LEGACY_GC-T900-s5101
285.9999999999987,7150,128,1.8648155004862201,1.8398311421423101,2.07895724524217,4978.0,LEGACY_GC,results/jerky_long_legacy_20260822/20260823T012535Z-793b9644d0/LEGACY_GC-T900-s5101
287.9999999999997,7200,128,1.859579526255534,1.8338696849527385,2.080934325280579,4967.0,LEGACY_GC,results/jerky_long_legacy_20260822/20260823T012535Z-793b9644d0/LEGACY_GC-T900-s5101
290.00000000000074,7250,128,1.8599218280612368,1.8338696849527385,2.0694024429826685,4965.0,LEGACY_GC,results/jerky_long_legacy_20260822/20260823T012535Z-793b9644d0/LEGACY_GC-T900-s5101
292.00000000000176,7300,127,1.862491947308268,1.8398311421423101,2.0566805137160387,4963.0,LEGACY_GC,results/jerky_long_legacy_20260822/20260823T012535Z-793b9644d0/LEGACY_GC-T900-s5101
294.0000000000028,7350,126,1.8604717638332928,1.848296086368297,2.059945991514411,4954.0,LEGACY_GC,results/jerky_long_legacy_20260822/20260823T012535Z-793b9644d0/LEGACY_GC-T900-s5101
296.0000000000038,7400,125,1.8643935618478324,1.8490765247661407,2.0717879636626684,4952.0,LEGACY_GC,results/jerky_long_legacy_20260822/20260823T012535Z-793b9644d0/LEGACY_GC-T900-s5101
298.00000000000483,7450,125,1.8638785818372954,1.8519847923420552,2.0627948879438947,4947.0,LEGACY_GC,results/jerky_long_legacy_20260822/20260823T012535Z-793b9644d0/LEGACY_GC-T900-s5101
300.00000000000585,7500,125,1.8657696403999862,1.84274578688327,2.0594461604934864,4943.0,LEGACY_GC,results/jerky_long_legacy_20260822/20260823T012535Z-793b9644d0/LEGACY_GC-T900-s5101
302.0000000000069,7550,125,1.8615565063886934,1.8503948328706075,2.038675915249237,4934.0,LEGACY_GC,results/jerky_long_legacy_20260822/20260823T012535Z-793b9644d0/LEGACY_GC-T900-s5101
304.0000000000079,7600,125,1.8608173039883087,1.8543244007898274,2.038675915249237,4930.0,LEGACY_GC,results/jerky_long_legacy_20260822/20260823T012535Z-793b9644d0/LEGACY_GC-T900-s5101
306.0000000000089,7650,125,1.861228251919258,1.862248864041066,2.038675915249237,4917.0,LEGACY_GC,results/jerky_long_legacy_20260822/20260823T012535Z-793b9644d0/LEGACY_GC-T900-s5101
308.00000000000995,7700,125,1.8597408652157355,1.8503948328706075,2.045122808783133,4911.0,LEGACY_GC,results/jerky_long_legacy_20260822/20260823T012535Z-793b9644d0/LEGACY_GC-T900-s5101
310.00000000001097,7750,125,1.8592412476048852,1.8533849824572328,2.0686171404652525,4908.0,LEGACY_GC,results/jerky_long_legacy_20260822/20260823T012535Z-793b9644d0/LEGACY_GC-T900-s5101
312.000000000012,7800,125,1.858073409052793,1.8533849824572328,2.0780168983887286,4899.0,LEGACY_GC,results/jerky_long_legacy_20260822/20260823T012535Z-793b9644d0/LEGACY_GC-T900-s5101
314.000000000013,7850,124,1.846871002713895,1.8480616930098637,2.052633792656708,4883.0,LEGACY_GC,results/jerky_long_legacy_20260822/20260823T012535Z-793b9644d0/LEGACY_GC-T900-s5101
316.00000000001404,7900,124,1.8450422319719177,1.8477426737054445,2.0414022376296206,4881.0,LEGACY_GC,results/jerky_long_legacy_20260822/20260823T012535Z-793b9644d0/LEGACY_GC-T900-s5101
318.00000000001506,7950,124,1.8462237629201552,1.8522851791487713,2.048406021690066,4878.0,LEGACY_GC,results/jerky_long_legacy_20260822/20260823T012535Z-793b9644d0/LEGACY_GC-T900-s5101
320.0000000000161,8000,124,1.8519654017518519,1.8482999324508145,2.061676345678455,4880.0,LEGACY_GC,results/jerky_long_legacy_20260822/20260823T012535Z-793b9644d0/LEGACY_GC-T900-s5101
322.0000000000171,8050,124,1.850662459514089,1.8512823149993882,2.035086442995561,4877.0,LEGACY_GC,results/jerky_long_legacy_20260822/20260823T012535Z-793b9644d0/LEGACY_GC-T900-s5101
324.00000000001813,8100,124,1.85167515343713,1.8465721967978372,2.027614265400271,4877.0,LEGACY_GC,results/jerky_long_legacy_20260822/20260823T012535Z-793b9644d0/LEGACY_GC-T900-s5101
326.00000000001916,8150,124,1.8502526701643285,1.8488158578204477,2.019304765635008,4873.0,LEGACY_GC,results/jerky_long_legacy_20260822/20260823T012535Z-793b9644d0/LEGACY_GC-T900-s5101
328.0000000000202,8200,124,1.8492543939647894,1.8373970077185517,2.031031260760282,4865.0,LEGACY_GC,results/jerky_long_legacy_20260822/20260823T012535Z-793b9644d0/LEGACY_GC-T900-s5101
330.0000000000212,8250,124,1.8515179677269737,1.8428310110067154,2.062395028114435,4861.0,LEGACY_GC,results/jerky_long_legacy_20260822/20260823T012535Z-793b9644d0/LEGACY_GC-T900-s5101
332.0000000000222,8300,124,1.8498244668138235,1.8349114714486574,2.053250945910717,4853.0,LEGACY_GC,results/jerky_long_legacy_20260822/20260823T012535Z-793b9644d0/LEGACY_GC-T900-s5101
334.00000000002325,8350,124,1.8470498293977622,1.833985126159043,2.030018493473812,4842.0,LEGACY_GC,results/jerky_long_legacy_20260822/20260823T012535Z-793b9644d0/LEGACY_GC-T900-s5101
336.0000000000243,8400,124,1.8459326293725595,1.8394774644909948,2.032886867917521,4839.0,LEGACY_GC,results/jerky_long_legacy_20260822/20260823T012535Z-793b9644d0/LEGACY_GC-T900-s5101
338.0000000000253,8450,123,1.8457521550337874,1.841521601424868,2.033047101768543,4838.0,LEGACY_GC,results/jerky_long_legacy_20260822/20260823T012535Z-793b9644d0/LEGACY_GC-T900-s5101
340.0000000000263,8500,122,1.841975174573362,1.8400988475175173,2.036641467514671,4830.0,LEGACY_GC,results/jerky_long_legacy_20260822/20260823T012535Z-793b9644d0/LEGACY_GC-T900-s5101
342.00000000002734,8550,122,1.836604104885227,1.8180230382218712,2.0578417100062762,4822.0,LEGACY_GC,results/jerky_long_legacy_20260822/20260823T012535Z-793b9644d0/LEGACY_GC-T900-s5101
344.00000000002836,8600,122,1.8396621823345791,1.8047884571149835,2.0626870706419975,4823.0,LEGACY_GC,results/jerky_long_legacy_20260822/20260823T012535Z-793b9644d0/LEGACY_GC-T900-s5101
346.0000000000294,8650,122,1.8454842097138064,1.820683016470461,2.0784406603346137,4824.0,LEGACY_GC,results/jerky_long_legacy_20260822/20260823T012535Z-793b9644d0/LEGACY_GC-T900-s5101
348.0000000000304,8700,122,1.8398685425587304,1.81043194897262,2.0340190790927473,4817.0,LEGACY_GC,results/jerky_long_legacy_20260822/20260823T012535Z-793b9644d0/LEGACY_GC-T900-s5101
350.00000000003143,8750,122,1.8409369376563829,1.820877139056587,2.0352939176942964,4814.0,LEGACY_GC,results/jerky_long_legacy_20260822/20260823T012535Z-793b9644d0/LEGACY_GC-T900-s5101
352.00000000003246,8800,122,1.8484959531000946,1.8329634973376598,2.0527969549946308,4817.0,LEGACY_GC,results/jerky_long_legacy_20260822/20260823T012535Z-793b9644d0/LEGACY_GC-T900-s5101
354.0000000000335,8850,121,1.8502350159755903,1.8344978705393633,2.04627783975294,4814.0,LEGACY_GC,results/jerky_long_legacy_20260822/20260823T012535Z-793b9644d0/LEGACY_GC-T900-s5101
356.0000000000345,8900,120,1.838964418387968,1.8307897868645366,2.0556291425777875,4798.0,LEGACY_GC,results/jerky_long_legacy_20260822/20260823T012535Z-793b9644d0/LEGACY_GC-T900-s5101
358.0000000000355,8950,120,1.843803564541326,1.8315885118139819,2.0612809415190907,4796.0,LEGACY_GC,results/jerky_long_legacy_20260822/20260823T012535Z-793b9644d0/LEGACY_GC-T900-s5101
360.00000000003655,9000,120,1.8466796134657362,1.8258665524533593,2.046998750644994,4790.0,LEGACY_GC,results/jerky_long_legacy_20260822/20260823T012535Z-793b9644d0/LEGACY_GC-T900-s5101
362.0000000000376,9050,119,1.8466385170033834,1.8244182423902529,2.065130965496797,4787.0,LEGACY_GC,results/jerky_long_legacy_20260822/20260823T012535Z-793b9644d0/LEGACY_GC-T900-s5101
364.0000000000386,9100,119,1.8573969537376285,1.8439287616125601,2.075373025113034,4779.0,LEGACY_GC,results/jerky_long_legacy_20260822/20260823T012535Z-793b9644d0/LEGACY_GC-T900-s5101
366.0000000000396,9150,119,1.852650014037733,1.8503948328706075,2.0692458220848367,4767.0,LEGACY_GC,results/jerky_long_legacy_20260822/20260823T012535Z-793b9644d0/LEGACY_GC-T900-s5101
368.00000000004064,9200,119,1.8534283208496267,1.837571384935051,2.0670699589701313,4760.0,LEGACY_GC,results/jerky_long_legacy_20260822/20260823T012535Z-793b9644d0/LEGACY_GC-T900-s5101
370.00000000004167,9250,118,1.8698073895348355,1.8641733842230523,2.0491553935823497,4766.0,LEGACY_GC,results/jerky_long_legacy_20260822/20260823T012535Z-793b9644d0/LEGACY_GC-T900-s5101
372.0000000000427,9300,116,1.856231561042892,1.8568669185094184,2.0384927742725862,4754.0,LEGACY_GC,results/jerky_long_legacy_20260822/20260823T012535Z-793b9644d0/LEGACY_GC-T900-s5101
374.0000000000437,9350,115,1.8557898709835317,1.844611888325607,2.0342121799030863,4750.0,LEGACY_GC,results/jerky_long_legacy_20260822/20260823T012535Z-793b9644d0/LEGACY_GC-T900-s5101
376.00000000004474,9400,115,1.8536353282490206,1.8398311421423101,2.0429707240523296,4741.0,LEGACY_GC,results/jerky_long_legacy_20260822/20260823T012535Z-793b9644d0/LEGACY_GC-T900-s5101
378.00000000004576,9450,114,1.8474138870393901,1.836877458958798,2.0402447937454586,4729.0,LEGACY_GC,results/jerky_long_legacy_20260822/20260823T012535Z-793b9644d0/LEGACY_GC-T900-s5101
380.0000000000468,9500,114,1.8515454796372184,1.8333047375864608,2.044280860947802,4719.0,LEGACY_GC,results/jerky_long_legacy_20260822/20260823T012535Z-793b9644d0/LEGACY_GC-T900-s5101
382.0000000000478,9550,114,1.8544728230189809,1.8362020776051524,2.043434662941918,4712.0,LEGACY_GC,results/jerky_long_legacy_20260822/20260823T012535Z-793b9644d0/LEGACY_GC-T900-s5101
384.00000000004883,9600,111,1.849428821866282,1.830677753375433,2.0453647304982536,4709.0,LEGACY_GC,results/jerky_long_legacy_20260822/20260823T012535Z-793b9644d0/LEGACY_GC-T900-s5101
386.00000000004985,9650,110,1.8538051531639468,1.842571593808493,2.0419011302101877,4710.0,LEGACY_GC,results/jerky_long_legacy_20260822/20260823T012535Z-793b9644d0/LEGACY_GC-T900-s5101
388.0000000000509,9700,110,1.856364234927604,1.833243294559476,2.074622089733271,4699.0,LEGACY_GC,results/jerky_long_legacy_20260822/20260823T012535Z-793b9644d0/LEGACY_GC-T900-s5101
390.0000000000519,9750,110,1.8568290998892376,1.832207754111858,2.0600151755300016,4695.0,LEGACY_GC,results/jerky_long_legacy_20260822/20260823T012535Z-793b9644d0/LEGACY_GC-T900-s5101
392.0000000000529,9800,110,1.8630438891424297,1.8528900623698936,2.0602732077289585,4697.0,LEGACY_GC,results/jerky_long_legacy_20260822/20260823T012535Z-793b9644d0/LEGACY_GC-T900-s5101
394.00000000005394,9850,109,1.861572052904867,1.8656919166274812,2.046003849779534,4687.0,LEGACY_GC,results/jerky_long_legacy_20260822/20260823T012535Z-793b9644d0/LEGACY_GC-T900-s5101
396.00000000005497,9900,108,1.8573043577748238,1.85443728277522,2.0419258752496026,4677.0,LEGACY_GC,results/jerky_long_legacy_20260822/20260823T012535Z-793b9644d0/LEGACY_GC-T900-s5101
398.000000000056,9950,107,1.8568646284331691,1.8364031895218693,2.0724876361359903,4658.0,LEGACY_GC,results/jerky_long_legacy_20260822/20260823T012535Z-793b9644d0/LEGACY_GC-T900-s5101
400.000000000057,10000,107,1.8580065851998093,1.8459416692746737,2.0754833131536468,4645.0,LEGACY_GC,results/jerky_long_legacy_20260822/20260823T012535Z-793b9644d0/LEGACY_GC-T900-s5101
140.00000000000642,3500,154,1.8109082440670914,1.7963410979579115,1.9966134072482347,5438.0,LEGACY_GSC,results/jerky_long_legacy_20260822/20260823T012535Z-793b9644d0/LEGACY_GSC-T900-s5101
142.00000000000603,3550,154,1.813681231516263,1.7949589536830435,1.9867842062638268,5431.0,LEGACY_GSC,results/jerky_long_legacy_20260822/20260823T012535Z-793b9644d0/LEGACY_GSC-T900-s5101
144.00000000000563,3600,154,1.8009234434815735,1.790955769502113,1.992742905824031,5409.0,LEGACY_GSC,results/jerky_long_legacy_20260822/20260823T012535Z-793b9644d0/LEGACY_GSC-T900-s5101
146.00000000000523,3650,154,1.7956333057505984,1.778849170425385,1.9861432328623356,5400.0,LEGACY_GSC,results/jerky_long_legacy_20260822/20260823T012535Z-793b9644d0/LEGACY_GSC-T900-s5101
148.00000000000483,3700,154,1.8004210688838276,1.7967870304989013,1.9680210867473558,5400.0,LEGACY_GSC,results/jerky_long_legacy_20260822/20260823T012535Z-793b9644d0/LEGACY_GSC-T900-s5101
150.00000000000443,3750,153,1.8042806503321884,1.799675125731432,1.979878142869496,5405.0,LEGACY_GSC,results/jerky_long_legacy_20260822/20260823T012535Z-793b9644d0/LEGACY_GSC-T900-s5101
152.00000000000404,3800,153,1.80329648025311,1.8060135386314367,1.9816967341738672,5394.0,LEGACY_GSC,results/jerky_long_legacy_20260822/20260823T012535Z-793b9644d0/LEGACY_GSC-T900-s5101
154.00000000000364,3850,152,1.803880250840871,1.799509463918035,1.9723269846933056,5381.0,LEGACY_GSC,results/jerky_long_legacy_20260822/20260823T012535Z-793b9644d0/LEGACY_GSC-T900-s5101
156.00000000000324,3900,151,1.8015734652615634,1.7996318653500532,1.9504946217219512,5373.0,LEGACY_GSC,results/jerky_long_legacy_20260822/20260823T012535Z-793b9644d0/LEGACY_GSC-T900-s5101
158.00000000000284,3950,150,1.8066757459739589,1.796223885289255,1.9555160907001183,5370.0,LEGACY_GSC,results/jerky_long_legacy_20260822/20260823T012535Z-793b9644d0/LEGACY_GSC-T900-s5101
160.00000000000244,4000,149,1.8126196548340308,1.8025048036020788,1.966788928191225,5372.0,LEGACY_GSC,results/jerky_long_legacy_20260822/20260823T012535Z-793b9644d0/LEGACY_GSC-T900-s5101
162.00000000000205,4050,148,1.8166568928937603,1.808749526874676,1.9677039401935092,5371.0,LEGACY_GSC,results/jerky_long_legacy_20260822/20260823T012535Z-793b9644d0/LEGACY_GSC-T900-s5101
164.00000000000165,4100,148,1.815853847135363,1.81055945091158,1.9696764683747021,5364.0,LEGACY_GSC,results/jerky_long_legacy_20260822/20260823T012535Z-793b9644d0/LEGACY_GSC-T900-s5101
166.00000000000125,4150,147,1.8143082035413158,1.8037560217081472,1.9881539094718972,5364.0,LEGACY_GSC,results/jerky_long_legacy_20260822/20260823T012535Z-793b9644d0/LEGACY_GSC-T900-s5101
168.00000000000085,4200,146,1.814214469530666,1.8052201716068894,1.9747778971706977,5359.0,LEGACY_GSC,results/jerky_long_legacy_20260822/20260823T012535Z-793b9644d0/LEGACY_GSC-T900-s5101
170.00000000000045,4250,146,1.8212120785357326,1.8129566108808184,1.9863761166661553,5356.0,LEGACY_GSC,results/jerky_long_legacy_20260822/20260823T012535Z-793b9644d0/LEGACY_GSC-T900-s5101
172.00000000000006,4300,146,1.820424585847044,1.8153118261570638,1.9884663316786193,5336.0,LEGACY_GSC,results/jerky_long_legacy_20260822/20260823T012535Z-793b9644d0/LEGACY_GSC-T900-s5101
173.99999999999966,4350,145,1.8256822261276238,1.8230475299617102,1.9935770593324766,5329.0,LEGACY_GSC,results/jerky_long_legacy_20260822/20260823T012535Z-793b9644d0/LEGACY_GSC-T900-s5101
175.99999999999926,4400,145,1.8231906612223172,1.8189136353359467,1.998808084047576,5323.0,LEGACY_GSC,results/jerky_long_legacy_20260822/20260823T012535Z-793b9644d0/LEGACY_GSC-T900-s5101
177.99999999999886,4450,145,1.8238102554004418,1.8153118261570638,1.9950895821177517,5320.0,LEGACY_GSC,results/jerky_long_legacy_20260822/20260823T012535Z-793b9644d0/LEGACY_GSC-T900-s5101
179.99999999999847,4500,145,1.8233650709761653,1.813656126349428,2.001494045866128,5315.0,LEGACY_GSC,results/jerky_long_legacy_20260822/20260823T012535Z-793b9644d0/LEGACY_GSC-T900-s5101
181.99999999999807,4550,145,1.8292536270697246,1.8240144074636788,2.0039529977117247,5307.0,LEGACY_GSC,results/jerky_long_legacy_20260822/20260823T012535Z-793b9644d0/LEGACY_GSC-T900-s5101
183.99999999999767,4600,145,1.827716860504967,1.815481722816445,1.9894367886486917,5298.0,LEGACY_GSC,results/jerky_long_legacy_20260822/20260823T012535Z-793b9644d0/LEGACY_GSC-T900-s5101
185.99999999999727,4650,145,1.8279510269230321,1.8251713657327449,1.9810415614042187,5291.0,LEGACY_GSC,results/jerky_long_legacy_20260822/20260823T012535Z-793b9644d0/LEGACY_GSC-T900-s5101
187.99999999999687,4700,145,1.830106413754775,1.815481722816445,1.9912051769052683,5280.0,LEGACY_GSC,results/jerky_long_legacy_20260822/20260823T012535Z-793b9644d0/LEGACY_GSC-T900-s5101
189.99999999999648,4750,145,1.8308418613089983,1.82396617321188,1.9894367886486917,5275.0,LEGACY_GSC,results/jerky_long_legacy_20260822/20260823T012535Z-793b9644d0/LEGACY_GSC-T900-s5101
191.99999999999608,4800,145,1.8241255141750972,1.8203884301754085,1.992384102409653,5259.0,LEGACY_GSC,results/jerky_long_legacy_20260822/20260823T012535Z-793b9644d0/LEGACY_GSC-T900-s5101
193.99999999999568,4850,145,1.8315687064252462,1.8259986388730203,1.9989138016962753,5262.0,LEGACY_GSC,results/jerky_long_legacy_20260822/20260823T012535Z-793b9644d0/LEGACY_GSC-T900-s5101
195.99999999999528,4900,145,1.831287874774066,1.8311861350061824,1.9912051769052683,5262.0,LEGACY_GSC,results/jerky_long_legacy_20260822/20260823T012535Z-793b9644d0/LEGACY_GSC-T900-s5101
197.99999999999488,4950,145,1.8280932636636604,1.8311759744505711,2.0119257611621593,5250.0,LEGACY_GSC,results/jerky_long_legacy_20260822/20260823T012535Z-793b9644d0/LEGACY_GSC-T900-s5101
199.9999999999945,5000,145,1.8252530330609924,1.82396617321188,1.9912051769052683,5244.0,LEGACY_GSC,results/jerky_long_legacy_20260822/20260823T012535Z-793b9644d0/LEGACY_GSC-T900-s5101
201.9999999999941,5050,145,1.8190947763174445,1.8201102890434047,1.9887566393192393,5236.0,LEGACY_GSC,results/jerky_long_legacy_20260822/20260823T012535Z-793b9644d0/LEGACY_GSC-T900-s5101
203.9999999999937,5100,143,1.8242619962994957,1.8222016715229004,2.0087596062478443,5237.0,LEGACY_GSC,results/jerky_long_legacy_20260822/20260823T012535Z-793b9644d0/LEGACY_GSC-T900-s5101
205.9999999999933,5150,143,1.8215924235190157,1.8222016715229004,2.009650033785323,5232.0,LEGACY_GSC,results/jerky_long_legacy_20260822/20260823T012535Z-793b9644d0/LEGACY_GSC-T900-s5101
207.9999999999929,5200,143,1.8181760688210065,1.8194025906142628,2.015324397186697,5224.0,LEGACY_GSC,results/jerky_long_legacy_20260822/20260823T012535Z-793b9644d0/LEGACY_GSC-T900-s5101
209.9999999999925,5250,141,1.8267273560367179,1.8302818455567966,2.0159626124973413,5225.0,LEGACY_GSC,results/jerky_long_legacy_20260822/20260823T012535Z-793b9644d0/LEGACY_GSC-T900-s5101
211.9999999999921,5300,140,1.8256721871007955,1.8205946488773757,2.017079489290969,5223.0,LEGACY_GSC,results/jerky_long_legacy_20260822/20260823T012535Z-793b9644d0/LEGACY_GSC-T900-s5101
213.9999999999917,5350,140,1.8201998130707304,1.8192634264196652,2.026092767073682,5207.0,LEGACY_GSC,results/jerky_long_legacy_20260822/20260823T012535Z-793b9644d0/LEGACY_GSC-T900-s5101
215.9999999999913,5400,140,1.8244704706506887,1.8209597296694815,2.0126577557555425,5206.0,LEGACY_GSC,results/jerky_long_legacy_20260822/20260823T012535Z-793b9644d0/LEGACY_GSC-T900-s5101
217.9999999999909,5450,139,1.8312530012376083,1.82396617321188,2.0098265907132635,5202.0,LEGACY_GSC,results/jerky_long_legacy_20260822/20260823T012535Z-793b9644d0/LEGACY_GSC-T900-s5101
219.9999999999905,5500,139,1.8334674749039142,1.8209459410737523,2.0121652313990084,5195.0,LEGACY_GSC,results/jerky_long_legacy_20260822/20260823T012535Z-793b9644d0/LEGACY_GSC-T900-s5101
221.9999999999901,5550,139,1.8357987356375964,1.8156926424400395,2.0164416341469784,5187.0,LEGACY_GSC,results/jerky_long_legacy_20260822/20260823T012535Z-793b9644d0/LEGACY_GSC-T900-s5101
223.9999999999897,5600,139,1.8396147316333933,1.8153118261570638,2.0256192185214172,5185.0,LEGACY_GSC,results/jerky_long_legacy_20260822/20260823T012535Z-793b9644d0/LEGACY_GSC-T900-s5101
225.9999999999893,5650,139,1.8401702273336336,1.8251713657327449,2.028188808717981,5182.0,LEGACY_GSC,results/jerky_long_legacy_20260822/20260823T012535Z-793b9644d0/LEGACY_GSC-T900-s5101
227.99999999998892,5700,137,1.8466493544085447,1.8420711006006405,2.047998962332613,5180.0,LEGACY_GSC,results/jerky_long_legacy_20260822/20260823T012535Z-793b9644d0/LEGACY_GSC-T900-s5101
229.99999999998852,5750,137,1.8487212298563966,1.8235379920359533,2.0514999912396994,5174.0,LEGACY_GSC,results/jerky_long_legacy_20260822/20260823T012535Z-793b9644d0/LEGACY_GSC-T900-s5101
231.99999999998812,5800,137,1.8423080227187016,1.8153118261570638,2.026517947396652,5162.0,LEGACY_GSC,results/jerky_long_legacy_20260822/20260823T012535Z-793b9644d0/LEGACY_GSC-T900-s5101
233.99999999998772,5850,137,1.8432346436162614,1.8235379920359533,2.0413984755218295,5156.0,LEGACY_GSC,results/jerky_long_legacy_20260822/20260823T012535Z-793b9644d0/LEGACY_GSC-T900-s5101
235.99999999998732,5900,137,1.8371478040641014,1.82396617321188,2.0303706087813724,5141.0,LEGACY_GSC,results/jerky_long_legacy_20260822/20260823T012535Z-793b9644d0/LEGACY_GSC-T900-s5101
237.99999999998693,5950,137,1.8292393330023136,1.8215689837087,2.006495033509761,5125.0,LEGACY_GSC,results/jerky_long_legacy_20260822/20260823T012535Z-793b9644d0/LEGACY_GSC-T900-s5101
239.99999999998653,6000,137,1.8298089489505713,1.8215689837087,2.0084457090305188,5115.0,LEGACY_GSC,results/jerky_long_legacy_20260822/20260823T012535Z-793b9644d0/LEGACY_GSC-T900-s5101
241.99999999998613,6050,136,1.8307306743872256,1.8262058344018022,2.001931005765987,5109.0,LEGACY_GSC,results/jerky_long_legacy_20260822/20260823T012535Z-793b9644d0/LEGACY_GSC-T900-s5101
243.99999999998573,6100,135,1.831041607364886,1.82396617321188,2.0034512265620203,5099.0,LEGACY_GSC,results/jerky_long_legacy_20260822/20260823T012535Z-793b9644d0/LEGACY_GSC-T900-s5101
245.99999999998533,6150,135,1.8329762185765652,1.82396617321188,1.9926916481934054,5093.0,LEGACY_GSC,results/jerky_long_legacy_20260822/20260823T012535Z-793b9644d0/LEGACY_GSC-T900-s5101
247.99999999998494,6200,135,1.836743593754421,1.8386130609894047,1.9912051769052685,5094.0,LEGACY_GSC,results/jerky_long_legacy_20260822/20260823T012535Z-793b9644d0/LEGACY_GSC-T900-s5101
249.99999999998454,6250,134,1.8394226070571567,1.8398276193103402,1.9955391691382651,5096.0,LEGACY_GSC,results/jerky_long_legacy_20260822/20260823T012535Z-793b9644d0/LEGACY_GSC-T900-s5101
251.99999999998414,6300,134,1.835527254015086,1.8394797396533087,1.9913964424475694,5089.0,LEGACY_GSC,results/jerky_long_legacy_20260822/20260823T012535Z-793b9644d0/LEGACY_GSC-T900-s5101
253.99999999998374,6350,134,1.830254929400062,1.8346668399200583,1.9894367886486917,5079.0,LEGACY_GSC,results/jerky_long_legacy_20260822/20260823T012535Z-793b9644d0/LEGACY_GSC-T900-s5101
255.99999999998334,6400,133,1.8311746825073645,1.8319993449426801,1.9992081618989848,5079.0,LEGACY_GSC,results/jerky_long_legacy_20260822/20260823T012535Z-793b9644d0/LEGACY_GSC-T900-s5101
257.99999999998437,6450,133,1.833682244782773,1.8230475299617102,2.0035303071783783,5073.0,LEGACY_GSC,results/jerky_long_legacy_20260822/20260823T012535Z-793b9644d0/LEGACY_GSC-T900-s5101
259.9999999999854,6500,133,1.8326793104132937,1.8153118261570638,1.9961847784178355,5061.0,LEGACY_GSC,results/jerky_long_legacy_20260822/20260823T012535Z-793b9644d0/LEGACY_GSC-T900-s5101
261.9999999999864,6550,133,1.833962946405775,1.8189136353359467,2.001258482962267,5055.0,LEGACY_GSC,results/jerky_long_legacy_20260822/20260823T012535Z-793b9644d0/LEGACY_GSC-T900-s5101
263.99999999998744,6600,133,1.8393685578145196,1.8309505638050818,2.012507100579395,5049.0,LEGACY_GSC,results/jerky_long_legacy_20260822/20260823T012535Z-793b9644d0/LEGACY_GSC-T900-s5101
265.99999999998846,6650,133,1.8431154664785205,1.8305844214942335,2.0448833392991825,5046.0,LEGACY_GSC,results/jerky_long_legacy_20260822/20260823T012535Z-793b9644d0/LEGACY_GSC-T900-s5101
267.9999999999895,6700,133,1.8505402818175585,1.8309505638050818,2.044458926117604,5032.0,LEGACY_GSC,results/jerky_long_legacy_20260822/20260823T012535Z-793b9644d0/LEGACY_GSC-T900-s5101
269.9999999999905,6750,133,1.8474644771212223,1.8334649444186342,2.0158428908664305,5030.0,LEGACY_GSC,results/jerky_long_legacy_20260822/20260823T012535Z-793b9644d0/LEGACY_GSC-T900-s5101
271.99999999999153,6800,133,1.850643341410771,1.8334649444186342,2.0378370726321906,5026.0,LEGACY_GSC,results/jerky_long_legacy_20260822/20260823T012535Z-793b9644d0/LEGACY_GSC-T900-s5101
273.99999999999255,6850,130,1.8514810729451554,1.8457604027696055,2.0400033726277322,5026.0,LEGACY_GSC,results/jerky_long_legacy_20260822/20260823T012535Z-793b9644d0/LEGACY_GSC-T900-s5101
275.9999999999936,6900,130,1.8495478971908954,1.8438997492078306,2.0420760746291875,5019.0,LEGACY_GSC,results/jerky_long_legacy_20260822/20260823T012535Z-793b9644d0/LEGACY_GSC-T900-s5101
277.9999999999946,6950,130,1.848454708087932,1.8409667207370486,2.040563806915743,5012.0,LEGACY_GSC,results/jerky_long_legacy_20260822/20260823T012535Z-793b9644d0/LEGACY_GSC-T900-s5101
279.9999999999956,7000,130,1.8541408013703704,1.8529493677547333,2.038391455085863,5016.0,LEGACY_GSC,results/jerky_long_legacy_20260822/20260823T012535Z-793b9644d0/LEGACY_GSC-T900-s5101
281.99999999999665,7050,128,1.8518387530221267,1.8539139431674114,2.04485784694899,5007.0,LEGACY_GSC,results/jerky_long_legacy_20260822/20260823T012535Z-793b9644d0/LEGACY_GSC-T900-s5101
283.99999999999767,7100,128,1.8482124017622263,1.8448327999289993,2.0422110520166017,4997.0,LEGACY_GSC,results/jerky_long_legacy_20260822/20260823T012535Z-793b9644d0/LEGACY_GSC-T900-s5101
285.9999999999987,7150,128,1.8532883170492287,1.8451642070235599,2.062414738704956,4998.0,LEGACY_GSC,results/jerky_long_legacy_20260822/20260823T012535Z-793b9644d0/LEGACY_GSC-T900-s5101
287.9999999999997,7200,128,1.8559138469361527,1.8451642070235599,2.0590400703221383,4997.0,LEGACY_GSC,results/jerky_long_legacy_20260822/20260823T012535Z-793b9644d0/LEGACY_GSC-T900-s5101
290.00000000000074,7250,128,1.859670512654652,1.8555733975853173,2.0708363481993217,4994.0,LEGACY_GSC,results/jerky_long_legacy_20260822/20260823T012535Z-793b9644d0/LEGACY_GSC-T900-s5101
292.00000000000176,7300,127,1.8552838710242634,1.8490765247661407,2.0755542436647265,4980.0,LEGACY_GSC,results/jerky_long_legacy_20260822/20260823T012535Z-793b9644d0/LEGACY_GSC-T900-s5101
294.0000000000028,7350,127,1.8557284873164084,1.8490765247661407,2.076183739617248,4973.0,LEGACY_GSC,results/jerky_long_legacy_20260822/20260823T012535Z-793b9644d0/LEGACY_GSC-T900-s5101
296.0000000000038,7400,127,1.853281389550502,1.8490765247661407,2.0594504600763863,4965.0,LEGACY_GSC,results/jerky_long_legacy_20260822/20260823T012535Z-793b9644d0/LEGACY_GSC-T900-s5101
298.00000000000483,7450,126,1.8492551748000534,1.840875446780151,2.058972700692162,4956.0,LEGACY_GSC,results/jerky_long_legacy_20260822/20260823T012535Z-793b9644d0/LEGACY_GSC-T900-s5101
300.00000000000585,7500,126,1.856894203906896,1.8456255256991887,2.0523510647106122,4943.0,LEGACY_GSC,results/jerky_long_legacy_20260822/20260823T012535Z-793b9644d0/LEGACY_GSC-T900-s5101
302.0000000000069,7550,126,1.8600796644953892,1.8602019425502072,2.047733285352149,4939.0,LEGACY_GSC,results/jerky_long_legacy_20260822/20260823T012535Z-793b9644d0/LEGACY_GSC-T900-s5101
304.0000000000079,7600,126,1.8488898381532912,1.8242702442602656,2.0417148211175817,4918.0,LEGACY_GSC,results/jerky_long_legacy_20260822/20260823T012535Z-793b9644d0/LEGACY_GSC-T900-s5101
306.0000000000089,7650,126,1.8493442824334556,1.8191144800608883,2.045352508342547,4912.0,LEGACY_GSC,results/jerky_long_legacy_20260822/20260823T012535Z-793b9644d0/LEGACY_GSC-T900-s5101
308.00000000000995,7700,126,1.8519023494139795,1.823506851586795,2.0416647596454256,4907.0,LEGACY_GSC,results/jerky_long_legacy_20260822/20260823T012535Z-793b9644d0/LEGACY_GSC-T900-s5101
310.00000000001097,7750,125,1.8492969382964273,1.8210790087113466,2.0441150203553695,4898.0,LEGACY_GSC,results/jerky_long_legacy_20260822/20260823T012535Z-793b9644d0/LEGACY_GSC-T900-s5101
312.000000000012,7800,125,1.8431779166766407,1.8189136353359467,2.0411558707415187,4893.0,LEGACY_GSC,results/jerky_long_legacy_20260822/20260823T012535Z-793b9644d0/LEGACY_GSC-T900-s5101
314.000000000013,7850,125,1.840864248811961,1.815349255884279,2.0500753057203305,4885.0,LEGACY_GSC,results/jerky_long_legacy_20260822/20260823T012535Z-793b9644d0/LEGACY_GSC-T900-s5101
316.00000000001404,7900,124,1.8397173890400111,1.8241502085306547,2.0467314579075495,4881.0,LEGACY_GSC,results/jerky_long_legacy_20260822/20260823T012535Z-793b9644d0/LEGACY_GSC-T900-s5101
318.00000000001506,7950,124,1.8350680942201676,1.8194436239601162,2.032230165795826,4872.0,LEGACY_GSC,results/jerky_long_legacy_20260822/20260823T012535Z-793b9644d0/LEGACY_GSC-T900-s5101
320.0000000000161,8000,123,1.8312184681855406,1.8063694033681126,2.0343804698747516,4865.0,LEGACY_GSC,results/jerky_long_legacy_20260822/20260823T012535Z-793b9644d0/LEGACY_GSC-T900-s5101
322.0000000000171,8050,123,1.830680202991177,1.7963311861387736,2.0328962263953017,4861.0,LEGACY_GSC,results/jerky_long_legacy_20260822/20260823T012535Z-793b9644d0/LEGACY_GSC-T900-s5101
324.00000000001813,8100,123,1.8323092907571563,1.7963311861387736,2.031784250350206,4858.0,LEGACY_GSC,results/jerky_long_legacy_20260822/20260823T012535Z-793b9644d0/LEGACY_GSC-T900-s5101
326.00000000001916,8150,123,1.8321731397065109,1.797514651390818,2.033314407537049,4856.0,LEGACY_GSC,results/jerky_long_legacy_20260822/20260823T012535Z-793b9644d0/LEGACY_GSC-T900-s5101
328.0000000000202,8200,123,1.8377290280789969,1.8037560217081472,2.0439703009356784,4853.0,LEGACY_GSC,results/jerky_long_legacy_20260822/20260823T012535Z-793b9644d0/LEGACY_GSC-T900-s5101
330.0000000000212,8250,122,1.8363114498432813,1.8227916955861894,2.0425382321163923,4848.0,LEGACY_GSC,results/jerky_long_legacy_20260822/20260823T012535Z-793b9644d0/LEGACY_GSC-T900-s5101
332.0000000000222,8300,122,1.8401306226100347,1.8287608068405072,2.0361720343927163,4848.0,LEGACY_GSC,results/jerky_long_legacy_20260822/20260823T012535Z-793b9644d0/LEGACY_GSC-T900-s5101
334.00000000002325,8350,122,1.8369962916455154,1.810917172914346,2.0361720343927163,4841.0,LEGACY_GSC,results/jerky_long_legacy_20260822/20260823T012535Z-793b9644d0/LEGACY_GSC-T900-s5101
336.0000000000243,8400,122,1.8421321973144427,1.8112641316815972,2.0435494692999363,4838.0,LEGACY_GSC,results/jerky_long_legacy_20260822/20260823T012535Z-793b9644d0/LEGACY_GSC-T900-s5101
338.0000000000253,8450,122,1.8417077658454266,1.8116617574434308,2.0364686983623783,4837.0,LEGACY_GSC,results/jerky_long_legacy_20260822/20260823T012535Z-793b9644d0/LEGACY_GSC-T900-s5101
340.0000000000263,8500,122,1.8505552659312352,1.82396617321188,2.0428348960860543,4842.0,LEGACY_GSC,results/jerky_long_legacy_20260822/20260823T012535Z-793b9644d0/LEGACY_GSC-T900-s5101
342.00000000002734,8550,121,1.8379767781328509,1.8235379920359533,2.01203286081606,4830.0,LEGACY_GSC,results/jerky_long_legacy_20260822/20260823T012535Z-793b9644d0/LEGACY_GSC-T900-s5101
344.00000000002836,8600,121,1.8369205463438474,1.8340712489637463,2.024529959330445,4830.0,LEGACY_GSC,results/jerky_long_legacy_20260822/20260823T012535Z-793b9644d0/LEGACY_GSC-T900-s5101
346.0000000000294,8650,121,1.838609355062074,1.8378168948255813,2.006857426027402,4828.0,LEGACY_GSC,results/jerky_long_legacy_20260822/20260823T012535Z-793b9644d0/LEGACY_GSC-T900-s5101
348.0000000000304,8700,121,1.8405883300726722,1.8378168948255813,2.0257294430357558,4818.0,LEGACY_GSC,results/jerky_long_legacy_20260822/20260823T012535Z-793b9644d0/LEGACY_GSC-T900-s5101
350.00000000003143,8750,121,1.8380596876671884,1.8397787454532264,2.0146195328088017,4806.0,LEGACY_GSC,results/jerky_long_legacy_20260822/20260823T012535Z-793b9644d0/LEGACY_GSC-T900-s5101
352.00000000003246,8800,121,1.844858246580858,1.8398311421423101,2.0292255244216655,4807.0,LEGACY_GSC,results/jerky_long_legacy_20260822/20260823T012535Z-793b9644d0/LEGACY_GSC-T900-s5101
354.0000000000335,8850,121,1.8493128926777866,1.8322386686275984,2.0242640928216127,4808.0,LEGACY_GSC,results/jerky_long_legacy_20260822/20260823T012535Z-793b9644d0/LEGACY_GSC-T900-s5101
356.0000000000345,8900,121,1.8513633724458236,1.838003223984027,2.0371832715762603,4807.0,LEGACY_GSC,results/jerky_long_legacy_20260822/20260823T012535Z-793b9644d0/LEGACY_GSC-T900-s5101
358.0000000000355,8950,121,1.8525540991232563,1.8452747025147285,2.0690142601946393,4801.0,LEGACY_GSC,results/jerky_long_legacy_20260822/20260823T012535Z-793b9644d0/LEGACY_GSC-T900-s5101
360.00000000003655,9000,121,1.8514033759327064,1.8378168948255813,2.029499929495962,4796.0,LEGACY_GSC,results/jerky_long_legacy_20260822/20260823T012535Z-793b9644d0/LEGACY_GSC-T900-s5101
362.0000000000376,9050,120,1.8463895654495899,1.8418605781891433,2.012479127820443,4792.0,LEGACY_GSC,results/jerky_long_legacy_20260822/20260823T012535Z-793b9644d0/LEGACY_GSC-T900-s5101
364.0000000000386,9100,119,1.844835443548053,1.8402833856964511,2.0273354098862595,4783.0,LEGACY_GSC,results/jerky_long_legacy_20260822/20260823T012535Z-793b9644d0/LEGACY_GSC-T900-s5101
366.0000000000396,9150,119,1.8493732144416009,1.8357516939335687,2.0327370382454393,4780.0,LEGACY_GSC,results/jerky_long_legacy_20260822/20260823T012535Z-793b9644d0/LEGACY_GSC-T900-s5101
368.00000000004064,9200,117,1.838084834648618,1.8260466299843232,2.047338872706886,4772.0,LEGACY_GSC,results/jerky_long_legacy_20260822/20260823T012535Z-793b9644d0/LEGACY_GSC-T900-s5101
370.00000000004167,9250,117,1.836693018182905,1.830677753375433,2.0144125707104843,4766.0,LEGACY_GSC,results/jerky_long_legacy_20260822/20260823T012535Z-793b9644d0/LEGACY_GSC-T900-s5101
372.0000000000427,9300,116,1.8451348223889266,1.8325881626962117,2.031131150531359,4770.0,LEGACY_GSC,results/jerky_long_legacy_20260822/20260823T012535Z-793b9644d0/LEGACY_GSC-T900-s5101
374.0000000000437,9350,114,1.8427220171427876,1.8331574153048515,2.0264100070008757,4758.0,LEGACY_GSC,results/jerky_long_legacy_20260822/20260823T012535Z-793b9644d0/LEGACY_GSC-T900-s5101
376.00000000004474,9400,114,1.8402813088980807,1.8301103459971961,2.030931470675035,4752.0,LEGACY_GSC,results/jerky_long_legacy_20260822/20260823T012535Z-793b9644d0/LEGACY_GSC-T900-s5101
378.00000000004576,9450,114,1.8430971704841534,1.8218429617405079,2.033544446943324,4747.0,LEGACY_GSC,results/jerky_long_legacy_20260822/20260823T012535Z-793b9644d0/LEGACY_GSC-T900-s5101
380.0000000000468,9500,114,1.838124417174652,1.8188619108182178,2.02165285803948,4730.0,LEGACY_GSC,results/jerky_long_legacy_20260822/20260823T012535Z-793b9644d0/LEGACY_GSC-T900-s5101
382.0000000000478,9550,114,1.833718002096018,1.81609325289588,2.0160776272878507,4720.0,LEGACY_GSC,results/jerky_long_legacy_20260822/20260823T012535Z-793b9644d0/LEGACY_GSC-T900-s5101
384.00000000004883,9600,113,1.83442007554143,1.8209947722184823,2.0125649797946163,4712.0,LEGACY_GSC,results/jerky_long_legacy_20260822/20260823T012535Z-793b9644d0/LEGACY_GSC-T900-s5101
386.00000000004985,9650,113,1.8309619323848165,1.8171476997676594,2.012711703258747,4699.0,LEGACY_GSC,results/jerky_long_legacy_20260822/20260823T012535Z-793b9644d0/LEGACY_GSC-T900-s5101
388.0000000000509,9700,113,1.8371986563324378,1.8386130609894047,2.0492455409474357,4699.0,LEGACY_GSC,results/jerky_long_legacy_20260822/20260823T012535Z-793b9644d0/LEGACY_GSC-T900-s5101
390.0000000000519,9750,113,1.8392531201444433,1.8253522676734193,2.0158039601037343,4695.0,LEGACY_GSC,results/jerky_long_legacy_20260822/20260823T012535Z-793b9644d0/LEGACY_GSC-T900-s5101
392.0000000000529,9800,112,1.8447941479756529,1.8285576670066341,2.0168627081405845,4685.0,LEGACY_GSC,results/jerky_long_legacy_20260822/20260823T012535Z-793b9644d0/LEGACY_GSC-T900-s5101
394.00000000005394,9850,112,1.8369993928499702,1.8255300060934636,2.0269467150092138,4674.0,LEGACY_GSC,results/jerky_long_legacy_20260822/20260823T012535Z-793b9644d0/LEGACY_GSC-T900-s5101
396.00000000005497,9900,111,1.8384336446380554,1.819983584533203,2.044291162238617,4664.0,LEGACY_GSC,results/jerky_long_legacy_20260822/20260823T012535Z-793b9644d0/LEGACY_GSC-T900-s5101
398.000000000056,9950,109,1.8438302300474558,1.8235379920359533,2.0547120809469623,4653.0,LEGACY_GSC,results/jerky_long_legacy_20260822/20260823T012535Z-793b9644d0/LEGACY_GSC-T900-s5101
400.000000000057,10000,109,1.846152296207549,1.8235379920359533,2.0522669456253877,4652.0,LEGACY_GSC,results/jerky_long_legacy_20260822/20260823T012535Z-793b9644d0/LEGACY_GSC-T900-s5101
140.00000000000642,3500,153,1.8070601345077537,1.7862259120342572,2.015729418441529,5423.0,LEGACY_GTC,results/jerky_long_legacy_20260822/20260823T012535Z-793b9644d0/LEGACY_GTC-T900-s5101
142.00000000000603,3550,153,1.8090347767569028,1.791339678630056,2.0308562360825007,5413.0,LEGACY_GTC,results/jerky_long_legacy_20260822/20260823T012535Z-793b9644d0/LEGACY_GTC-T900-s5101
144.00000000000563,3600,153,1.811107862814769,1.7895616009195723,2.0359232949434496,5409.0,LEGACY_GTC,results/jerky_long_legacy_20260822/20260823T012535Z-793b9644d0/LEGACY_GTC-T900-s5101
146.00000000000523,3650,153,1.8115490464718738,1.7805005049093312,2.021421989510067,5397.0,LEGACY_GTC,results/jerky_long_legacy_20260822/20260823T012535Z-793b9644d0/LEGACY_GTC-T900-s5101
148.00000000000483,3700,153,1.808782086606817,1.782535362629228,2.0004122946302645,5388.0,LEGACY_GTC,results/jerky_long_legacy_20260822/20260823T012535Z-793b9644d0/LEGACY_GTC-T900-s5101
150.00000000000443,3750,153,1.8111186286544474,1.7904931097838226,1.9953738340857845,5388.0,LEGACY_GTC,results/jerky_long_legacy_20260822/20260823T012535Z-793b9644d0/LEGACY_GTC-T900-s5101
152.00000000000404,3800,153,1.8126611271050306,1.7954667017554444,1.9790310643423976,5385.0,LEGACY_GTC,results/jerky_long_legacy_20260822/20260823T012535Z-793b9644d0/LEGACY_GTC-T900-s5101
154.00000000000364,3850,149,1.80967184500676,1.809340405676284,1.9859643171630503,5383.0,LEGACY_GTC,results/jerky_long_legacy_20260822/20260823T012535Z-793b9644d0/LEGACY_GTC-T900-s5101
156.00000000000324,3900,149,1.812811844485958,1.8085788987715379,2.009774571325296,5382.0,LEGACY_GTC,results/jerky_long_legacy_20260822/20260823T012535Z-793b9644d0/LEGACY_GTC-T900-s5101
158.00000000000284,3950,149,1.8139266563005507,1.80039528384497,2.011149841302319,5380.0,LEGACY_GTC,results/jerky_long_legacy_20260822/20260823T012535Z-793b9644d0/LEGACY_GTC-T900-s5101
160.00000000000244,4000,149,1.816579200710106,1.8014393558698374,1.9720036760700765,5377.0,LEGACY_GTC,results/jerky_long_legacy_20260822/20260823T012535Z-793b9644d0/LEGACY_GTC-T900-s5101
162.00000000000205,4050,148,1.8165917298838479,1.802825291046791,1.9709571386096165,5369.0,LEGACY_GTC,results/jerky_long_legacy_20260822/20260823T012535Z-793b9644d0/LEGACY_GTC-T900-s5101
164.00000000000165,4100,146,1.8131569116500539,1.800686918122353,1.9704907665866767,5360.0,LEGACY_GTC,results/jerky_long_legacy_20260822/20260823T012535Z-793b9644d0/LEGACY_GTC-T900-s5101
166.00000000000125,4150,146,1.8152682346318334,1.808959652223911,1.9689065030645776,5358.0,LEGACY_GTC,results/jerky_long_legacy_20260822/20260823T012535Z-793b9644d0/LEGACY_GTC-T900-s5101
168.00000000000085,4200,146,1.8126761259752957,1.806152657321387,1.963165986261553,5346.0,LEGACY_GTC,results/jerky_long_legacy_20260822/20260823T012535Z-793b9644d0/LEGACY_GTC-T900-s5101
170.00000000000045,4250,146,1.8155846138033682,1.804330302328984,1.9660151934774595,5340.0,LEGACY_GTC,results/jerky_long_legacy_20260822/20260823T012535Z-793b9644d0/LEGACY_GTC-T900-s5101
172.00000000000006,4300,146,1.815011523623322,1.801894560385435,1.9711521558489689,5332.0,LEGACY_GTC,results/jerky_long_legacy_20260822/20260823T012535Z-793b9644d0/LEGACY_GTC-T900-s5101
173.99999999999966,4350,146,1.8133459680190458,1.7941261726379816,1.9633905435004833,5320.0,LEGACY_GTC,results/jerky_long_legacy_20260822/20260823T012535Z-793b9644d0/LEGACY_GTC-T900-s5101
175.99999999999926,4400,145,1.8208548447027946,1.8037560217081472,1.9668783918487656,5311.0,LEGACY_GTC,results/jerky_long_legacy_20260822/20260823T012535Z-793b9644d0/LEGACY_GTC-T900-s5101
177.99999999999886,4450,145,1.8223858999926632,1.810938398627166,1.9926916481934054,5300.0,LEGACY_GTC,results/jerky_long_legacy_20260822/20260823T012535Z-793b9644d0/LEGACY_GTC-T900-s5101
179.99999999999847,4500,145,1.821097513414927,1.8122333468556537,1.9993783999398662,5289.0,LEGACY_GTC,results/jerky_long_legacy_20260822/20260823T012535Z-793b9644d0/LEGACY_GTC-T900-s5101
181.99999999999807,4550,145,1.8248438272935872,1.8126415193520298,2.0001457172474493,5284.0,LEGACY_GTC,results/jerky_long_legacy_20260822/20260823T012535Z-793b9644d0/LEGACY_GTC-T900-s5101
183.99999999999767,4600,145,1.8253396831566517,1.810034323210786,2.0095278636807445,5276.0,LEGACY_GTC,results/jerky_long_legacy_20260822/20260823T012535Z-793b9644d0/LEGACY_GTC-T900-s5101
185.99999999999727,4650,144,1.8220704424723904,1.8112374781428753,1.9999913269403768,5272.0,LEGACY_GTC,results/jerky_long_legacy_20260822/20260823T012535Z-793b9644d0/LEGACY_GTC-T900-s5101
187.99999999999687,4700,144,1.8220913248493842,1.8116351039047092,1.9912492738670375,5269.0,LEGACY_GTC,results/jerky_long_legacy_20260822/20260823T012535Z-793b9644d0/LEGACY_GTC-T900-s5101
189.99999999999648,4750,144,1.81855972786923,1.8116351039047092,1.9863337369227174,5250.0,LEGACY_GTC,results/jerky_long_legacy_20260822/20260823T012535Z-793b9644d0/LEGACY_GTC-T900-s5101
191.99999999999608,4800,144,1.8207683437912894,1.8105097659232512,2.0136590039273075,5234.0,LEGACY_GTC,results/jerky_long_legacy_20260822/20260823T012535Z-793b9644d0/LEGACY_GTC-T900-s5101
193.99999999999568,4850,144,1.8238701920074467,1.8155871826282421,2.0070830902398695,5235.0,LEGACY_GTC,results/jerky_long_legacy_20260822/20260823T012535Z-793b9644d0/LEGACY_GTC-T900-s5101
195.99999999999528,4900,144,1.8267278037161827,1.8173893610450516,1.9916089185163588,5232.0,LEGACY_GTC,results/jerky_long_legacy_20260822/20260823T012535Z-793b9644d0/LEGACY_GTC-T900-s5101
197.99999999999488,4950,143,1.8265546517086215,1.8278257507559956,1.9820385692833034,5230.0,LEGACY_GTC,results/jerky_long_legacy_20260822/20260823T012535Z-793b9644d0/LEGACY_GTC-T900-s5101
199.9999999999945,5000,143,1.8307083714547114,1.8215689837087,1.9877903582029135,5230.0,LEGACY_GTC,results/jerky_long_legacy_20260822/20260823T012535Z-793b9644d0/LEGACY_GTC-T900-s5101
201.9999999999941,5050,143,1.8319875816896878,1.8309505638050818,1.998820891582559,5229.0,LEGACY_GTC,results/jerky_long_legacy_20260822/20260823T012535Z-793b9644d0/LEGACY_GTC-T900-s5101
203.9999999999937,5100,141,1.8339531707220202,1.82396617321188,1.9994339584408962,5221.0,LEGACY_GTC,results/jerky_long_legacy_20260822/20260823T012535Z-793b9644d0/LEGACY_GTC-T900-s5101
205.9999999999933,5150,140,1.8245558668515875,1.8204857871614815,1.9940540424461997,5201.0,LEGACY_GTC,results/jerky_long_legacy_20260822/20260823T012535Z-793b9644d0/LEGACY_GTC-T900-s5101
207.9999999999929,5200,140,1.821388289938903,1.8133505583110299,1.9950610610737438,5196.0,LEGACY_GTC,results/jerky_long_legacy_20260822/20260823T012535Z-793b9644d0/LEGACY_GTC-T900-s5101
209.9999999999925,5250,140,1.816241539886139,1.8083687734223028,1.966815712573194,5190.0,LEGACY_GTC,results/jerky_long_legacy_20260822/20260823T012535Z-793b9644d0/LEGACY_GTC-T900-s5101
211.9999999999921,5300,140,1.8169438399346485,1.8083687734223028,1.9832413107601665,5188.0,LEGACY_GTC,results/jerky_long_legacy_20260822/20260823T012535Z-793b9644d0/LEGACY_GTC-T900-s5101
213.9999999999917,5350,139,1.8203427893582105,1.8085788987715379,1.9953324255246416,5188.0,LEGACY_GTC,results/jerky_long_legacy_20260822/20260823T012535Z-793b9644d0/LEGACY_GTC-T900-s5101
215.9999999999913,5400,139,1.822096782253819,1.8087744208146483,2.011179083463949,5184.0,LEGACY_GTC,results/jerky_long_legacy_20260822/20260823T012535Z-793b9644d0/LEGACY_GTC-T900-s5101
217.9999999999909,5450,139,1.820741940462492,1.808158648073068,1.9981138028560057,5179.0,LEGACY_GTC,results/jerky_long_legacy_20260822/20260823T012535Z-793b9644d0/LEGACY_GTC-T900-s5101
219.9999999999905,5500,139,1.8252281016654064,1.8096042348401329,2.0187146182348905,5173.0,LEGACY_GTC,results/jerky_long_legacy_20260822/20260823T012535Z-793b9644d0/LEGACY_GTC-T900-s5101
221.9999999999901,5550,138,1.827289727173859,1.8107202923141035,2.0249644821473867,5164.0,LEGACY_GTC,results/jerky_long_legacy_20260822/20260823T012535Z-793b9644d0/LEGACY_GTC-T900-s5101
223.9999999999897,5600,138,1.8322408136488035,1.8127991063014433,2.0320011245413134,5169.0,LEGACY_GTC,results/jerky_long_legacy_20260822/20260823T012535Z-793b9644d0/LEGACY_GTC-T900-s5101
225.9999999999893,5650,137,1.8363940549337063,1.808158648073068,2.035400110543093,5169.0,LEGACY_GTC,results/jerky_long_legacy_20260822/20260823T012535Z-793b9644d0/LEGACY_GTC-T900-s5101
227.99999999998892,5700,137,1.8431981949802239,1.8247063539198194,2.0380320979394173,5170.0,LEGACY_GTC,results/jerky_long_legacy_20260822/20260823T012535Z-793b9644d0/LEGACY_GTC-T900-s5101
229.99999999998852,5750,137,1.8446060141342966,1.8304226906391787,2.040012692786783,5167.0,LEGACY_GTC,results/jerky_long_legacy_20260822/20260823T012535Z-793b9644d0/LEGACY_GTC-T900-s5101
231.99999999998812,5800,137,1.8392038980964587,1.82396617321188,2.0371832715762603,5157.0,LEGACY_GTC,results/jerky_long_legacy_20260822/20260823T012535Z-793b9644d0/LEGACY_GTC-T900-s5101
233.99999999998772,5850,136,1.8428912162746036,1.822456057142816,2.0417305556646,5158.0,LEGACY_GTC,results/jerky_long_legacy_20260822/20260823T012535Z-793b9644d0/LEGACY_GTC-T900-s5101
235.99999999998732,5900,136,1.8367337925701137,1.8192504926907742,2.0167035661236077,5144.0,LEGACY_GTC,results/jerky_long_legacy_20260822/20260823T012535Z-793b9644d0/LEGACY_GTC-T900-s5101
237.99999999998693,5950,136,1.8407039949095445,1.822844815760746,2.012193393502915,5140.0,LEGACY_GTC,results/jerky_long_legacy_20260822/20260823T012535Z-793b9644d0/LEGACY_GTC-T900-s5101
239.99999999998653,6000,136,1.8378740755598144,1.8225995847236245,2.0219188656706284,5129.0,LEGACY_GTC,results/jerky_long_legacy_20260822/20260823T012535Z-793b9644d0/LEGACY_GTC-T900-s5101
241.99999999998613,6050,136,1.840827022160257,1.82396617321188,2.0392217092710334,5122.0,LEGACY_GTC,results/jerky_long_legacy_20260822/20260823T012535Z-793b9644d0/LEGACY_GTC-T900-s5101
243.99999999998573,6100,136,1.8408741550920116,1.828216254853135,2.035697304048621,5109.0,LEGACY_GTC,results/jerky_long_legacy_20260822/20260823T012535Z-793b9644d0/LEGACY_GTC-T900-s5101
245.99999999998533,6150,136,1.8375332914130666,1.8236279279984284,2.0481093847329657,5100.0,LEGACY_GTC,results/jerky_long_legacy_20260822/20260823T012535Z-793b9644d0/LEGACY_GTC-T900-s5101
247.99999999998494,6200,134,1.8351944954668695,1.8246439526830418,2.0222246496038006,5093.0,LEGACY_GTC,results/jerky_long_legacy_20260822/20260823T012535Z-793b9644d0/LEGACY_GTC-T900-s5101
249.99999999998454,6250,134,1.8377603973640253,1.8306162046809393,2.0098496551431206,5090.0,LEGACY_GTC,results/jerky_long_legacy_20260822/20260823T012535Z-793b9644d0/LEGACY_GTC-T900-s5101
251.99999999998414,6300,134,1.8329884053549779,1.8214399042739133,1.996836644183743,5075.0,LEGACY_GTC,results/jerky_long_legacy_20260822/20260823T012535Z-793b9644d0/LEGACY_GTC-T900-s5101
253.99999999998374,6350,134,1.833608260455278,1.8173124789668131,1.996836644183743,5072.0,LEGACY_GTC,results/jerky_long_legacy_20260822/20260823T012535Z-793b9644d0/LEGACY_GTC-T900-s5101
255.99999999998334,6400,134,1.8353299265428609,1.8182504897397305,1.9811465271099495,5070.0,LEGACY_GTC,results/jerky_long_legacy_20260822/20260823T012535Z-793b9644d0/LEGACY_GTC-T900-s5101
257.99999999998437,6450,133,1.8410338874811847,1.8208083370394217,2.0021523423031233,5070.0,LEGACY_GTC,results/jerky_long_legacy_20260822/20260823T012535Z-793b9644d0/LEGACY_GTC-T900-s5101
259.9999999999854,6500,133,1.830467002528206,1.809340405676284,2.0011559677010164,5054.0,LEGACY_GTC,results/jerky_long_legacy_20260822/20260823T012535Z-793b9644d0/LEGACY_GTC-T900-s5101
261.9999999999864,6550,133,1.8302766708670912,1.8189136353359467,2.0163721922500377,5049.0,LEGACY_GTC,results/jerky_long_legacy_20260822/20260823T012535Z-793b9644d0/LEGACY_GTC-T900-s5101
263.99999999998744,6600,132,1.842047662664705,1.83193672777757,2.0382726640844386,5056.0,LEGACY_GTC,results/jerky_long_legacy_20260822/20260823T012535Z-793b9644d0/LEGACY_GTC-T900-s5101
265.99999999998846,6650,131,1.8446369563407707,1.8271488742360897,2.0110045145817055,5046.0,LEGACY_GTC,results/jerky_long_legacy_20260822/20260823T012535Z-793b9644d0/LEGACY_GTC-T900-s5101
267.9999999999895,6700,131,1.843950991722368,1.8259986388730203,2.0125399255491283,5043.0,LEGACY_GTC,results/jerky_long_legacy_20260822/20260823T012535Z-793b9644d0/LEGACY_GTC-T900-s5101
269.9999999999905,6750,129,1.8511613491857888,1.8340712489637463,2.0446610276326416,5042.0,LEGACY_GTC,results/jerky_long_legacy_20260822/20260823T012535Z-793b9644d0/LEGACY_GTC-T900-s5101
271.99999999999153,6800,129,1.8440459038792167,1.8259986388730203,2.036383652538504,5032.0,LEGACY_GTC,results/jerky_long_legacy_20260822/20260823T012535Z-793b9644d0/LEGACY_GTC-T900-s5101
273.99999999999255,6850,129,1.8413079283714375,1.8189136353359467,2.036383652538504,5025.0,LEGACY_GTC,results/jerky_long_legacy_20260822/20260823T012535Z-793b9644d0/LEGACY_GTC-T900-s5101
275.9999999999936,6900,128,1.8463015426635128,1.8252465489434742,2.036879837367157,5024.0,LEGACY_GTC,results/jerky_long_legacy_20260822/20260823T012535Z-793b9644d0/LEGACY_GTC-T900-s5101
277.9999999999946,6950,128,1.8561679986882262,1.8320601965641141,2.0595240314230567,5024.0,LEGACY_GTC,results/jerky_long_legacy_20260822/20260823T012535Z-793b9644d0/LEGACY_GTC-T900-s5101
279.9999999999956,7000,128,1.858001679448902,1.8418605781891433,2.0759269660889834,5026.0,LEGACY_GTC,results/jerky_long_legacy_20260822/20260823T012535Z-793b9644d0/LEGACY_GTC-T900-s5101
281.99999999999665,7050,128,1.8540848529044818,1.8411772431485458,2.065011301543299,5013.0,LEGACY_GTC,results/jerky_long_legacy_20260822/20260823T012535Z-793b9644d0/LEGACY_GTC-T900-s5101
283.99999999999767,7100,128,1.8542170719194664,1.8386814916692367,2.063344962637481,5000.0,LEGACY_GTC,results/jerky_long_legacy_20260822/20260823T012535Z-793b9644d0/LEGACY_GTC-T900-s5101
285.9999999999987,7150,128,1.8546028853407086,1.8345170611292696,2.054294368872579,4994.0,LEGACY_GTC,results/jerky_long_legacy_20260822/20260823T012535Z-793b9644d0/LEGACY_GTC-T900-s5101
287.9999999999997,7200,128,1.8573014962003467,1.8448584751382215,2.061407424199841,4994.0,LEGACY_GTC,results/jerky_long_legacy_20260822/20260823T012535Z-793b9644d0/LEGACY_GTC-T900-s5101
290.00000000000074,7250,128,1.8547496559891696,1.8339113585246345,2.065976273192679,4989.0,LEGACY_GTC,results/jerky_long_legacy_20260822/20260823T012535Z-793b9644d0/LEGACY_GTC-T900-s5101
292.00000000000176,7300,128,1.849610035109425,1.833106759171104,2.0567781418886986,4978.0,LEGACY_GTC,results/jerky_long_legacy_20260822/20260823T012535Z-793b9644d0/LEGACY_GTC-T900-s5101
294.0000000000028,7350,128,1.8529346974919445,1.8346571417598334,2.0694610109120903,4969.0,LEGACY_GTC,results/jerky_long_legacy_20260822/20260823T012535Z-793b9644d0/LEGACY_GTC-T900-s5101
296.0000000000038,7400,128,1.8521334803107379,1.8314436777121803,2.07841328172659,4953.0,LEGACY_GTC,results/jerky_long_legacy_20260822/20260823T012535Z-793b9644d0/LEGACY_GTC-T900-s5101
298.00000000000483,7450,127,1.8484285611494518,1.8262079135663896,2.0667695183983126,4940.0,LEGACY_GTC,results/jerky_long_legacy_20260822/20260823T012535Z-793b9644d0/LEGACY_GTC-T900-s5101
300.00000000000585,7500,127,1.8490337036985294,1.8286289010439727,2.0407106599890485,4937.0,LEGACY_GTC,results/jerky_long_legacy_20260822/20260823T012535Z-793b9644d0/LEGACY_GTC-T900-s5101
302.0000000000069,7550,127,1.8466009793104556,1.8210790087113466,2.0523365800830295,4933.0,LEGACY_GTC,results/jerky_long_legacy_20260822/20260823T012535Z-793b9644d0/LEGACY_GTC-T900-s5101
304.0000000000079,7600,127,1.8424521581825597,1.8259986388730203,2.0551257047009193,4924.0,LEGACY_GTC,results/jerky_long_legacy_20260822/20260823T012535Z-793b9644d0/LEGACY_GTC-T900-s5101
306.0000000000089,7650,126,1.8420744317005555,1.837372684146172,2.051452723840343,4924.0,LEGACY_GTC,results/jerky_long_legacy_20260822/20260823T012535Z-793b9644d0/LEGACY_GTC-T900-s5101
308.00000000000995,7700,125,1.8385891350875034,1.8304226906391787,2.0493795187369046,4921.0,LEGACY_GTC,results/jerky_long_legacy_20260822/20260823T012535Z-793b9644d0/LEGACY_GTC-T900-s5101
310.00000000001097,7750,125,1.839802007152127,1.8311861350061824,2.044256824602567,4919.0,LEGACY_GTC,results/jerky_long_legacy_20260822/20260823T012535Z-793b9644d0/LEGACY_GTC-T900-s5101
312.000000000012,7800,125,1.8420850326415064,1.8302818455567966,2.035494998146777,4915.0,LEGACY_GTC,results/jerky_long_legacy_20260822/20260823T012535Z-793b9644d0/LEGACY_GTC-T900-s5101
314.000000000013,7850,125,1.842457761072149,1.8259986388730203,2.035057178977841,4911.0,LEGACY_GTC,results/jerky_long_legacy_20260822/20260823T012535Z-793b9644d0/LEGACY_GTC-T900-s5101
316.00000000001404,7900,125,1.8432983377387144,1.8182510074177916,2.040798041810901,4908.0,LEGACY_GTC,results/jerky_long_legacy_20260822/20260823T012535Z-793b9644d0/LEGACY_GTC-T900-s5101
318.00000000001506,7950,125,1.8460587971874731,1.8207549651604504,2.061479671678107,4904.0,LEGACY_GTC,results/jerky_long_legacy_20260822/20260823T012535Z-793b9644d0/LEGACY_GTC-T900-s5101
320.0000000000161,8000,125,1.8473361909152832,1.8262079135663896,2.0521359711430875,4901.0,LEGACY_GTC,results/jerky_long_legacy_20260822/20260823T012535Z-793b9644d0/LEGACY_GTC-T900-s5101
322.0000000000171,8050,125,1.85035141371919,1.8386760936101665,2.0613938265015226,4890.0,LEGACY_GTC,results/jerky_long_legacy_20260822/20260823T012535Z-793b9644d0/LEGACY_GTC-T900-s5101
324.00000000001813,8100,125,1.8541486925462607,1.8335822936854302,2.060507982421239,4890.0,LEGACY_GTC,results/jerky_long_legacy_20260822/20260823T012535Z-793b9644d0/LEGACY_GTC-T900-s5101
326.00000000001916,8150,125,1.8590367884293828,1.8336681209417305,2.0551791667015515,4886.0,LEGACY_GTC,results/jerky_long_legacy_20260822/20260823T012535Z-793b9644d0/LEGACY_GTC-T900-s5101
328.0000000000202,8200,125,1.8625784300976842,1.8336681209417305,2.0676821568004806,4886.0,LEGACY_GTC,results/jerky_long_legacy_20260822/20260823T012535Z-793b9644d0/LEGACY_GTC-T900-s5101
330.0000000000212,8250,124,1.8592101526024056,1.8442182084031593,2.0396998782904006,4883.0,LEGACY_GTC,results/jerky_long_legacy_20260822/20260823T012535Z-793b9644d0/LEGACY_GTC-T900-s5101
332.0000000000222,8300,124,1.864437115708754,1.8551231070320169,2.054128599875631,4884.0,LEGACY_GTC,results/jerky_long_legacy_20260822/20260823T012535Z-793b9644d0/LEGACY_GTC-T900-s5101
334.00000000002325,8350,124,1.8503231416765529,1.825313077978321,2.044256824602567,4867.0,LEGACY_GTC,results/jerky_long_legacy_20260822/20260823T012535Z-793b9644d0/LEGACY_GTC-T900-s5101
336.0000000000243,8400,124,1.843732807267786,1.828244879561593,2.0085257725564656,4857.0,LEGACY_GTC,results/jerky_long_legacy_20260822/20260823T012535Z-793b9644d0/LEGACY_GTC-T900-s5101
338.0000000000253,8450,123,1.8450770247833892,1.838759170704303,2.0139981059942644,4856.0,LEGACY_GTC,results/jerky_long_legacy_20260822/20260823T012535Z-793b9644d0/LEGACY_GTC-T900-s5101
340.0000000000263,8500,123,1.848731690019652,1.8481524101841973,2.0329391397604764,4857.0,LEGACY_GTC,results/jerky_long_legacy_20260822/20260823T012535Z-793b9644d0/LEGACY_GTC-T900-s5101
342.00000000002734,8550,123,1.8488329881419057,1.8469269900348886,2.0200046427980873,4853.0,LEGACY_GTC,results/jerky_long_legacy_20260822/20260823T012535Z-793b9644d0/LEGACY_GTC-T900-s5101
344.00000000002836,8600,122,1.8519811875400043,1.8354273094672315,2.061592234531728,4850.0,LEGACY_GTC,results/jerky_long_legacy_20260822/20260823T012535Z-793b9644d0/LEGACY_GTC-T900-s5101
346.0000000000294,8650,122,1.8537337099579603,1.8387012635386806,2.058480098387762,4846.0,LEGACY_GTC,results/jerky_long_legacy_20260822/20260823T012535Z-793b9644d0/LEGACY_GTC-T900-s5101
348.0000000000304,8700,122,1.857698099468479,1.8451026233262005,2.0752163830784265,4843.0,LEGACY_GTC,results/jerky_long_legacy_20260822/20260823T012535Z-793b9644d0/LEGACY_GTC-T900-s5101
350.00000000003143,8750,121,1.8584603144107406,1.8482509520349137,2.0761103404598833,4844.0,LEGACY_GTC,results/jerky_long_legacy_20260822/20260823T012535Z-793b9644d0/LEGACY_GTC-T900-s5101
352.00000000003246,8800,121,1.8558396569153381,1.8549783022434698,2.0493168662476227,4840.0,LEGACY_GTC,results/jerky_long_legacy_20260822/20260823T012535Z-793b9644d0/LEGACY_GTC-T900-s5101
354.0000000000335,8850,121,1.8616639426986852,1.8587438609272449,2.0453647304982536,4840.0,LEGACY_GTC,results/jerky_long_legacy_20260822/20260823T012535Z-793b9644d0/LEGACY_GTC-T900-s5101
356.0000000000345,8900,121,1.8638196230222428,1.8582414977215889,2.0386077220135714,4833.0,LEGACY_GTC,results/jerky_long_legacy_20260822/20260823T012535Z-793b9644d0/LEGACY_GTC-T900-s5101
358.0000000000355,8950,121,1.8610501050413861,1.8519847923420552,2.0371832715762603,4824.0,LEGACY_GTC,results/jerky_long_legacy_20260822/20260823T012535Z-793b9644d0/LEGACY_GTC-T900-s5101
360.00000000003655,9000,118,1.862295491487067,1.8470279464713477,2.0416168735623916,4820.0,LEGACY_GTC,results/jerky_long_legacy_20260822/20260823T012535Z-793b9644d0/LEGACY_GTC-T900-s5101
362.0000000000376,9050,118,1.8670962608987638,1.8479058697192936,2.069245207599423,4816.0,LEGACY_GTC,results/jerky_long_legacy_20260822/20260823T012535Z-793b9644d0/LEGACY_GTC-T900-s5101
364.0000000000386,9100,118,1.8619035622301519,1.8544715012094217,2.069225225811213,4806.0,LEGACY_GTC,results/jerky_long_legacy_20260822/20260823T012535Z-793b9644d0/LEGACY_GTC-T900-s5101
366.0000000000396,9150,118,1.8566524114115766,1.851522423902686,2.0534015318966654,4789.0,LEGACY_GTC,results/jerky_long_legacy_20260822/20260823T012535Z-793b9644d0/LEGACY_GTC-T900-s5101
368.00000000004064,9200,117,1.851924486102643,1.840979145010514,2.049707912319343,4771.0,LEGACY_GTC,results/jerky_long_legacy_20260822/20260823T012535Z-793b9644d0/LEGACY_GTC-T900-s5101
370.00000000004167,9250,117,1.8518080026523418,1.8311759744505711,2.049707912319343,4767.0,LEGACY_GTC,results/jerky_long_legacy_20260822/20260823T012535Z-793b9644d0/LEGACY_GTC-T900-s5101
372.0000000000427,9300,117,1.8466164896495296,1.8262079135663896,2.045463780503559,4757.0,LEGACY_GTC,results/jerky_long_legacy_20260822/20260823T012535Z-793b9644d0/LEGACY_GTC-T900-s5101
374.0000000000437,9350,117,1.849445779932257,1.815873668257391,2.0126942027895076,4755.0,LEGACY_GTC,results/jerky_long_legacy_20260822/20260823T012535Z-793b9644d0/LEGACY_GTC-T900-s5101
376.00000000004474,9400,117,1.8480668300179188,1.8248990915399774,2.0370252767470447,4741.0,LEGACY_GTC,results/jerky_long_legacy_20260822/20260823T012535Z-793b9644d0/LEGACY_GTC-T900-s5101
378.00000000004576,9450,117,1.8460827481725297,1.8364031895218693,2.013954462067913,4735.0,LEGACY_GTC,results/jerky_long_legacy_20260822/20260823T012535Z-793b9644d0/LEGACY_GTC-T900-s5101
380.0000000000468,9500,117,1.8490401409248431,1.8324620502566855,2.0282313632925484,4727.0,LEGACY_GTC,results/jerky_long_legacy_20260822/20260823T012535Z-793b9644d0/LEGACY_GTC-T900-s5101
382.0000000000478,9550,116,1.8406550913629007,1.8188388502675485,2.016893343158697,4718.0,LEGACY_GTC,results/jerky_long_legacy_20260822/20260823T012535Z-793b9644d0/LEGACY_GTC-T900-s5101
384.00000000004883,9600,116,1.8443752733342174,1.8369511955530282,2.0352916446478737,4715.0,LEGACY_GTC,results/jerky_long_legacy_20260822/20260823T012535Z-793b9644d0/LEGACY_GTC-T900-s5101
386.00000000004985,9650,114,1.8447059433192308,1.8255611480922065,2.0499197965129383,4704.0,LEGACY_GTC,results/jerky_long_legacy_20260822/20260823T012535Z-793b9644d0/LEGACY_GTC-T900-s5101
388.0000000000509,9700,113,1.8430799932586692,1.8304226906391787,2.0396520967417495,4697.0,LEGACY_GTC,results/jerky_long_legacy_20260822/20260823T012535Z-793b9644d0/LEGACY_GTC-T900-s5101
390.0000000000519,9750,112,1.8457326633847377,1.828315302102784,2.0180996941836393,4687.0,LEGACY_GTC,results/jerky_long_legacy_20260822/20260823T012535Z-793b9644d0/LEGACY_GTC-T900-s5101
392.0000000000529,9800,112,1.845978613176354,1.838686115846854,2.0243952222125827,4682.0,LEGACY_GTC,results/jerky_long_legacy_20260822/20260823T012535Z-793b9644d0/LEGACY_GTC-T900-s5101
394.00000000005394,9850,112,1.842028089325589,1.838686115846854,2.027879752175593,4675.0,LEGACY_GTC,results/jerky_long_legacy_20260822/20260823T012535Z-793b9644d0/LEGACY_GTC-T900-s5101
396.00000000005497,9900,111,1.8440509355203811,1.8319993449426801,2.028019805155818,4669.0,LEGACY_GTC,results/jerky_long_legacy_20260822/20260823T012535Z-793b9644d0/LEGACY_GTC-T900-s5101
398.000000000056,9950,111,1.8467046558789977,1.8386130609894047,2.0453647304982536,4669.0,LEGACY_GTC,results/jerky_long_legacy_20260822/20260823T012535Z-793b9644d0/LEGACY_GTC-T900-s5101
400.000000000057,10000,111,1.8451898315861008,1.8254330390468283,2.0435008723707475,4661.0,LEGACY_GTC,results/jerky_long_legacy_20260822/20260823T012535Z-793b9644d0/LEGACY_GTC-T900-s5101
140.00000000000642,3500,153,1.806604803179726,1.799675125731432,1.989350758949723,5448.0,LEGACY_GTSC,results/jerky_long_legacy_20260822/20260823T012535Z-793b9644d0/LEGACY_GTSC-T900-s5101
142.00000000000603,3550,153,1.8121560019172585,1.807699049577541,1.9894367886486917,5448.0,LEGACY_GTSC,results/jerky_long_legacy_20260822/20260823T012535Z-793b9644d0/LEGACY_GTSC-T900-s5101
144.00000000000563,3600,153,1.8134817332037478,1.805747236367027,1.9918511151307245,5441.0,LEGACY_GTSC,results/jerky_long_legacy_20260822/20260823T012535Z-793b9644d0/LEGACY_GTSC-T900-s5101
146.00000000000523,3650,153,1.8131289594165807,1.8054138856986879,1.980138489106047,5426.0,LEGACY_GTSC,results/jerky_long_legacy_20260822/20260823T012535Z-793b9644d0/LEGACY_GTSC-T900-s5101
148.00000000000483,3700,153,1.81125749245592,1.7961165844397362,2.0199120697801103,5403.0,LEGACY_GTSC,results/jerky_long_legacy_20260822/20260823T012535Z-793b9644d0/LEGACY_GTSC-T900-s5101
150.00000000000443,3750,153,1.8169361195816902,1.8052296785886277,2.0287766425652545,5403.0,LEGACY_GTSC,results/jerky_long_legacy_20260822/20260823T012535Z-793b9644d0/LEGACY_GTSC-T900-s5101
152.00000000000404,3800,152,1.8092225215035826,1.7972126496012697,1.9958070731627535,5390.0,LEGACY_GTSC,results/jerky_long_legacy_20260822/20260823T012535Z-793b9644d0/LEGACY_GTSC-T900-s5101
154.00000000000364,3850,151,1.8140470673121578,1.806766044272533,1.9998164588503373,5386.0,LEGACY_GTSC,results/jerky_long_legacy_20260822/20260823T012535Z-793b9644d0/LEGACY_GTSC-T900-s5101
156.00000000000324,3900,151,1.8125648649271224,1.8025048036020788,1.9996390285904801,5381.0,LEGACY_GTSC,results/jerky_long_legacy_20260822/20260823T012535Z-793b9644d0/LEGACY_GTSC-T900-s5101
158.00000000000284,3950,149,1.8040526060794095,1.799862322794584,1.9808021756441663,5379.0,LEGACY_GTSC,results/jerky_long_legacy_20260822/20260823T012535Z-793b9644d0/LEGACY_GTSC-T900-s5101
160.00000000000244,4000,149,1.8029401582192233,1.7996318653500532,1.9751519042906138,5372.0,LEGACY_GTSC,results/jerky_long_legacy_20260822/20260823T012535Z-793b9644d0/LEGACY_GTSC-T900-s5101
162.00000000000205,4050,148,1.8111682684237844,1.805398629281597,1.9738122096962583,5371.0,LEGACY_GTSC,results/jerky_long_legacy_20260822/20260823T012535Z-793b9644d0/LEGACY_GTSC-T900-s5101
164.00000000000165,4100,148,1.818105279131818,1.8153967744867545,1.984689785135132,5371.0,LEGACY_GTSC,results/jerky_long_legacy_20260822/20260823T012535Z-793b9644d0/LEGACY_GTSC-T900-s5101
166.00000000000125,4150,147,1.8109233337585737,1.801894560385435,1.9780027505855187,5356.0,LEGACY_GTSC,results/jerky_long_legacy_20260822/20260823T012535Z-793b9644d0/LEGACY_GTSC-T900-s5101
168.00000000000085,4200,146,1.8089411969523996,1.801012298169598,1.9862282031502705,5345.0,LEGACY_GTSC,results/jerky_long_legacy_20260822/20260823T012535Z-793b9644d0/LEGACY_GTSC-T900-s5101
170.00000000000045,4250,145,1.815086642455055,1.8153118261570638,1.9688625138059468,5341.0,LEGACY_GTSC,results/jerky_long_legacy_20260822/20260823T012535Z-793b9644d0/LEGACY_GTSC-T900-s5101
172.00000000000006,4300,145,1.8172885146035893,1.8156228376404377,1.9739289818784567,5336.0,LEGACY_GTSC,results/jerky_long_legacy_20260822/20260823T012535Z-793b9644d0/LEGACY_GTSC-T900-s5101
173.99999999999966,4350,145,1.815542763983046,1.8165277146723118,1.9809607207982038,5323.0,LEGACY_GTSC,results/jerky_long_legacy_20260822/20260823T012535Z-793b9644d0/LEGACY_GTSC-T900-s5101
175.99999999999926,4400,145,1.8172762110505405,1.8189136353359467,1.989436788648692,5319.0,LEGACY_GTSC,results/jerky_long_legacy_20260822/20260823T012535Z-793b9644d0/LEGACY_GTSC-T900-s5101
177.99999999999886,4450,145,1.8148848988942268,1.8099847576726074,1.9784183695115605,5309.0,LEGACY_GTSC,results/jerky_long_legacy_20260822/20260823T012535Z-793b9644d0/LEGACY_GTSC-T900-s5101
179.99999999999847,4500,145,1.8154062309239698,1.809340405676284,1.988660423072634,5292.0,LEGACY_GTSC,results/jerky_long_legacy_20260822/20260823T012535Z-793b9644d0/LEGACY_GTSC-T900-s5101
181.99999999999807,4550,145,1.8172476850812402,1.8099847576726074,1.9851758406135562,5284.0,LEGACY_GTSC,results/jerky_long_legacy_20260822/20260823T012535Z-793b9644d0/LEGACY_GTSC-T900-s5101
183.99999999999767,4600,145,1.8193678354031821,1.8087744208146483,1.9882723275932095,5276.0,LEGACY_GTSC,results/jerky_long_legacy_20260822/20260823T012535Z-793b9644d0/LEGACY_GTSC-T900-s5101
185.99999999999727,4650,145,1.8166164868478007,1.8108295747344536,1.9798606275251869,5267.0,LEGACY_GTSC,results/jerky_long_legacy_20260822/20260823T012535Z-793b9644d0/LEGACY_GTSC-T900-s5101
187.99999999999687,4700,145,1.8191073096478116,1.8131575795279216,1.9818475533179412,5253.0,LEGACY_GTSC,results/jerky_long_legacy_20260822/20260823T012535Z-793b9644d0/LEGACY_GTSC-T900-s5101
189.99999999999648,4750,145,1.8207838418271798,1.82396617321188,1.9740691287215268,5252.0,LEGACY_GTSC,results/jerky_long_legacy_20260822/20260823T012535Z-793b9644d0/LEGACY_GTSC-T900-s5101
191.99999999999608,4800,145,1.8182178147576107,1.8165277146723118,1.9738659934883964,5245.0,LEGACY_GTSC,results/jerky_long_legacy_20260822/20260823T012535Z-793b9644d0/LEGACY_GTSC-T900-s5101
193.99999999999568,4850,145,1.823273168440223,1.8165277146723118,1.9740691287215268,5243.0,LEGACY_GTSC,results/jerky_long_legacy_20260822/20260823T012535Z-793b9644d0/LEGACY_GTSC-T900-s5101
195.99999999999528,4900,145,1.8225987843257265,1.8253217321542035,1.982300303655959,5240.0,LEGACY_GTSC,results/jerky_long_legacy_20260822/20260823T012535Z-793b9644d0/LEGACY_GTSC-T900-s5101
197.99999999999488,4950,144,1.8232962902959824,1.820877139056587,1.989307744100239,5236.0,LEGACY_GTSC,results/jerky_long_legacy_20260822/20260823T012535Z-793b9644d0/LEGACY_GTSC-T900-s5101
199.9999999999945,5000,143,1.8228534923132023,1.8149450964952136,1.9992361591417664,5234.0,LEGACY_GTSC,results/jerky_long_legacy_20260822/20260823T012535Z-793b9644d0/LEGACY_GTSC-T900-s5101
201.9999999999941,5050,143,1.8274127231327661,1.8209459410737523,2.0027947289556676,5234.0,LEGACY_GTSC,results/jerky_long_legacy_20260822/20260823T012535Z-793b9644d0/LEGACY_GTSC-T900-s5101
203.9999999999937,5100,143,1.8293540877661707,1.8247063539198194,2.0124459192937363,5230.0,LEGACY_GTSC,results/jerky_long_legacy_20260822/20260823T012535Z-793b9644d0/LEGACY_GTSC-T900-s5101
205.9999999999933,5150,143,1.8304955894390702,1.831232970714716,1.9962676217182131,5225.0,LEGACY_GTSC,results/jerky_long_legacy_20260822/20260823T012535Z-793b9644d0/LEGACY_GTSC-T900-s5101
207.9999999999929,5200,142,1.8242587849137646,1.8238769419407648,2.0109975430718547,5218.0,LEGACY_GTSC,results/jerky_long_legacy_20260822/20260823T012535Z-793b9644d0/LEGACY_GTSC-T900-s5101
209.9999999999925,5250,141,1.8236649575487698,1.823289682784977,2.027511270499474,5213.0,LEGACY_GTSC,results/jerky_long_legacy_20260822/20260823T012535Z-793b9644d0/LEGACY_GTSC-T900-s5101
211.9999999999921,5300,141,1.823231325751986,1.8230475299617102,2.0183577207455263,5207.0,LEGACY_GTSC,results/jerky_long_legacy_20260822/20260823T012535Z-793b9644d0/LEGACY_GTSC-T900-s5101
213.9999999999917,5350,141,1.8214409810752366,1.8215689837087,2.00928645009049,5200.0,LEGACY_GTSC,results/jerky_long_legacy_20260822/20260823T012535Z-793b9644d0/LEGACY_GTSC-T900-s5101
215.9999999999913,5400,141,1.8250967416533785,1.828985795531618,2.0159626124973413,5195.0,LEGACY_GTSC,results/jerky_long_legacy_20260822/20260823T012535Z-793b9644d0/LEGACY_GTSC-T900-s5101
217.9999999999909,5450,140,1.831987965552122,1.8303171145535186,2.0160186036822463,5192.0,LEGACY_GTSC,results/jerky_long_legacy_20260822/20260823T012535Z-793b9644d0/LEGACY_GTSC-T900-s5101
219.9999999999905,5500,140,1.8355740975886428,1.8301434499541078,2.0167060439863027,5192.0,LEGACY_GTSC,results/jerky_long_legacy_20260822/20260823T012535Z-793b9644d0/LEGACY_GTSC-T900-s5101
221.9999999999901,5550,140,1.8362784573410815,1.8318733949877153,2.0146099294100783,5187.0,LEGACY_GTSC,results/jerky_long_legacy_20260822/20260823T012535Z-793b9644d0/LEGACY_GTSC-T900-s5101
223.9999999999897,5600,140,1.8348858643924384,1.827445675755031,2.0222361548266155,5183.0,LEGACY_GTSC,results/jerky_long_legacy_20260822/20260823T012535Z-793b9644d0/LEGACY_GTSC-T900-s5101
225.9999999999893,5650,138,1.8354997975619152,1.820328386315612,2.0131617099077443,5176.0,LEGACY_GTSC,results/jerky_long_legacy_20260822/20260823T012535Z-793b9644d0/LEGACY_GTSC-T900-s5101
227.99999999998892,5700,138,1.8385775170975198,1.819364978669777,2.0122953871198406,5176.0,LEGACY_GTSC,results/jerky_long_legacy_20260822/20260823T012535Z-793b9644d0/LEGACY_GTSC-T900-s5101
229.99999999998852,5750,138,1.8344103680619999,1.8175640740803356,2.0193132428782232,5164.0,LEGACY_GTSC,results/jerky_long_legacy_20260822/20260823T012535Z-793b9644d0/LEGACY_GTSC-T900-s5101
231.99999999998812,5800,136,1.831032807520302,1.814468960927703,2.0257352844415806,5154.0,LEGACY_GTSC,results/jerky_long_legacy_20260822/20260823T012535Z-793b9644d0/LEGACY_GTSC-T900-s5101
233.99999999998772,5850,136,1.83424423120829,1.814468960927703,2.0300189578581325,5152.0,LEGACY_GTSC,results/jerky_long_legacy_20260822/20260823T012535Z-793b9644d0/LEGACY_GTSC-T900-s5101
235.99999999998732,5900,136,1.8384119462957749,1.8173124789668131,2.0277919250830934,5151.0,LEGACY_GTSC,results/jerky_long_legacy_20260822/20260823T012535Z-793b9644d0/LEGACY_GTSC-T900-s5101
237.99999999998693,5950,136,1.8452197454083774,1.833603462930384,2.051695080644666,5145.0,LEGACY_GTSC,results/jerky_long_legacy_20260822/20260823T012535Z-793b9644d0/LEGACY_GTSC-T900-s5101
239.99999999998653,6000,136,1.8416482754107641,1.8388985418355324,2.0424614700730164,5137.0,LEGACY_GTSC,results/jerky_long_legacy_20260822/20260823T012535Z-793b9644d0/LEGACY_GTSC-T900-s5101
241.99999999998613,6050,136,1.8429119239102052,1.8370985922002543,2.031901273464914,5132.0,LEGACY_GTSC,results/jerky_long_legacy_20260822/20260823T012535Z-793b9644d0/LEGACY_GTSC-T900-s5101
243.99999999998573,6100,136,1.8366644200746611,1.8253022023897865,2.025574617342006,5118.0,LEGACY_GTSC,results/jerky_long_legacy_20260822/20260823T012535Z-793b9644d0/LEGACY_GTSC-T900-s5101
245.99999999998533,6150,135,1.836195590199395,1.8251713657327449,2.0289241117157473,5108.0,LEGACY_GTSC,results/jerky_long_legacy_20260822/20260823T012535Z-793b9644d0/LEGACY_GTSC-T900-s5101
247.99999999998494,6200,135,1.836434241140356,1.8251713657327449,2.0327145061398784,5102.0,LEGACY_GTSC,results/jerky_long_legacy_20260822/20260823T012535Z-793b9644d0/LEGACY_GTSC-T900-s5101
249.99999999998454,6250,133,1.8369591270963885,1.8253522676734193,2.017704090497839,5098.0,LEGACY_GTSC,results/jerky_long_legacy_20260822/20260823T012535Z-793b9644d0/LEGACY_GTSC-T900-s5101
251.99999999998414,6300,132,1.8304891235487304,1.8215689837087,2.0087123118848607,5084.0,LEGACY_GTSC,results/jerky_long_legacy_20260822/20260823T012535Z-793b9644d0/LEGACY_GTSC-T900-s5101
253.99999999998374,6350,132,1.8304593982640682,1.8239902903377794,2.0138370265107453,5070.0,LEGACY_GTSC,results/jerky_long_legacy_20260822/20260823T012535Z-793b9644d0/LEGACY_GTSC-T900-s5101
255.99999999998334,6400,131,1.8306079888698115,1.82396617321188,2.01343086358337,5066.0,LEGACY_GTSC,results/jerky_long_legacy_20260822/20260823T012535Z-793b9644d0/LEGACY_GTSC-T900-s5101
257.99999999998437,6450,131,1.8284813504971045,1.82396617321188,2.001651005211558,5056.0,LEGACY_GTSC,results/jerky_long_legacy_20260822/20260823T012535Z-793b9644d0/LEGACY_GTSC-T900-s5101
259.9999999999854,6500,131,1.8358803812710236,1.8386130609894047,2.0063168583705595,5058.0,LEGACY_GTSC,results/jerky_long_legacy_20260822/20260823T012535Z-793b9644d0/LEGACY_GTSC-T900-s5101
261.9999999999864,6550,131,1.8305073268708982,1.8319993449426801,2.0124723725172555,5045.0,LEGACY_GTSC,results/jerky_long_legacy_20260822/20260823T012535Z-793b9644d0/LEGACY_GTSC-T900-s5101
263.99999999998744,6600,131,1.8341982009096105,1.8319142039474827,2.024529959330445,5041.0,LEGACY_GTSC,results/jerky_long_legacy_20260822/20260823T012535Z-793b9644d0/LEGACY_GTSC-T900-s5101
265.99999999998846,6650,131,1.8395123753794824,1.8358917456396702,2.0371832715762603,5038.0,LEGACY_GTSC,results/jerky_long_legacy_20260822/20260823T012535Z-793b9644d0/LEGACY_GTSC-T900-s5101
267.9999999999895,6700,131,1.8416883190093853,1.841521601424868,2.0418132335571153,5031.0,LEGACY_GTSC,results/jerky_long_legacy_20260822/20260823T012535Z-793b9644d0/LEGACY_GTSC-T900-s5101
269.9999999999905,6750,131,1.8435628796076935,1.8311107775520667,2.0626480624709633,5023.0,LEGACY_GTSC,results/jerky_long_legacy_20260822/20260823T012535Z-793b9644d0/LEGACY_GTSC-T900-s5101
271.99999999999153,6800,131,1.8423359503076795,1.8317113809737893,2.0395969958316824,5017.0,LEGACY_GTSC,results/jerky_long_legacy_20260822/20260823T012535Z-793b9644d0/LEGACY_GTSC-T900-s5101
273.99999999999255,6850,131,1.8434159659292437,1.8235379920359533,2.0191657308488757,5013.0,LEGACY_GTSC,results/jerky_long_legacy_20260822/20260823T012535Z-793b9644d0/LEGACY_GTSC-T900-s5101
275.9999999999936,6900,131,1.843327406195235,1.8156201767205038,2.02681408588997,5005.0,LEGACY_GTSC,results/jerky_long_legacy_20260822/20260823T012535Z-793b9644d0/LEGACY_GTSC-T900-s5101
277.9999999999946,6950,131,1.8432651319795161,1.8110178442066367,2.02681408588997,4995.0,LEGACY_GTSC,results/jerky_long_legacy_20260822/20260823T012535Z-793b9644d0/LEGACY_GTSC-T900-s5101
279.9999999999956,7000,129,1.8468010571528886,1.8209459410737523,2.0483066119302373,4993.0,LEGACY_GTSC,results/jerky_long_legacy_20260822/20260823T012535Z-793b9644d0/LEGACY_GTSC-T900-s5101
281.99999999999665,7050,129,1.8450048950506854,1.8216231569429886,2.070177749685873,4989.0,LEGACY_GTSC,results/jerky_long_legacy_20260822/20260823T012535Z-793b9644d0/LEGACY_GTSC-T900-s5101
283.99999999999767,7100,128,1.8486651610850717,1.831067035806484,2.088653785518564,4985.0,LEGACY_GTSC,results/jerky_long_legacy_20260822/20260823T012535Z-793b9644d0/LEGACY_GTSC-T900-s5101
285.9999999999987,7150,128,1.8421071461292238,1.8209260323590875,2.054984801593607,4970.0,LEGACY_GTSC,results/jerky_long_legacy_20260822/20260823T012535Z-793b9644d0/LEGACY_GTSC-T900-s5101
287.9999999999997,7200,128,1.8466941508542516,1.8213470004657277,2.0720627980423125,4971.0,LEGACY_GTSC,results/jerky_long_legacy_20260822/20260823T012535Z-793b9644d0/LEGACY_GTSC-T900-s5101
290.00000000000074,7250,128,1.8473379180629075,1.8243819332280995,2.053693120444714,4961.0,LEGACY_GTSC,results/jerky_long_legacy_20260822/20260823T012535Z-793b9644d0/LEGACY_GTSC-T900-s5101
292.00000000000176,7300,128,1.8433429145248392,1.820943672875384,2.045759309223483,4956.0,LEGACY_GTSC,results/jerky_long_legacy_20260822/20260823T012535Z-793b9644d0/LEGACY_GTSC-T900-s5101
294.0000000000028,7350,128,1.8431985816949816,1.81658939678519,2.063197645665363,4951.0,LEGACY_GTSC,results/jerky_long_legacy_20260822/20260823T012535Z-793b9644d0/LEGACY_GTSC-T900-s5101
296.0000000000038,7400,128,1.8462167042730306,1.8212116646297654,2.057133639155367,4954.0,LEGACY_GTSC,results/jerky_long_legacy_20260822/20260823T012535Z-793b9644d0/LEGACY_GTSC-T900-s5101
298.00000000000483,7450,128,1.8436503966979156,1.8087772745198332,2.0690142601946393,4944.0,LEGACY_GTSC,results/jerky_long_legacy_20260822/20260823T012535Z-793b9644d0/LEGACY_GTSC-T900-s5101
300.00000000000585,7500,128,1.8463421191935774,1.8137931977415227,2.0545549421463827,4942.0,LEGACY_GTSC,results/jerky_long_legacy_20260822/20260823T012535Z-793b9644d0/LEGACY_GTSC-T900-s5101
302.0000000000069,7550,127,1.850036394233046,1.8261351286772312,2.0414199542795988,4944.0,LEGACY_GTSC,results/jerky_long_legacy_20260822/20260823T012535Z-793b9644d0/LEGACY_GTSC-T900-s5101
304.0000000000079,7600,127,1.8548339513029868,1.824343228277248,2.075026202895577,4942.0,LEGACY_GTSC,results/jerky_long_legacy_20260822/20260823T012535Z-793b9644d0/LEGACY_GTSC-T900-s5101
306.0000000000089,7650,127,1.849182559580205,1.8189136353359467,2.0292043339002173,4934.0,LEGACY_GTSC,results/jerky_long_legacy_20260822/20260823T012535Z-793b9644d0/LEGACY_GTSC-T900-s5101
308.00000000000995,7700,126,1.8494117014475375,1.8178411626736024,2.0381194771238595,4924.0,LEGACY_GTSC,results/jerky_long_legacy_20260822/20260823T012535Z-793b9644d0/LEGACY_GTSC-T900-s5101
310.00000000001097,7750,125,1.8495922735878125,1.82396617321188,2.03830671823338,4924.0,LEGACY_GTSC,results/jerky_long_legacy_20260822/20260823T012535Z-793b9644d0/LEGACY_GTSC-T900-s5101
312.000000000012,7800,125,1.8518185439519526,1.8364031895218693,2.054544026719728,4917.0,LEGACY_GTSC,results/jerky_long_legacy_20260822/20260823T012535Z-793b9644d0/LEGACY_GTSC-T900-s5101
314.000000000013,7850,125,1.8480194576481397,1.8453252579860302,2.03804719819528,4913.0,LEGACY_GTSC,results/jerky_long_legacy_20260822/20260823T012535Z-793b9644d0/LEGACY_GTSC-T900-s5101
316.00000000001404,7900,125,1.8496950138823562,1.8364031895218693,2.0628033355861755,4908.0,LEGACY_GTSC,results/jerky_long_legacy_20260822/20260823T012535Z-793b9644d0/LEGACY_GTSC-T900-s5101
318.00000000001506,7950,125,1.845736689000731,1.8349628732947931,2.045277204405109,4898.0,LEGACY_GTSC,results/jerky_long_legacy_20260822/20260823T012535Z-793b9644d0/LEGACY_GTSC-T900-s5101
320.0000000000161,8000,124,1.8428906025568763,1.835235701854995,2.03430147554104,4890.0,LEGACY_GTSC,results/jerky_long_legacy_20260822/20260823T012535Z-793b9644d0/LEGACY_GTSC-T900-s5101
322.0000000000171,8050,124,1.8436036620336096,1.833130300733535,2.0413043850785435,4889.0,LEGACY_GTSC,results/jerky_long_legacy_20260822/20260823T012535Z-793b9644d0/LEGACY_GTSC-T900-s5101
324.00000000001813,8100,124,1.8398566658892097,1.8223082568352051,2.0507179114522054,4878.0,LEGACY_GTSC,results/jerky_long_legacy_20260822/20260823T012535Z-793b9644d0/LEGACY_GTSC-T900-s5101
326.00000000001916,8150,124,1.8457733389616706,1.8418605781891433,2.0435713820043113,4880.0,LEGACY_GTSC,results/jerky_long_legacy_20260822/20260823T012535Z-793b9644d0/LEGACY_GTSC-T900-s5101
328.0000000000202,8200,124,1.8458466685629862,1.8486637384005271,2.035086442995561,4876.0,LEGACY_GTSC,results/jerky_long_legacy_20260822/20260823T012535Z-793b9644d0/LEGACY_GTSC-T900-s5101
330.0000000000212,8250,124,1.845688208801474,1.8512307536116868,2.0273791592718773,4867.0,LEGACY_GTSC,results/jerky_long_legacy_20260822/20260823T012535Z-793b9644d0/LEGACY_GTSC-T900-s5101
332.0000000000222,8300,124,1.8451542941656083,1.849060335715681,2.0631839072952656,4858.0,LEGACY_GTSC,results/jerky_long_legacy_20260822/20260823T012535Z-793b9644d0/LEGACY_GTSC-T900-s5101
334.00000000002325,8350,124,1.846039937635068,1.855655086058999,2.039233158371639,4858.0,LEGACY_GTSC,results/jerky_long_legacy_20260822/20260823T012535Z-793b9644d0/LEGACY_GTSC-T900-s5101
336.0000000000243,8400,124,1.8464745493455177,1.8495098949016309,2.0507179114522054,4851.0,LEGACY_GTSC,results/jerky_long_legacy_20260822/20260823T012535Z-793b9644d0/LEGACY_GTSC-T900-s5101
338.0000000000253,8450,123,1.842863777857081,1.8452747025147285,2.0573226921314918,4843.0,LEGACY_GTSC,results/jerky_long_legacy_20260822/20260823T012535Z-793b9644d0/LEGACY_GTSC-T900-s5101
340.0000000000263,8500,122,1.8443045385285761,1.853130822535336,2.0411287129136033,4832.0,LEGACY_GTSC,results/jerky_long_legacy_20260822/20260823T012535Z-793b9644d0/LEGACY_GTSC-T900-s5101
342.00000000002734,8550,120,1.8479525506773657,1.8525578074386955,2.0191938869793056,4839.0,LEGACY_GTSC,results/jerky_long_legacy_20260822/20260823T012535Z-793b9644d0/LEGACY_GTSC-T900-s5101
344.00000000002836,8600,120,1.848494049694129,1.8541583311082916,2.0380927283939285,4834.0,LEGACY_GTSC,results/jerky_long_legacy_20260822/20260823T012535Z-793b9644d0/LEGACY_GTSC-T900-s5101
346.0000000000294,8650,120,1.8469869894740394,1.8577994435932355,2.0380927283939285,4827.0,LEGACY_GTSC,results/jerky_long_legacy_20260822/20260823T012535Z-793b9644d0/LEGACY_GTSC-T900-s5101
348.0000000000304,8700,120,1.8465993698365846,1.8584176360204547,2.0060203407436994,4826.0,LEGACY_GTSC,results/jerky_long_legacy_20260822/20260823T012535Z-793b9644d0/LEGACY_GTSC-T900-s5101
350.00000000003143,8750,120,1.8413509576824045,1.8562501814008465,2.0060203407436994,4819.0,LEGACY_GTSC,results/jerky_long_legacy_20260822/20260823T012535Z-793b9644d0/LEGACY_GTSC-T900-s5101
352.00000000003246,8800,120,1.8329663011564041,1.8538004637070962,2.0184800944129146,4804.0,LEGACY_GTSC,results/jerky_long_legacy_20260822/20260823T012535Z-793b9644d0/LEGACY_GTSC-T900-s5101
354.0000000000335,8850,120,1.8384171576998913,1.848714915165907,2.013387448031543,4802.0,LEGACY_GTSC,results/jerky_long_legacy_20260822/20260823T012535Z-793b9644d0/LEGACY_GTSC-T900-s5101
356.0000000000345,8900,120,1.836368339691694,1.845896175996425,2.0216957569459733,4797.0,LEGACY_GTSC,results/jerky_long_legacy_20260822/20260823T012535Z-793b9644d0/LEGACY_GTSC-T900-s5101
358.0000000000355,8950,120,1.8411760671797708,1.8450630507392731,2.012931089771781,4797.0,LEGACY_GTSC,results/jerky_long_legacy_20260822/20260823T012535Z-793b9644d0/LEGACY_GTSC-T900-s5101
360.00000000003655,9000,119,1.8438752453888108,1.8386760936101665,2.0284278962828113,4797.0,LEGACY_GTSC,results/jerky_long_legacy_20260822/20260823T012535Z-793b9644d0/LEGACY_GTSC-T900-s5101
362.0000000000376,9050,119,1.842894191733205,1.841521601424868,2.022601407620252,4790.0,LEGACY_GTSC,results/jerky_long_legacy_20260822/20260823T012535Z-793b9644d0/LEGACY_GTSC-T900-s5101
364.0000000000386,9100,119,1.843546241182742,1.8420711006006405,2.048310743227727,4784.0,LEGACY_GTSC,results/jerky_long_legacy_20260822/20260823T012535Z-793b9644d0/LEGACY_GTSC-T900-s5101
366.0000000000396,9150,118,1.8468707845154477,1.84059744372016,2.044842875287432,4786.0,LEGACY_GTSC,results/jerky_long_legacy_20260822/20260823T012535Z-793b9644d0/LEGACY_GTSC-T900-s5101
368.00000000004064,9200,118,1.8497013587013396,1.8438778543545462,2.0438146713896064,4783.0,LEGACY_GTSC,results/jerky_long_legacy_20260822/20260823T012535Z-793b9644d0/LEGACY_GTSC-T900-s5101
370.00000000004167,9250,117,1.8549958847507972,1.8521790021566882,2.0427555948516485,4773.0,LEGACY_GTSC,results/jerky_long_legacy_20260822/20260823T012535Z-793b9644d0/LEGACY_GTSC-T900-s5101
372.0000000000427,9300,117,1.8486220711961565,1.8563318698745281,2.0431319953634155,4763.0,LEGACY_GTSC,results/jerky_long_legacy_20260822/20260823T012535Z-793b9644d0/LEGACY_GTSC-T900-s5101
374.0000000000437,9350,116,1.8518243649393185,1.8573796783045955,2.0448597178397065,4749.0,LEGACY_GTSC,results/jerky_long_legacy_20260822/20260823T012535Z-793b9644d0/LEGACY_GTSC-T900-s5101
376.00000000004474,9400,115,1.850480551248297,1.8405925478501253,2.0454971128648625,4747.0,LEGACY_GTSC,results/jerky_long_legacy_20260822/20260823T012535Z-793b9644d0/LEGACY_GTSC-T900-s5101
378.00000000004576,9450,114,1.8471418645489233,1.8381171658320898,2.036307123679584,4733.0,LEGACY_GTSC,results/jerky_long_legacy_20260822/20260823T012535Z-793b9644d0/LEGACY_GTSC-T900-s5101
380.0000000000468,9500,114,1.8493674854929698,1.8474052122019513,2.036307123679584,4732.0,LEGACY_GTSC,results/jerky_long_legacy_20260822/20260823T012535Z-793b9644d0/LEGACY_GTSC-T900-s5101
382.0000000000478,9550,114,1.856688560531429,1.8438016144697038,2.054535546334648,4729.0,LEGACY_GTSC,results/jerky_long_legacy_20260822/20260823T012535Z-793b9644d0/LEGACY_GTSC-T900-s5101
384.00000000004883,9600,113,1.8501461672185502,1.8234092457414646,2.0693120735168806,4709.0,LEGACY_GTSC,results/jerky_long_legacy_20260822/20260823T012535Z-793b9644d0/LEGACY_GTSC-T900-s5101
386.00000000004985,9650,113,1.8545998116404614,1.8378168948255813,2.0676576000245483,4698.0,LEGACY_GTSC,results/jerky_long_legacy_20260822/20260823T012535Z-793b9644d0/LEGACY_GTSC-T900-s5101
388.0000000000509,9700,113,1.8607872747484844,1.8420711006006405,2.0776635623125705,4684.0,LEGACY_GTSC,results/jerky_long_legacy_20260822/20260823T012535Z-793b9644d0/LEGACY_GTSC-T900-s5101
390.0000000000519,9750,113,1.8625532717377735,1.8375401555651332,2.0827262279868806,4678.0,LEGACY_GTSC,results/jerky_long_legacy_20260822/20260823T012535Z-793b9644d0/LEGACY_GTSC-T900-s5101
392.0000000000529,9800,112,1.8501428717022546,1.8274090216648267,2.0789634435718414,4664.0,LEGACY_GTSC,results/jerky_long_legacy_20260822/20260823T012535Z-793b9644d0/LEGACY_GTSC-T900-s5101
394.00000000005394,9850,111,1.857651601722272,1.841595269222365,2.0796245897340992,4658.0,LEGACY_GTSC,results/jerky_long_legacy_20260822/20260823T012535Z-793b9644d0/LEGACY_GTSC-T900-s5101
396.00000000005497,9900,110,1.8500604251463357,1.8334169634834097,2.073612765117028,4651.0,LEGACY_GTSC,results/jerky_long_legacy_20260822/20260823T012535Z-793b9644d0/LEGACY_GTSC-T900-s5101
398.000000000056,9950,110,1.850286232343303,1.8346083191761013,2.0756347082341757,4646.0,LEGACY_GTSC,results/jerky_long_legacy_20260822/20260823T012535Z-793b9644d0/LEGACY_GTSC-T900-s5101
400.000000000057,10000,110,1.8498777579969172,1.8379833672619723,2.0836404127727692,4643.0,LEGACY_GTSC,results/jerky_long_legacy_20260822/20260823T012535Z-793b9644d0/LEGACY_GTSC-T900-s5101
140.00000000000642,3500,154,1.8042871835667629,1.801686675079592,1.977365235065957,5452.0,LEGACY_SC,results/jerky_long_legacy_20260822/20260823T012535Z-793b9644d0/LEGACY_SC-T900-s5101
142.00000000000603,3550,153,1.8012437678307078,1.8108295747344536,1.9601150156614766,5442.0,LEGACY_SC,results/jerky_long_legacy_20260822/20260823T012535Z-793b9644d0/LEGACY_SC-T900-s5101
144.00000000000563,3600,153,1.8068610394830562,1.8099847576726074,1.9662214169773489,5444.0,LEGACY_SC,results/jerky_long_legacy_20260822/20260823T012535Z-793b9644d0/LEGACY_SC-T900-s5101
146.00000000000523,3650,153,1.8098259316461773,1.808158648073068,1.9832428954218104,5439.0,LEGACY_SC,results/jerky_long_legacy_20260822/20260823T012535Z-793b9644d0/LEGACY_SC-T900-s5101
148.00000000000483,3700,153,1.806906122786453,1.8025048036020788,1.9810826786090021,5428.0,LEGACY_SC,results/jerky_long_legacy_20260822/20260823T012535Z-793b9644d0/LEGACY_SC-T900-s5101
150.00000000000443,3750,153,1.8054749076292145,1.8017540727384378,1.971032422683228,5409.0,LEGACY_SC,results/jerky_long_legacy_20260822/20260823T012535Z-793b9644d0/LEGACY_SC-T900-s5101
152.00000000000404,3800,153,1.8081518541226935,1.809340405676284,1.9612625301524786,5402.0,LEGACY_SC,results/jerky_long_legacy_20260822/20260823T012535Z-793b9644d0/LEGACY_SC-T900-s5101
154.00000000000364,3850,153,1.8048275598384527,1.793276683891397,1.9606772956072864,5391.0,LEGACY_SC,results/jerky_long_legacy_20260822/20260823T012535Z-793b9644d0/LEGACY_SC-T900-s5101
156.00000000000324,3900,153,1.8073424741687067,1.7904931097838226,1.9675483375805782,5389.0,LEGACY_SC,results/jerky_long_legacy_20260822/20260823T012535Z-793b9644d0/LEGACY_SC-T900-s5101
158.00000000000284,3950,153,1.8095383449880478,1.8037560217081472,1.9606363729735368,5387.0,LEGACY_SC,results/jerky_long_legacy_20260822/20260823T012535Z-793b9644d0/LEGACY_SC-T900-s5101
160.00000000000244,4000,153,1.8139892324204383,1.8108295747344536,1.9585228013615512,5379.0,LEGACY_SC,results/jerky_long_legacy_20260822/20260823T012535Z-793b9644d0/LEGACY_SC-T900-s5101
162.00000000000205,4050,153,1.8162110796340227,1.823289682784977,1.9587891461895774,5378.0,LEGACY_SC,results/jerky_long_legacy_20260822/20260823T012535Z-793b9644d0/LEGACY_SC-T900-s5101
164.00000000000165,4100,153,1.818822449624359,1.8108295747344536,1.9638593741443517,5373.0,LEGACY_SC,results/jerky_long_legacy_20260822/20260823T012535Z-793b9644d0/LEGACY_SC-T900-s5101
166.00000000000125,4150,152,1.8128665909850767,1.798576207630385,1.9967253550269082,5359.0,LEGACY_SC,results/jerky_long_legacy_20260822/20260823T012535Z-793b9644d0/LEGACY_SC-T900-s5101
168.00000000000085,4200,152,1.815056609006638,1.8090915668058354,1.9615772672897127,5357.0,LEGACY_SC,results/jerky_long_legacy_20260822/20260823T012535Z-793b9644d0/LEGACY_SC-T900-s5101
170.00000000000045,4250,149,1.815533562784829,1.8029398425128043,1.9581058333748718,5348.0,LEGACY_SC,results/jerky_long_legacy_20260822/20260823T012535Z-793b9644d0/LEGACY_SC-T900-s5101
172.00000000000006,4300,149,1.8115185749227851,1.7937411698469226,1.9519908829385502,5341.0,LEGACY_SC,results/jerky_long_legacy_20260822/20260823T012535Z-793b9644d0/LEGACY_SC-T900-s5101
173.99999999999966,4350,148,1.8172995657910835,1.805727535642844,1.961007425108352,5343.0,LEGACY_SC,results/jerky_long_legacy_20260822/20260823T012535Z-793b9644d0/LEGACY_SC-T900-s5101
175.99999999999926,4400,147,1.8134038816311577,1.8060135386314367,1.9695813519709087,5331.0,LEGACY_SC,results/jerky_long_legacy_20260822/20260823T012535Z-793b9644d0/LEGACY_SC-T900-s5101
177.99999999999886,4450,147,1.8156228779789052,1.809340405676284,1.9707823661428387,5331.0,LEGACY_SC,results/jerky_long_legacy_20260822/20260823T012535Z-793b9644d0/LEGACY_SC-T900-s5101
179.99999999999847,4500,147,1.8227853667238498,1.8173110682563558,1.9625632043274992,5329.0,LEGACY_SC,results/jerky_long_legacy_20260822/20260823T012535Z-793b9644d0/LEGACY_SC-T900-s5101
181.99999999999807,4550,147,1.8198289607403293,1.812493940152408,1.9730689912708783,5319.0,LEGACY_SC,results/jerky_long_legacy_20260822/20260823T012535Z-793b9644d0/LEGACY_SC-T900-s5101
183.99999999999767,4600,147,1.8161823986264964,1.8156926424400395,1.9715595130401613,5309.0,LEGACY_SC,results/jerky_long_legacy_20260822/20260823T012535Z-793b9644d0/LEGACY_SC-T900-s5101
185.99999999999727,4650,147,1.817009950200936,1.8131575795279216,1.970689471243402,5304.0,LEGACY_SC,results/jerky_long_legacy_20260822/20260823T012535Z-793b9644d0/LEGACY_SC-T900-s5101
187.99999999999687,4700,147,1.8158681566356747,1.809340405676284,1.9788208475535205,5287.0,LEGACY_SC,results/jerky_long_legacy_20260822/20260823T012535Z-793b9644d0/LEGACY_SC-T900-s5101
189.99999999999648,4750,147,1.8236201164596764,1.82396617321188,1.983746793273904,5295.0,LEGACY_SC,results/jerky_long_legacy_20260822/20260823T012535Z-793b9644d0/LEGACY_SC-T900-s5101
191.99999999999608,4800,147,1.828750598572707,1.8189136353359467,2.0209911104063503,5295.0,LEGACY_SC,results/jerky_long_legacy_20260822/20260823T012535Z-793b9644d0/LEGACY_SC-T900-s5101
193.99999999999568,4850,147,1.8240615537843907,1.8251713657327449,1.9962519648839983,5279.0,LEGACY_SC,results/jerky_long_legacy_20260822/20260823T012535Z-793b9644d0/LEGACY_SC-T900-s5101
195.99999999999528,4900,147,1.827356932565591,1.8271108267665406,1.994204809980518,5271.0,LEGACY_SC,results/jerky_long_legacy_20260822/20260823T012535Z-793b9644d0/LEGACY_SC-T900-s5101
197.99999999999488,4950,147,1.8206465509218734,1.8253522676734193,1.9918705259545084,5265.0,LEGACY_SC,results/jerky_long_legacy_20260822/20260823T012535Z-793b9644d0/LEGACY_SC-T900-s5101
199.9999999999945,5000,146,1.8216983174603596,1.826271551115838,2.001324958588582,5261.0,LEGACY_SC,results/jerky_long_legacy_20260822/20260823T012535Z-793b9644d0/LEGACY_SC-T900-s5101
201.9999999999941,5050,146,1.8209566186117638,1.822084604286438,1.9980621079531846,5252.0,LEGACY_SC,results/jerky_long_legacy_20260822/20260823T012535Z-793b9644d0/LEGACY_SC-T900-s5101
203.9999999999937,5100,145,1.8262255256479138,1.8269786297567758,1.9948342171535471,5253.0,LEGACY_SC,results/jerky_long_legacy_20260822/20260823T012535Z-793b9644d0/LEGACY_SC-T900-s5101
205.9999999999933,5150,143,1.8311349647688633,1.8309505638050818,1.9854330060115877,5254.0,LEGACY_SC,results/jerky_long_legacy_20260822/20260823T012535Z-793b9644d0/LEGACY_SC-T900-s5101
207.9999999999929,5200,143,1.8280920871347606,1.823289682784977,1.987495874708547,5244.0,LEGACY_SC,results/jerky_long_legacy_20260822/20260823T012535Z-793b9644d0/LEGACY_SC-T900-s5101
209.9999999999925,5250,141,1.8372993120275267,1.8402833856964511,1.992732896937577,5245.0,LEGACY_SC,results/jerky_long_legacy_20260822/20260823T012535Z-793b9644d0/LEGACY_SC-T900-s5101
211.9999999999921,5300,140,1.834877661257183,1.836787967142099,1.9876899661025613,5239.0,LEGACY_SC,results/jerky_long_legacy_20260822/20260823T012535Z-793b9644d0/LEGACY_SC-T900-s5101
213.9999999999917,5350,139,1.8392299449723428,1.8254330390468283,2.005545198040417,5239.0,LEGACY_SC,results/jerky_long_legacy_20260822/20260823T012535Z-793b9644d0/LEGACY_SC-T900-s5101
215.9999999999913,5400,138,1.8377135991005447,1.821204717168158,2.0056416555816847,5231.0,LEGACY_SC,results/jerky_long_legacy_20260822/20260823T012535Z-793b9644d0/LEGACY_SC-T900-s5101
217.9999999999909,5450,137,1.8345058828283034,1.830677753375433,2.0012068138519172,5219.0,LEGACY_SC,results/jerky_long_legacy_20260822/20260823T012535Z-793b9644d0/LEGACY_SC-T900-s5101
219.9999999999905,5500,137,1.835238418874793,1.8251713657327449,2.0094961354975123,5212.0,LEGACY_SC,results/jerky_long_legacy_20260822/20260823T012535Z-793b9644d0/LEGACY_SC-T900-s5101
221.9999999999901,5550,137,1.836341180451294,1.841650055777646,2.0086973752197403,5209.0,LEGACY_SC,results/jerky_long_legacy_20260822/20260823T012535Z-793b9644d0/LEGACY_SC-T900-s5101
223.9999999999897,5600,137,1.8398433423891958,1.84274578688327,2.0233437113074,5203.0,LEGACY_SC,results/jerky_long_legacy_20260822/20260823T012535Z-793b9644d0/LEGACY_SC-T900-s5101
225.9999999999893,5650,137,1.8426254768105264,1.8364031895218693,2.0597623203500395,5184.0,LEGACY_SC,results/jerky_long_legacy_20260822/20260823T012535Z-793b9644d0/LEGACY_SC-T900-s5101
227.99999999998892,5700,137,1.845494434450325,1.8262079135663896,2.06837336780635,5175.0,LEGACY_SC,results/jerky_long_legacy_20260822/20260823T012535Z-793b9644d0/LEGACY_SC-T900-s5101
229.99999999998852,5750,137,1.8455837373924164,1.8334649444186342,2.0820434196482673,5164.0,LEGACY_SC,results/jerky_long_legacy_20260822/20260823T012535Z-793b9644d0/LEGACY_SC-T900-s5101
231.99999999998812,5800,137,1.8440400960519558,1.8340712489637463,2.0969186042094288,5151.0,LEGACY_SC,results/jerky_long_legacy_20260822/20260823T012535Z-793b9644d0/LEGACY_SC-T900-s5101
233.99999999998772,5850,136,1.8446219700210484,1.8378631300575392,2.033189940435764,5145.0,LEGACY_SC,results/jerky_long_legacy_20260822/20260823T012535Z-793b9644d0/LEGACY_SC-T900-s5101
235.99999999998732,5900,136,1.8454230137766152,1.8315222617799347,2.0349473449143494,5145.0,LEGACY_SC,results/jerky_long_legacy_20260822/20260823T012535Z-793b9644d0/LEGACY_SC-T900-s5101
237.99999999998693,5950,136,1.840894899090993,1.8194630302382324,2.04012000749218,5137.0,LEGACY_SC,results/jerky_long_legacy_20260822/20260823T012535Z-793b9644d0/LEGACY_SC-T900-s5101
239.99999999998653,6000,136,1.8465612179255606,1.8323255397124083,2.067596617286862,5132.0,LEGACY_SC,results/jerky_long_legacy_20260822/20260823T012535Z-793b9644d0/LEGACY_SC-T900-s5101
241.99999999998613,6050,136,1.8466223645623496,1.8226742948485328,2.0499670945499178,5129.0,LEGACY_SC,results/jerky_long_legacy_20260822/20260823T012535Z-793b9644d0/LEGACY_SC-T900-s5101
243.99999999998573,6100,136,1.846564295345586,1.8244451298546864,2.0476515873078442,5119.0,LEGACY_SC,results/jerky_long_legacy_20260822/20260823T012535Z-793b9644d0/LEGACY_SC-T900-s5101
245.99999999998533,6150,136,1.8472072518322105,1.8334649444186342,2.0454900086722043,5119.0,LEGACY_SC,results/jerky_long_legacy_20260822/20260823T012535Z-793b9644d0/LEGACY_SC-T900-s5101
247.99999999998494,6200,136,1.8487968228239182,1.833787929082853,2.04988239421321,5117.0,LEGACY_SC,results/jerky_long_legacy_20260822/20260823T012535Z-793b9644d0/LEGACY_SC-T900-s5101
249.99999999998454,6250,135,1.8491338326280409,1.8340712489637463,2.0616889310676987,5112.0,LEGACY_SC,results/jerky_long_legacy_20260822/20260823T012535Z-793b9644d0/LEGACY_SC-T900-s5101
251.99999999998414,6300,135,1.850855545602935,1.8276468299426922,2.0663420523112186,5111.0,LEGACY_SC,results/jerky_long_legacy_20260822/20260823T012535Z-793b9644d0/LEGACY_SC-T900-s5101
253.99999999998374,6350,135,1.8495372328192583,1.830677753375433,2.0654160508388264,5106.0,LEGACY_SC,results/jerky_long_legacy_20260822/20260823T012535Z-793b9644d0/LEGACY_SC-T900-s5101
255.99999999998334,6400,135,1.8450354940680203,1.8271488742360897,2.0627410529699866,5095.0,LEGACY_SC,results/jerky_long_legacy_20260822/20260823T012535Z-793b9644d0/LEGACY_SC-T900-s5101
257.99999999998437,6450,134,1.84854196985223,1.8281514157392507,2.0605356963372348,5097.0,LEGACY_SC,results/jerky_long_legacy_20260822/20260823T012535Z-793b9644d0/LEGACY_SC-T900-s5101
259.9999999999854,6500,134,1.8551609515111616,1.84606950457033,2.051372499001949,5100.0,LEGACY_SC,results/jerky_long_legacy_20260822/20260823T012535Z-793b9644d0/LEGACY_SC-T900-s5101
261.9999999999864,6550,134,1.8589574326421174,1.8484309634387137,2.068899247110628,5088.0,LEGACY_SC,results/jerky_long_legacy_20260822/20260823T012535Z-793b9644d0/LEGACY_SC-T900-s5101
263.99999999998744,6600,134,1.8612828109707549,1.838800172199164,2.0673090286615117,5082.0,LEGACY_SC,results/jerky_long_legacy_20260822/20260823T012535Z-793b9644d0/LEGACY_SC-T900-s5101
265.99999999998846,6650,133,1.858249828210447,1.8385579025975751,2.0821465030359656,5075.0,LEGACY_SC,results/jerky_long_legacy_20260822/20260823T012535Z-793b9644d0/LEGACY_SC-T900-s5101
267.9999999999895,6700,133,1.8537662576472111,1.8364031895218693,2.0678921304518445,5067.0,LEGACY_SC,results/jerky_long_legacy_20260822/20260823T012535Z-793b9644d0/LEGACY_SC-T900-s5101
269.9999999999905,6750,133,1.8514082054481897,1.8386760936101665,2.0805891651467774,5064.0,LEGACY_SC,results/jerky_long_legacy_20260822/20260823T012535Z-793b9644d0/LEGACY_SC-T900-s5101
271.99999999999153,6800,132,1.8587934830236037,1.8448843081856028,2.043081318882088,5064.0,LEGACY_SC,results/jerky_long_legacy_20260822/20260823T012535Z-793b9644d0/LEGACY_SC-T900-s5101
273.99999999999255,6850,132,1.8568937082854176,1.8533633513725678,2.0322165365254548,5050.0,LEGACY_SC,results/jerky_long_legacy_20260822/20260823T012535Z-793b9644d0/LEGACY_SC-T900-s5101
275.9999999999936,6900,132,1.857675073208288,1.8501330350322505,2.039093130893363,5036.0,LEGACY_SC,results/jerky_long_legacy_20260822/20260823T012535Z-793b9644d0/LEGACY_SC-T900-s5101
277.9999999999946,6950,131,1.8594099794492835,1.8485551908747548,2.0398022769689117,5034.0,LEGACY_SC,results/jerky_long_legacy_20260822/20260823T012535Z-793b9644d0/LEGACY_SC-T900-s5101
279.9999999999956,7000,131,1.8667972998635778,1.856071770130956,2.0643332324566424,5038.0,LEGACY_SC,results/jerky_long_legacy_20260822/20260823T012535Z-793b9644d0/LEGACY_SC-T900-s5101
281.99999999999665,7050,131,1.862012173393935,1.8503948328706075,2.0643332324566424,5026.0,LEGACY_SC,results/jerky_long_legacy_20260822/20260823T012535Z-793b9644d0/LEGACY_SC-T900-s5101
283.99999999999767,7100,130,1.8535598775816444,1.8433299347904077,2.052766299360123,5010.0,LEGACY_SC,results/jerky_long_legacy_20260822/20260823T012535Z-793b9644d0/LEGACY_SC-T900-s5101
285.9999999999987,7150,130,1.850183545039818,1.837372684146172,2.0469565388706026,5002.0,LEGACY_SC,results/jerky_long_legacy_20260822/20260823T012535Z-793b9644d0/LEGACY_SC-T900-s5101
287.9999999999997,7200,130,1.8495977021312004,1.830926863913002,2.0374764528415166,4998.0,LEGACY_SC,results/jerky_long_legacy_20260822/20260823T012535Z-793b9644d0/LEGACY_SC-T900-s5101
290.00000000000074,7250,130,1.8479912294408751,1.8304797994661148,2.0583019546280523,4996.0,LEGACY_SC,results/jerky_long_legacy_20260822/20260823T012535Z-793b9644d0/LEGACY_SC-T900-s5101
292.00000000000176,7300,130,1.854980950971926,1.8312368513114239,2.0582781119198525,4992.0,LEGACY_SC,results/jerky_long_legacy_20260822/20260823T012535Z-793b9644d0/LEGACY_SC-T900-s5101
294.0000000000028,7350,130,1.8550969000201836,1.8270791537568885,2.0640233386342666,4987.0,LEGACY_SC,results/jerky_long_legacy_20260822/20260823T012535Z-793b9644d0/LEGACY_SC-T900-s5101
296.0000000000038,7400,128,1.8585371027604083,1.8247010878120156,2.0662884994395117,4983.0,LEGACY_SC,results/jerky_long_legacy_20260822/20260823T012535Z-793b9644d0/LEGACY_SC-T900-s5101
298.00000000000483,7450,127,1.8471427115523886,1.8253217321542035,2.0592733049162897,4968.0,LEGACY_SC,results/jerky_long_legacy_20260822/20260823T012535Z-793b9644d0/LEGACY_SC-T900-s5101
300.00000000000585,7500,126,1.8424086114024838,1.818342094766308,2.0394285019001632,4955.0,LEGACY_SC,results/jerky_long_legacy_20260822/20260823T012535Z-793b9644d0/LEGACY_SC-T900-s5101
302.0000000000069,7550,126,1.8441776366441225,1.820824393833519,2.039652917244928,4952.0,LEGACY_SC,results/jerky_long_legacy_20260822/20260823T012535Z-793b9644d0/LEGACY_SC-T900-s5101
304.0000000000079,7600,126,1.8483244991078736,1.8220296034969719,2.063490647463803,4951.0,LEGACY_SC,results/jerky_long_legacy_20260822/20260823T012535Z-793b9644d0/LEGACY_SC-T900-s5101
306.0000000000089,7650,126,1.8523354820535427,1.8432984462596693,2.053224363801239,4953.0,LEGACY_SC,results/jerky_long_legacy_20260822/20260823T012535Z-793b9644d0/LEGACY_SC-T900-s5101
308.00000000000995,7700,126,1.8542706994250837,1.8466701001260475,2.056093501313435,4949.0,LEGACY_SC,results/jerky_long_legacy_20260822/20260823T012535Z-793b9644d0/LEGACY_SC-T900-s5101
310.00000000001097,7750,126,1.8537788639569293,1.8400123862056177,2.0562566656150416,4938.0,LEGACY_SC,results/jerky_long_legacy_20260822/20260823T012535Z-793b9644d0/LEGACY_SC-T900-s5101
312.000000000012,7800,126,1.8489456467586192,1.837539641566018,2.0477936011157203,4930.0,LEGACY_SC,results/jerky_long_legacy_20260822/20260823T012535Z-793b9644d0/LEGACY_SC-T900-s5101
314.000000000013,7850,126,1.8456523489697971,1.8317063070308837,2.0477936011157203,4922.0,LEGACY_SC,results/jerky_long_legacy_20260822/20260823T012535Z-793b9644d0/LEGACY_SC-T900-s5101
316.00000000001404,7900,126,1.8527987934679995,1.8392536178762384,2.0658311613328015,4917.0,LEGACY_SC,results/jerky_long_legacy_20260822/20260823T012535Z-793b9644d0/LEGACY_SC-T900-s5101
318.00000000001506,7950,125,1.8516669094242793,1.8398311421423101,2.0613938265015226,4909.0,LEGACY_SC,results/jerky_long_legacy_20260822/20260823T012535Z-793b9644d0/LEGACY_SC-T900-s5101
320.0000000000161,8000,124,1.8464782743051273,1.8391110910615291,2.0318526995697135,4892.0,LEGACY_SC,results/jerky_long_legacy_20260822/20260823T012535Z-793b9644d0/LEGACY_SC-T900-s5101
322.0000000000171,8050,124,1.8430922585222593,1.839688615327601,2.045488398763589,4882.0,LEGACY_SC,results/jerky_long_legacy_20260822/20260823T012535Z-793b9644d0/LEGACY_SC-T900-s5101
324.00000000001813,8100,124,1.8440956388417074,1.840676371783589,2.027858424269466,4879.0,LEGACY_SC,results/jerky_long_legacy_20260822/20260823T012535Z-793b9644d0/LEGACY_SC-T900-s5101
326.00000000001916,8150,124,1.8460909535111694,1.8388408447186273,2.0412431781780915,4880.0,LEGACY_SC,results/jerky_long_legacy_20260822/20260823T012535Z-793b9644d0/LEGACY_SC-T900-s5101
328.0000000000202,8200,124,1.85046909230184,1.8392536178762384,2.0451835735284734,4873.0,LEGACY_SC,results/jerky_long_legacy_20260822/20260823T012535Z-793b9644d0/LEGACY_SC-T900-s5101
330.0000000000212,8250,123,1.8529049775189728,1.8416500557776463,2.039176509858694,4872.0,LEGACY_SC,results/jerky_long_legacy_20260822/20260823T012535Z-793b9644d0/LEGACY_SC-T900-s5101
332.0000000000222,8300,123,1.8474934834293353,1.8386760936101665,2.0337221154088585,4858.0,LEGACY_SC,results/jerky_long_legacy_20260822/20260823T012535Z-793b9644d0/LEGACY_SC-T900-s5101
334.00000000002325,8350,123,1.8510583083099181,1.8397787454532264,2.0417585058741268,4861.0,LEGACY_SC,results/jerky_long_legacy_20260822/20260823T012535Z-793b9644d0/LEGACY_SC-T900-s5101
336.0000000000243,8400,122,1.8532484434597405,1.839662416983059,2.03396672596492,4857.0,LEGACY_SC,results/jerky_long_legacy_20260822/20260823T012535Z-793b9644d0/LEGACY_SC-T900-s5101
338.0000000000253,8450,122,1.846247032970982,1.8259350833648398,2.0268868409607146,4848.0,LEGACY_SC,results/jerky_long_legacy_20260822/20260823T012535Z-793b9644d0/LEGACY_SC-T900-s5101
340.0000000000263,8500,122,1.8495262462917805,1.847065118149266,2.03396672596492,4848.0,LEGACY_SC,results/jerky_long_legacy_20260822/20260823T012535Z-793b9644d0/LEGACY_SC-T900-s5101
342.00000000002734,8550,121,1.849421347659029,1.8464670940068197,2.031765230960366,4843.0,LEGACY_SC,results/jerky_long_legacy_20260822/20260823T012535Z-793b9644d0/LEGACY_SC-T900-s5101
344.00000000002836,8600,120,1.857395128244406,1.8511852100920716,2.03737051268578,4847.0,LEGACY_SC,results/jerky_long_legacy_20260822/20260823T012535Z-793b9644d0/LEGACY_SC-T900-s5101
346.0000000000294,8650,120,1.8526710819795684,1.85488411934055,2.0349682324570106,4835.0,LEGACY_SC,results/jerky_long_legacy_20260822/20260823T012535Z-793b9644d0/LEGACY_SC-T900-s5101
348.0000000000304,8700,120,1.8559955621459532,1.8507512538564046,2.0359426149332607,4830.0,LEGACY_SC,results/jerky_long_legacy_20260822/20260823T012535Z-793b9644d0/LEGACY_SC-T900-s5101
350.00000000003143,8750,119,1.8603504289684591,1.8549783022434698,2.0375577537953,4829.0,LEGACY_SC,results/jerky_long_legacy_20260822/20260823T012535Z-793b9644d0/LEGACY_SC-T900-s5101
352.00000000003246,8800,119,1.8578016978617178,1.850989101593484,2.030541372376362,4821.0,LEGACY_SC,results/jerky_long_legacy_20260822/20260823T012535Z-793b9644d0/LEGACY_SC-T900-s5101
354.0000000000335,8850,119,1.8539735201751304,1.8450997195688006,2.0304145556886395,4811.0,LEGACY_SC,results/jerky_long_legacy_20260822/20260823T012535Z-793b9644d0/LEGACY_SC-T900-s5101
356.0000000000345,8900,119,1.852755700863245,1.8437330052632728,2.0187046453439708,4802.0,LEGACY_SC,results/jerky_long_legacy_20260822/20260823T012535Z-793b9644d0/LEGACY_SC-T900-s5101
358.0000000000355,8950,119,1.8549856563229672,1.8334649444186344,2.0296146324021187,4795.0,LEGACY_SC,results/jerky_long_legacy_20260822/20260823T012535Z-793b9644d0/LEGACY_SC-T900-s5101
360.00000000003655,9000,118,1.8505769476742664,1.8392875680408087,2.0277120673721334,4789.0,LEGACY_SC,results/jerky_long_legacy_20260822/20260823T012535Z-793b9644d0/LEGACY_SC-T900-s5101
362.0000000000376,9050,117,1.8487347046496652,1.841650055777646,2.0283195310849647,4782.0,LEGACY_SC,results/jerky_long_legacy_20260822/20260823T012535Z-793b9644d0/LEGACY_SC-T900-s5101
364.0000000000386,9100,117,1.8500935159705,1.8481524101841973,2.0146329972668324,4770.0,LEGACY_SC,results/jerky_long_legacy_20260822/20260823T012535Z-793b9644d0/LEGACY_SC-T900-s5101
366.0000000000396,9150,116,1.8564416900752116,1.8544333299280842,2.0037716930232317,4771.0,LEGACY_SC,results/jerky_long_legacy_20260822/20260823T012535Z-793b9644d0/LEGACY_SC-T900-s5101
368.00000000004064,9200,116,1.8591432228450495,1.8479021905545499,2.0168852498485985,4767.0,LEGACY_SC,results/jerky_long_legacy_20260822/20260823T012535Z-793b9644d0/LEGACY_SC-T900-s5101
370.00000000004167,9250,116,1.8551623650724745,1.8449432954201677,2.006222926218303,4759.0,LEGACY_SC,results/jerky_long_legacy_20260822/20260823T012535Z-793b9644d0/LEGACY_SC-T900-s5101
372.0000000000427,9300,116,1.8583831247830136,1.8471756136404345,2.031966821936459,4760.0,LEGACY_SC,results/jerky_long_legacy_20260822/20260823T012535Z-793b9644d0/LEGACY_SC-T900-s5101
374.0000000000437,9350,116,1.8499244739464866,1.8371324396163358,2.031966821936459,4749.0,LEGACY_SC,results/jerky_long_legacy_20260822/20260823T012535Z-793b9644d0/LEGACY_SC-T900-s5101
376.00000000004474,9400,116,1.8504219607273118,1.8293805296569339,2.044977600456555,4730.0,LEGACY_SC,results/jerky_long_legacy_20260822/20260823T012535Z-793b9644d0/LEGACY_SC-T900-s5101
378.00000000004576,9450,116,1.85726378488998,1.8311945671746113,2.0691667439724517,4732.0,LEGACY_SC,results/jerky_long_legacy_20260822/20260823T012535Z-793b9644d0/LEGACY_SC-T900-s5101
380.0000000000468,9500,115,1.8565353920480296,1.8482509520349137,2.057254814634348,4734.0,LEGACY_SC,results/jerky_long_legacy_20260822/20260823T012535Z-793b9644d0/LEGACY_SC-T900-s5101
382.0000000000478,9550,115,1.8598125588113787,1.8503948328706075,2.0653152462267546,4733.0,LEGACY_SC,results/jerky_long_legacy_20260822/20260823T012535Z-793b9644d0/LEGACY_SC-T900-s5101
384.00000000004883,9600,114,1.8557310010631363,1.8404421834416809,2.0690127523792246,4726.0,LEGACY_SC,results/jerky_long_legacy_20260822/20260823T012535Z-793b9644d0/LEGACY_SC-T900-s5101
386.00000000004985,9650,114,1.8530288867249904,1.836353040262555,2.063922704372211,4718.0,LEGACY_SC,results/jerky_long_legacy_20260822/20260823T012535Z-793b9644d0/LEGACY_SC-T900-s5101
388.0000000000509,9700,114,1.8463217346330838,1.8193244334928949,2.042535384706784,4704.0,LEGACY_SC,results/jerky_long_legacy_20260822/20260823T012535Z-793b9644d0/LEGACY_SC-T900-s5101
390.0000000000519,9750,114,1.8409403555504753,1.8261765919312558,2.020444863919951,4695.0,LEGACY_SC,results/jerky_long_legacy_20260822/20260823T012535Z-793b9644d0/LEGACY_SC-T900-s5101
392.0000000000529,9800,114,1.8440197424653966,1.8318733949877153,2.040117841267414,4688.0,LEGACY_SC,results/jerky_long_legacy_20260822/20260823T012535Z-793b9644d0/LEGACY_SC-T900-s5101
394.00000000005394,9850,113,1.8422875805824308,1.841650055777646,2.0191598713379393,4676.0,LEGACY_SC,results/jerky_long_legacy_20260822/20260823T012535Z-793b9644d0/LEGACY_SC-T900-s5101
396.00000000005497,9900,112,1.8444203578590834,1.8419025273043494,2.0201676278908596,4674.0,LEGACY_SC,results/jerky_long_legacy_20260822/20260823T012535Z-793b9644d0/LEGACY_SC-T900-s5101
398.000000000056,9950,112,1.8454942302697888,1.8342139088567135,2.0457849848313,4669.0,LEGACY_SC,results/jerky_long_legacy_20260822/20260823T012535Z-793b9644d0/LEGACY_SC-T900-s5101
400.000000000057,10000,112,1.840051671532601,1.8285970748058928,2.040551118429944,4654.0,LEGACY_SC,results/jerky_long_legacy_20260822/20260823T012535Z-793b9644d0/LEGACY_SC-T900-s5101
140.00000000000642,3500,155,1.801835757243892,1.774549888132631,1.956637752464904,5448.0,LEGACY_TC,results/jerky_long_legacy_20260822/20260823T012535Z-793b9644d0/LEGACY_TC-T900-s5101
142.00000000000603,3550,154,1.8050906762791255,1.7952019696683272,1.98760038545917,5446.0,LEGACY_TC,results/jerky_long_legacy_20260822/20260823T012535Z-793b9644d0/LEGACY_TC-T900-s5101
144.00000000000563,3600,154,1.8070566455492114,1.8026842712496158,2.0002532786383824,5433.0,LEGACY_TC,results/jerky_long_legacy_20260822/20260823T012535Z-793b9644d0/LEGACY_TC-T900-s5101
146.00000000000523,3650,153,1.8134295370272764,1.800686918122353,1.999335679656683,5436.0,LEGACY_TC,results/jerky_long_legacy_20260822/20260823T012535Z-793b9644d0/LEGACY_TC-T900-s5101
148.00000000000483,3700,153,1.809353220988559,1.7960594096069848,1.9974886035009947,5426.0,LEGACY_TC,results/jerky_long_legacy_20260822/20260823T012535Z-793b9644d0/LEGACY_TC-T900-s5101
150.00000000000443,3750,153,1.8153123418065882,1.809340405676284,2.008741431852115,5419.0,LEGACY_TC,results/jerky_long_legacy_20260822/20260823T012535Z-793b9644d0/LEGACY_TC-T900-s5101
152.00000000000404,3800,153,1.811610088650781,1.794374937664113,1.99201447567088,5409.0,LEGACY_TC,results/jerky_long_legacy_20260822/20260823T012535Z-793b9644d0/LEGACY_TC-T900-s5101
154.00000000000364,3850,153,1.808291702215446,1.7888643311264494,1.9808221547533036,5402.0,LEGACY_TC,results/jerky_long_legacy_20260822/20260823T012535Z-793b9644d0/LEGACY_TC-T900-s5101
156.00000000000324,3900,152,1.803100409321934,1.7869241156708533,1.9791269016408044,5387.0,LEGACY_TC,results/jerky_long_legacy_20260822/20260823T012535Z-793b9644d0/LEGACY_TC-T900-s5101
158.00000000000284,3950,152,1.8030714808323018,1.7932646982260958,1.962681356302036,5381.0,LEGACY_TC,results/jerky_long_legacy_20260822/20260823T012535Z-793b9644d0/LEGACY_TC-T900-s5101
160.00000000000244,4000,152,1.8087339297159717,1.8100849902053688,1.9792102369861913,5380.0,LEGACY_TC,results/jerky_long_legacy_20260822/20260823T012535Z-793b9644d0/LEGACY_TC-T900-s5101
162.00000000000205,4050,151,1.8102214152419023,1.8060135386314367,1.9608168208119914,5377.0,LEGACY_TC,results/jerky_long_legacy_20260822/20260823T012535Z-793b9644d0/LEGACY_TC-T900-s5101
164.00000000000165,4100,151,1.8159760944536276,1.8108295747344536,1.98166659782434,5375.0,LEGACY_TC,results/jerky_long_legacy_20260822/20260823T012535Z-793b9644d0/LEGACY_TC-T900-s5101
166.00000000000125,4150,150,1.8189899037712212,1.8107154851695133,1.997841351304774,5370.0,LEGACY_TC,results/jerky_long_legacy_20260822/20260823T012535Z-793b9644d0/LEGACY_TC-T900-s5101
168.00000000000085,4200,149,1.8223125541767224,1.8247063539198194,2.0038287892790723,5368.0,LEGACY_TC,results/jerky_long_legacy_20260822/20260823T012535Z-793b9644d0/LEGACY_TC-T900-s5101
170.00000000000045,4250,149,1.8209113392243956,1.823650389594634,1.9966041718055532,5362.0,LEGACY_TC,results/jerky_long_legacy_20260822/20260823T012535Z-793b9644d0/LEGACY_TC-T900-s5101
172.00000000000006,4300,148,1.8306960308756794,1.8215960703258443,1.9986959962307054,5366.0,LEGACY_TC,results/jerky_long_legacy_20260822/20260823T012535Z-793b9644d0/LEGACY_TC-T900-s5101
173.99999999999966,4350,148,1.8259206397648786,1.8127903134522778,2.013262714725298,5354.0,LEGACY_TC,results/jerky_long_legacy_20260822/20260823T012535Z-793b9644d0/LEGACY_TC-T900-s5101
175.99999999999926,4400,148,1.8202304827010067,1.806140124094544,2.0051111391047116,5334.0,LEGACY_TC,results/jerky_long_legacy_20260822/20260823T012535Z-793b9644d0/LEGACY_TC-T900-s5101
177.99999999999886,4450,147,1.8223469900387335,1.8131575795279216,2.000452788760348,5332.0,LEGACY_TC,results/jerky_long_legacy_20260822/20260823T012535Z-793b9644d0/LEGACY_TC-T900-s5101
179.99999999999847,4500,147,1.8230770673587302,1.812493940152408,2.002970372244941,5327.0,LEGACY_TC,results/jerky_long_legacy_20260822/20260823T012535Z-793b9644d0/LEGACY_TC-T900-s5101
181.99999999999807,4550,147,1.8249147813790072,1.8173110682563558,2.009285402659252,5327.0,LEGACY_TC,results/jerky_long_legacy_20260822/20260823T012535Z-793b9644d0/LEGACY_TC-T900-s5101
183.99999999999767,4600,147,1.8264078248198963,1.8157113225976793,2.007158447198577,5318.0,LEGACY_TC,results/jerky_long_legacy_20260822/20260823T012535Z-793b9644d0/LEGACY_TC-T900-s5101
185.99999999999727,4650,147,1.8297509229608362,1.8153118261570638,2.032120993868277,5307.0,LEGACY_TC,results/jerky_long_legacy_20260822/20260823T012535Z-793b9644d0/LEGACY_TC-T900-s5101
187.99999999999687,4700,147,1.8290528392320338,1.8122333468556537,2.035852359160161,5297.0,LEGACY_TC,results/jerky_long_legacy_20260822/20260823T012535Z-793b9644d0/LEGACY_TC-T900-s5101
189.99999999999648,4750,147,1.8311919729936017,1.822100983995998,2.020209011073931,5292.0,LEGACY_TC,results/jerky_long_legacy_20260822/20260823T012535Z-793b9644d0/LEGACY_TC-T900-s5101
191.99999999999608,4800,147,1.8272719205259085,1.8210790087113466,2.0077726115855463,5283.0,LEGACY_TC,results/jerky_long_legacy_20260822/20260823T012535Z-793b9644d0/LEGACY_TC-T900-s5101
193.99999999999568,4850,147,1.82944529700772,1.8221516394855386,2.01195450204005,5281.0,LEGACY_TC,results/jerky_long_legacy_20260822/20260823T012535Z-793b9644d0/LEGACY_TC-T900-s5101
195.99999999999528,4900,147,1.8298030408709407,1.83355215260663,1.9934133976422799,5277.0,LEGACY_TC,results/jerky_long_legacy_20260822/20260823T012535Z-793b9644d0/LEGACY_TC-T900-s5101
197.99999999999488,4950,146,1.8339483972746258,1.8354273094672315,2.0211255021275667,5279.0,LEGACY_TC,results/jerky_long_legacy_20260822/20260823T012535Z-793b9644d0/LEGACY_TC-T900-s5101
199.9999999999945,5000,146,1.833955422115131,1.8367857735196864,2.0252177057138407,5271.0,LEGACY_TC,results/jerky_long_legacy_20260822/20260823T012535Z-793b9644d0/LEGACY_TC-T900-s5101
201.9999999999941,5050,146,1.830876716816776,1.8346783450291522,2.009863828971242,5263.0,LEGACY_TC,results/jerky_long_legacy_20260822/20260823T012535Z-793b9644d0/LEGACY_TC-T900-s5101
203.9999999999937,5100,145,1.8325225041969102,1.8334649444186342,2.001428950532391,5256.0,LEGACY_TC,results/jerky_long_legacy_20260822/20260823T012535Z-793b9644d0/LEGACY_TC-T900-s5101
205.9999999999933,5150,144,1.8311889291199712,1.8216231569429886,2.001532942476199,5248.0,LEGACY_TC,results/jerky_long_legacy_20260822/20260823T012535Z-793b9644d0/LEGACY_TC-T900-s5101
207.9999999999929,5200,144,1.8308758628830983,1.8334649444186342,1.9942401251731317,5245.0,LEGACY_TC,results/jerky_long_legacy_20260822/20260823T012535Z-793b9644d0/LEGACY_TC-T900-s5101
209.9999999999925,5250,143,1.8308796613643892,1.8311759744505711,1.9942700507106947,5248.0,LEGACY_TC,results/jerky_long_legacy_20260822/20260823T012535Z-793b9644d0/LEGACY_TC-T900-s5101
211.9999999999921,5300,141,1.834790759474355,1.826354645662321,1.9913863480852294,5245.0,LEGACY_TC,results/jerky_long_legacy_20260822/20260823T012535Z-793b9644d0/LEGACY_TC-T900-s5101
213.9999999999917,5350,138,1.8299766962148214,1.8223353434523495,1.9873811567861144,5230.0,LEGACY_TC,results/jerky_long_legacy_20260822/20260823T012535Z-793b9644d0/LEGACY_TC-T900-s5101
215.9999999999913,5400,138,1.827986541149661,1.8216190745815488,1.9820728621421226,5224.0,LEGACY_TC,results/jerky_long_legacy_20260822/20260823T012535Z-793b9644d0/LEGACY_TC-T900-s5101
217.9999999999909,5450,138,1.8337704876410132,1.8291823513693986,1.99032098277698,5228.0,LEGACY_TC,results/jerky_long_legacy_20260822/20260823T012535Z-793b9644d0/LEGACY_TC-T900-s5101
219.9999999999905,5500,138,1.8351382694107403,1.8333308406787063,2.0012498418781837,5219.0,LEGACY_TC,results/jerky_long_legacy_20260822/20260823T012535Z-793b9644d0/LEGACY_TC-T900-s5101
221.9999999999901,5550,138,1.8319354801781358,1.835357283614181,2.0060440360423204,5207.0,LEGACY_TC,results/jerky_long_legacy_20260822/20260823T012535Z-793b9644d0/LEGACY_TC-T900-s5101
223.9999999999897,5600,138,1.833189567171487,1.8354770540467098,2.0138331018469295,5207.0,LEGACY_TC,results/jerky_long_legacy_20260822/20260823T012535Z-793b9644d0/LEGACY_TC-T900-s5101
225.9999999999893,5650,138,1.8305762824556486,1.8206473364801625,2.015788672668825,5193.0,LEGACY_TC,results/jerky_long_legacy_20260822/20260823T012535Z-793b9644d0/LEGACY_TC-T900-s5101
227.99999999998892,5700,137,1.8305542163034862,1.8196715160173367,2.0288023852076136,5176.0,LEGACY_TC,results/jerky_long_legacy_20260822/20260823T012535Z-793b9644d0/LEGACY_TC-T900-s5101
229.99999999998852,5750,137,1.8395563589700914,1.8216231569429886,2.042025292884483,5183.0,LEGACY_TC,results/jerky_long_legacy_20260822/20260823T012535Z-793b9644d0/LEGACY_TC-T900-s5101
231.99999999998812,5800,137,1.8350432510210224,1.8156926424400395,2.0405229162837624,5171.0,LEGACY_TC,results/jerky_long_legacy_20260822/20260823T012535Z-793b9644d0/LEGACY_TC-T900-s5101
233.99999999998772,5850,136,1.8349887178682351,1.8116895158510653,2.038390133703971,5158.0,LEGACY_TC,results/jerky_long_legacy_20260822/20260823T012535Z-793b9644d0/LEGACY_TC-T900-s5101
235.99999999998732,5900,136,1.8334092134268336,1.7963757898056665,2.058972700692162,5140.0,LEGACY_TC,results/jerky_long_legacy_20260822/20260823T012535Z-793b9644d0/LEGACY_TC-T900-s5101
237.99999999998693,5950,136,1.834369257629361,1.7957816559651172,2.049945004340311,5127.0,LEGACY_TC,results/jerky_long_legacy_20260822/20260823T012535Z-793b9644d0/LEGACY_TC-T900-s5101
239.99999999998653,6000,136,1.8344612500913422,1.8022905065783874,2.0463813251927805,5123.0,LEGACY_TC,results/jerky_long_legacy_20260822/20260823T012535Z-793b9644d0/LEGACY_TC-T900-s5101
241.99999999998613,6050,136,1.8400706479776199,1.8071138409974097,2.054852584696181,5123.0,LEGACY_TC,results/jerky_long_legacy_20260822/20260823T012535Z-793b9644d0/LEGACY_TC-T900-s5101
243.99999999998573,6100,136,1.8408898203472117,1.8091012967987865,2.0622715883252267,5120.0,LEGACY_TC,results/jerky_long_legacy_20260822/20260823T012535Z-793b9644d0/LEGACY_TC-T900-s5101
245.99999999998533,6150,136,1.8403444954909987,1.8117161693897872,2.058699031693105,5116.0,LEGACY_TC,results/jerky_long_legacy_20260822/20260823T012535Z-793b9644d0/LEGACY_TC-T900-s5101
247.99999999998494,6200,136,1.8380033206568442,1.8156577400402387,2.0533384999286244,5112.0,LEGACY_TC,results/jerky_long_legacy_20260822/20260823T012535Z-793b9644d0/LEGACY_TC-T900-s5101
249.99999999998454,6250,136,1.8422309089324573,1.8192716892011704,2.058699031693105,5111.0,LEGACY_TC,results/jerky_long_legacy_20260822/20260823T012535Z-793b9644d0/LEGACY_TC-T900-s5101
251.99999999998414,6300,136,1.843233298120578,1.815174018618034,2.052527878225013,5106.0,LEGACY_TC,results/jerky_long_legacy_20260822/20260823T012535Z-793b9644d0/LEGACY_TC-T900-s5101
253.99999999998374,6350,136,1.8442211085776687,1.8152794784298314,2.04348860961485,5105.0,LEGACY_TC,results/jerky_long_legacy_20260822/20260823T012535Z-793b9644d0/LEGACY_TC-T900-s5101
255.99999999998334,6400,135,1.8478979122589239,1.8251713657327449,2.053071744672701,5104.0,LEGACY_TC,results/jerky_long_legacy_20260822/20260823T012535Z-793b9644d0/LEGACY_TC-T900-s5101
257.99999999998437,6450,134,1.84984469184824,1.8293805296569339,2.0422960856900896,5095.0,LEGACY_TC,results/jerky_long_legacy_20260822/20260823T012535Z-793b9644d0/LEGACY_TC-T900-s5101
259.9999999999854,6500,134,1.8480622707729046,1.8267857641708867,2.0635997105842967,5089.0,LEGACY_TC,results/jerky_long_legacy_20260822/20260823T012535Z-793b9644d0/LEGACY_TC-T900-s5101
261.9999999999864,6550,134,1.8544172616698593,1.831371947906741,2.061549248127285,5082.0,LEGACY_TC,results/jerky_long_legacy_20260822/20260823T012535Z-793b9644d0/LEGACY_TC-T900-s5101
263.99999999998744,6600,134,1.8486621774145346,1.829836428992512,2.0464042361873966,5072.0,LEGACY_TC,results/jerky_long_legacy_20260822/20260823T012535Z-793b9644d0/LEGACY_TC-T900-s5101
265.99999999998846,6650,132,1.848804313369664,1.827797108420412,2.035494573315965,5068.0,LEGACY_TC,results/jerky_long_legacy_20260822/20260823T012535Z-793b9644d0/LEGACY_TC-T900-s5101
267.9999999999895,6700,132,1.849652147283657,1.8415035582232537,2.0202572952323257,5052.0,LEGACY_TC,results/jerky_long_legacy_20260822/20260823T012535Z-793b9644d0/LEGACY_TC-T900-s5101
269.9999999999905,6750,132,1.8504959891289197,1.8433518836550187,2.026844651672414,5046.0,LEGACY_TC,results/jerky_long_legacy_20260822/20260823T012535Z-793b9644d0/LEGACY_TC-T900-s5101
271.99999999999153,6800,132,1.8511277610618206,1.8433518836550187,2.0385712480564115,5045.0,LEGACY_TC,results/jerky_long_legacy_20260822/20260823T012535Z-793b9644d0/LEGACY_TC-T900-s5101
273.99999999999255,6850,132,1.8513888355354595,1.8411739003757257,2.065149010226058,5038.0,LEGACY_TC,results/jerky_long_legacy_20260822/20260823T012535Z-793b9644d0/LEGACY_TC-T900-s5101
275.9999999999936,6900,131,1.850517130641971,1.841650055777646,2.0342113365209817,5032.0,LEGACY_TC,results/jerky_long_legacy_20260822/20260823T012535Z-793b9644d0/LEGACY_TC-T900-s5101
277.9999999999946,6950,131,1.8554669517284146,1.8450537115323913,2.0428421139973056,5031.0,LEGACY_TC,results/jerky_long_legacy_20260822/20260823T012535Z-793b9644d0/LEGACY_TC-T900-s5101
279.9999999999956,7000,130,1.8597838050172102,1.8484263609244542,2.043111140932077,5021.0,LEGACY_TC,results/jerky_long_legacy_20260822/20260823T012535Z-793b9644d0/LEGACY_TC-T900-s5101
281.99999999999665,7050,130,1.857695478216207,1.8450704304882546,2.0691576430262537,5011.0,LEGACY_TC,results/jerky_long_legacy_20260822/20260823T012535Z-793b9644d0/LEGACY_TC-T900-s5101
283.99999999999767,7100,129,1.85335656503623,1.8358917456396702,2.0320991553386025,5001.0,LEGACY_TC,results/jerky_long_legacy_20260822/20260823T012535Z-793b9644d0/LEGACY_TC-T900-s5101
285.9999999999987,7150,129,1.852840482649778,1.8358917456396702,2.0532374025954603,4997.0,LEGACY_TC,results/jerky_long_legacy_20260822/20260823T012535Z-793b9644d0/LEGACY_TC-T900-s5101
287.9999999999997,7200,129,1.852226493768184,1.843826947096532,2.027741981466373,4992.0,LEGACY_TC,results/jerky_long_legacy_20260822/20260823T012535Z-793b9644d0/LEGACY_TC-T900-s5101
290.00000000000074,7250,129,1.8631830220143795,1.843826947096532,2.0524685282661888,4993.0,LEGACY_TC,results/jerky_long_legacy_20260822/20260823T012535Z-793b9644d0/LEGACY_TC-T900-s5101
292.00000000000176,7300,129,1.8596736421506377,1.8420711006006405,2.065887005172483,4986.0,LEGACY_TC,results/jerky_long_legacy_20260822/20260823T012535Z-793b9644d0/LEGACY_TC-T900-s5101
294.0000000000028,7350,127,1.8618945412301022,1.8420711006006405,2.066143787113875,4978.0,LEGACY_TC,results/jerky_long_legacy_20260822/20260823T012535Z-793b9644d0/LEGACY_TC-T900-s5101
296.0000000000038,7400,126,1.8601483085597657,1.8468174240598507,2.0581301156993224,4970.0,LEGACY_TC,results/jerky_long_legacy_20260822/20260823T012535Z-793b9644d0/LEGACY_TC-T900-s5101
298.00000000000483,7450,126,1.852913132588483,1.8384262349687486,2.058399973791656,4961.0,LEGACY_TC,results/jerky_long_legacy_20260822/20260823T012535Z-793b9644d0/LEGACY_TC-T900-s5101
300.00000000000585,7500,126,1.848928424236063,1.8346368315617987,2.067380139632247,4954.0,LEGACY_TC,results/jerky_long_legacy_20260822/20260823T012535Z-793b9644d0/LEGACY_TC-T900-s5101
302.0000000000069,7550,126,1.849895264124948,1.8381171658320898,2.038127047519123,4947.0,LEGACY_TC,results/jerky_long_legacy_20260822/20260823T012535Z-793b9644d0/LEGACY_TC-T900-s5101
304.0000000000079,7600,126,1.8549320730051142,1.8440285873898792,2.055463126814175,4950.0,LEGACY_TC,results/jerky_long_legacy_20260822/20260823T012535Z-793b9644d0/LEGACY_TC-T900-s5101
306.0000000000089,7650,126,1.8568467609475672,1.8373970077185517,2.0546241206745766,4944.0,LEGACY_TC,results/jerky_long_legacy_20260822/20260823T012535Z-793b9644d0/LEGACY_TC-T900-s5101
308.00000000000995,7700,126,1.863006662202607,1.8464670940068197,2.0670716336833705,4945.0,LEGACY_TC,results/jerky_long_legacy_20260822/20260823T012535Z-793b9644d0/LEGACY_TC-T900-s5101
310.00000000001097,7750,125,1.8555572724549685,1.8464670940068197,2.0454694336927908,4933.0,LEGACY_TC,results/jerky_long_legacy_20260822/20260823T012535Z-793b9644d0/LEGACY_TC-T900-s5101
312.000000000012,7800,125,1.8533973026367248,1.853130822535336,2.037406646934986,4926.0,LEGACY_TC,results/jerky_long_legacy_20260822/20260823T012535Z-793b9644d0/LEGACY_TC-T900-s5101
314.000000000013,7850,125,1.8517138682440315,1.8464670940068197,2.0454694336927908,4922.0,LEGACY_TC,results/jerky_long_legacy_20260822/20260823T012535Z-793b9644d0/LEGACY_TC-T900-s5101
316.00000000001404,7900,125,1.856048173676812,1.8503948328706075,2.0496359164725266,4922.0,LEGACY_TC,results/jerky_long_legacy_20260822/20260823T012535Z-793b9644d0/LEGACY_TC-T900-s5101
318.00000000001506,7950,125,1.8589862315418257,1.8543244007898274,2.059985828520207,4916.0,LEGACY_TC,results/jerky_long_legacy_20260822/20260823T012535Z-793b9644d0/LEGACY_TC-T900-s5101
320.0000000000161,8000,124,1.8629717945254924,1.8536143022392075,2.0528920711541616,4914.0,LEGACY_TC,results/jerky_long_legacy_20260822/20260823T012535Z-793b9644d0/LEGACY_TC-T900-s5101
322.0000000000171,8050,124,1.8631216039102685,1.8549783022434698,2.045062229155067,4912.0,LEGACY_TC,results/jerky_long_legacy_20260822/20260823T012535Z-793b9644d0/LEGACY_TC-T900-s5101
324.00000000001813,8100,124,1.870860829353773,1.8709547754580584,2.0583716858083903,4908.0,LEGACY_TC,results/jerky_long_legacy_20260822/20260823T012535Z-793b9644d0/LEGACY_TC-T900-s5101
326.00000000001916,8150,124,1.8665311788408805,1.8669330496706702,2.0579486650260455,4898.0,LEGACY_TC,results/jerky_long_legacy_20260822/20260823T012535Z-793b9644d0/LEGACY_TC-T900-s5101
328.0000000000202,8200,124,1.8643999398255853,1.8741647050382721,2.057890213419348,4890.0,LEGACY_TC,results/jerky_long_legacy_20260822/20260823T012535Z-793b9644d0/LEGACY_TC-T900-s5101
330.0000000000212,8250,122,1.869325087367233,1.8760154683074055,2.068799185947218,4885.0,LEGACY_TC,results/jerky_long_legacy_20260822/20260823T012535Z-793b9644d0/LEGACY_TC-T900-s5101
332.0000000000222,8300,122,1.8648546137992748,1.8573241204067852,2.079732858402869,4871.0,LEGACY_TC,results/jerky_long_legacy_20260822/20260823T012535Z-793b9644d0/LEGACY_TC-T900-s5101
334.00000000002325,8350,122,1.8646402848335544,1.8560880286468744,2.0575362914812447,4868.0,LEGACY_TC,results/jerky_long_legacy_20260822/20260823T012535Z-793b9644d0/LEGACY_TC-T900-s5101
336.0000000000243,8400,122,1.8666105756223406,1.8493228924527605,2.0575362914812447,4863.0,LEGACY_TC,results/jerky_long_legacy_20260822/20260823T012535Z-793b9644d0/LEGACY_TC-T900-s5101
338.0000000000253,8450,122,1.8616456466979332,1.832510906384414,2.057516121066147,4855.0,LEGACY_TC,results/jerky_long_legacy_20260822/20260823T012535Z-793b9644d0/LEGACY_TC-T900-s5101
340.0000000000263,8500,122,1.8665520557700153,1.8352372192428077,2.066687685090076,4859.0,LEGACY_TC,results/jerky_long_legacy_20260822/20260823T012535Z-793b9644d0/LEGACY_TC-T900-s5101
342.00000000002734,8550,122,1.8683752915357406,1.8353377192764233,2.087562470592747,4854.0,LEGACY_TC,results/jerky_long_legacy_20260822/20260823T012535Z-793b9644d0/LEGACY_TC-T900-s5101
344.00000000002836,8600,121,1.8690951345727174,1.844611888325607,2.0802110903619084,4847.0,LEGACY_TC,results/jerky_long_legacy_20260822/20260823T012535Z-793b9644d0/LEGACY_TC-T900-s5101
346.0000000000294,8650,121,1.8688161297228503,1.8386760936101665,2.0677118465850497,4838.0,LEGACY_TC,results/jerky_long_legacy_20260822/20260823T012535Z-793b9644d0/LEGACY_TC-T900-s5101
348.0000000000304,8700,121,1.866877504092433,1.8503948328706075,2.073999836725229,4827.0,LEGACY_TC,results/jerky_long_legacy_20260822/20260823T012535Z-793b9644d0/LEGACY_TC-T900-s5101
350.00000000003143,8750,121,1.8649769908020328,1.8364031895218693,2.07237668856982,4820.0,LEGACY_TC,results/jerky_long_legacy_20260822/20260823T012535Z-793b9644d0/LEGACY_TC-T900-s5101
352.00000000003246,8800,120,1.8630469658466235,1.8306162046809393,2.0794100115354253,4813.0,LEGACY_TC,results/jerky_long_legacy_20260822/20260823T012535Z-793b9644d0/LEGACY_TC-T900-s5101
354.0000000000335,8850,120,1.8663493331490604,1.8404394241161848,2.0852525558840638,4812.0,LEGACY_TC,results/jerky_long_legacy_20260822/20260823T012535Z-793b9644d0/LEGACY_TC-T900-s5101
356.0000000000345,8900,120,1.8616670204974208,1.8377634881807743,2.0657521150352633,4810.0,LEGACY_TC,results/jerky_long_legacy_20260822/20260823T012535Z-793b9644d0/LEGACY_TC-T900-s5101
358.0000000000355,8950,119,1.8572855182413646,1.8286077052016922,2.058711142513,4800.0,LEGACY_TC,results/jerky_long_legacy_20260822/20260823T012535Z-793b9644d0/LEGACY_TC-T900-s5101
360.00000000003655,9000,119,1.8601922146245438,1.8340712489637463,2.064712943705533,4795.0,LEGACY_TC,results/jerky_long_legacy_20260822/20260823T012535Z-793b9644d0/LEGACY_TC-T900-s5101
362.0000000000376,9050,118,1.8634489486859451,1.8411632509290918,2.052861770078022,4791.0,LEGACY_TC,results/jerky_long_legacy_20260822/20260823T012535Z-793b9644d0/LEGACY_TC-T900-s5101
364.0000000000386,9100,118,1.860481760994952,1.8435043282613934,2.034037872087358,4782.0,LEGACY_TC,results/jerky_long_legacy_20260822/20260823T012535Z-793b9644d0/LEGACY_TC-T900-s5101
366.0000000000396,9150,118,1.8634035012139751,1.8521543880190094,2.0204388452718005,4769.0,LEGACY_TC,results/jerky_long_legacy_20260822/20260823T012535Z-793b9644d0/LEGACY_TC-T900-s5101
368.00000000004064,9200,117,1.8645876299521709,1.8549783022434698,2.0375718082586465,4763.0,LEGACY_TC,results/jerky_long_legacy_20260822/20260823T012535Z-793b9644d0/LEGACY_TC-T900-s5101
370.00000000004167,9250,117,1.870345415110222,1.8651101819097975,2.048019564914243,4765.0,LEGACY_TC,results/jerky_long_legacy_20260822/20260823T012535Z-793b9644d0/LEGACY_TC-T900-s5101
372.0000000000427,9300,117,1.8697490469354203,1.8587438609272449,2.0465729953361302,4750.0,LEGACY_TC,results/jerky_long_legacy_20260822/20260823T012535Z-793b9644d0/LEGACY_TC-T900-s5101
374.0000000000437,9350,117,1.865396575005294,1.8439287616125601,2.0310388545842493,4742.0,LEGACY_TC,results/jerky_long_legacy_20260822/20260823T012535Z-793b9644d0/LEGACY_TC-T900-s5101
376.00000000004474,9400,117,1.8672280610796055,1.8503856278420885,2.0273137973093207,4742.0,LEGACY_TC,results/jerky_long_legacy_20260822/20260823T012535Z-793b9644d0/LEGACY_TC-T900-s5101
378.00000000004576,9450,117,1.870378582069262,1.8568076694054456,2.040026427841203,4736.0,LEGACY_TC,results/jerky_long_legacy_20260822/20260823T012535Z-793b9644d0/LEGACY_TC-T900-s5101
380.0000000000468,9500,117,1.8706285157689488,1.8503856278420885,2.053802436008385,4731.0,LEGACY_TC,results/jerky_long_legacy_20260822/20260823T012535Z-793b9644d0/LEGACY_TC-T900-s5101
382.0000000000478,9550,117,1.8677547329307158,1.8463450474697836,2.057603151067296,4725.0,LEGACY_TC,results/jerky_long_legacy_20260822/20260823T012535Z-793b9644d0/LEGACY_TC-T900-s5101
384.00000000004883,9600,113,1.8588308720495725,1.841650055777646,2.041758015109578,4720.0,LEGACY_TC,results/jerky_long_legacy_20260822/20260823T012535Z-793b9644d0/LEGACY_TC-T900-s5101
386.00000000004985,9650,113,1.863813867904309,1.8435721036912744,2.0638184020743573,4714.0,LEGACY_TC,results/jerky_long_legacy_20260822/20260823T012535Z-793b9644d0/LEGACY_TC-T900-s5101
388.0000000000509,9700,113,1.8643119145446674,1.8459416692746737,2.0614657349617937,4708.0,LEGACY_TC,results/jerky_long_legacy_20260822/20260823T012535Z-793b9644d0/LEGACY_TC-T900-s5101
390.0000000000519,9750,113,1.8671968111257249,1.8452747025147285,2.0640606662845564,4707.0,LEGACY_TC,results/jerky_long_legacy_20260822/20260823T012535Z-793b9644d0/LEGACY_TC-T900-s5101
392.0000000000529,9800,113,1.865140038080031,1.8503948328706075,2.0657233113670093,4699.0,LEGACY_TC,results/jerky_long_legacy_20260822/20260823T012535Z-793b9644d0/LEGACY_TC-T900-s5101
394.00000000005394,9850,113,1.8687291646715865,1.8549783022434698,2.0751221049103714,4700.0,LEGACY_TC,results/jerky_long_legacy_20260822/20260823T012535Z-793b9644d0/LEGACY_TC-T900-s5101
396.00000000005497,9900,112,1.8701031344771406,1.8538546916235301,2.0756162226851274,4696.0,LEGACY_TC,results/jerky_long_legacy_20260822/20260823T012535Z-793b9644d0/LEGACY_TC-T900-s5101
398.000000000056,9950,112,1.8763717445971808,1.8712313186426424,2.0752163830784265,4689.0,LEGACY_TC,results/jerky_long_legacy_20260822/20260823T012535Z-793b9644d0/LEGACY_TC-T900-s5101
400.000000000057,10000,111,1.8678779090128095,1.8566403140499337,2.0761103404598833,4681.0,LEGACY_TC,results/jerky_long_legacy_20260822/20260823T012535Z-793b9644d0/LEGACY_TC-T900-s5101
140.00000000000642,3500,153,1.8012474554822595,1.7868013714131343,1.989436788648692,5459.0,LEGACY_TSC,results/jerky_long_legacy_20260822/20260823T012535Z-793b9644d0/LEGACY_TSC-T900-s5101
142.00000000000603,3550,153,1.8019628163312498,1.7904931097838226,1.9753865014015464,5448.0,LEGACY_TSC,results/jerky_long_legacy_20260822/20260823T012535Z-793b9644d0/LEGACY_TSC-T900-s5101
144.00000000000563,3600,153,1.80490496794389,1.7922853951790017,1.9785104775085272,5440.0,LEGACY_TSC,results/jerky_long_legacy_20260822/20260823T012535Z-793b9644d0/LEGACY_TSC-T900-s5101
146.00000000000523,3650,153,1.8092449958304497,1.7914184292204034,1.989436788648692,5443.0,LEGACY_TSC,results/jerky_long_legacy_20260822/20260823T012535Z-793b9644d0/LEGACY_TSC-T900-s5101
148.00000000000483,3700,153,1.809340318810305,1.799675125731432,1.9975526087777722,5439.0,LEGACY_TSC,results/jerky_long_legacy_20260822/20260823T012535Z-793b9644d0/LEGACY_TSC-T900-s5101
150.00000000000443,3750,153,1.8072826764859133,1.800686918122353,1.9873412039719018,5422.0,LEGACY_TSC,results/jerky_long_legacy_20260822/20260823T012535Z-793b9644d0/LEGACY_TSC-T900-s5101
152.00000000000404,3800,153,1.8061356371399397,1.799862322794584,1.9890977420537557,5412.0,LEGACY_TSC,results/jerky_long_legacy_20260822/20260823T012535Z-793b9644d0/LEGACY_TSC-T900-s5101
154.00000000000364,3850,153,1.8059570461188257,1.8082141433633825,1.9755829103394402,5401.0,LEGACY_TSC,results/jerky_long_legacy_20260822/20260823T012535Z-793b9644d0/LEGACY_TSC-T900-s5101
156.00000000000324,3900,152,1.8116376131496068,1.8056170869271004,1.997584543079681,5398.0,LEGACY_TSC,results/jerky_long_legacy_20260822/20260823T012535Z-793b9644d0/LEGACY_TSC-T900-s5101
158.00000000000284,3950,152,1.8146927347553887,1.8121721745922632,2.0029264723939013,5387.0,LEGACY_TSC,results/jerky_long_legacy_20260822/20260823T012535Z-793b9644d0/LEGACY_TSC-T900-s5101
160.00000000000244,4000,152,1.8094131701239478,1.8107154851695133,1.9824969728500865,5378.0,LEGACY_TSC,results/jerky_long_legacy_20260822/20260823T012535Z-793b9644d0/LEGACY_TSC-T900-s5101
162.00000000000205,4050,152,1.8106054884711638,1.803549799602007,1.9799917495868697,5375.0,LEGACY_TSC,results/jerky_long_legacy_20260822/20260823T012535Z-793b9644d0/LEGACY_TSC-T900-s5101
164.00000000000165,4100,152,1.8154310281385444,1.807094153256668,1.9803223017803384,5373.0,LEGACY_TSC,results/jerky_long_legacy_20260822/20260823T012535Z-793b9644d0/LEGACY_TSC-T900-s5101
166.00000000000125,4150,152,1.8067116348195116,1.7929799057696334,1.9736402922963872,5359.0,LEGACY_TSC,results/jerky_long_legacy_20260822/20260823T012535Z-793b9644d0/LEGACY_TSC-T900-s5101
168.00000000000085,4200,151,1.812425543242151,1.7955668411911145,1.9694547803750397,5358.0,LEGACY_TSC,results/jerky_long_legacy_20260822/20260823T012535Z-793b9644d0/LEGACY_TSC-T900-s5101
170.00000000000045,4250,151,1.8177632713110905,1.805747236367027,1.9741053491765368,5357.0,LEGACY_TSC,results/jerky_long_legacy_20260822/20260823T012535Z-793b9644d0/LEGACY_TSC-T900-s5101
172.00000000000006,4300,150,1.8181824418407135,1.7954667017554444,2.0001221573333154,5350.0,LEGACY_TSC,results/jerky_long_legacy_20260822/20260823T012535Z-793b9644d0/LEGACY_TSC-T900-s5101
173.99999999999966,4350,149,1.8246331786925762,1.7961165844397362,1.9962152960863477,5352.0,LEGACY_TSC,results/jerky_long_legacy_20260822/20260823T012535Z-793b9644d0/LEGACY_TSC-T900-s5101
175.99999999999926,4400,148,1.8260228976282895,1.8131107768525112,2.0118125169013483,5347.0,LEGACY_TSC,results/jerky_long_legacy_20260822/20260823T012535Z-793b9644d0/LEGACY_TSC-T900-s5101
177.99999999999886,4450,148,1.8236477980543575,1.8093404056762838,2.0114651378719324,5341.0,LEGACY_TSC,results/jerky_long_legacy_20260822/20260823T012535Z-793b9644d0/LEGACY_TSC-T900-s5101
179.99999999999847,4500,148,1.8269505264455528,1.808854807070359,2.020386228687878,5336.0,LEGACY_TSC,results/jerky_long_legacy_20260822/20260823T012535Z-793b9644d0/LEGACY_TSC-T900-s5101
181.99999999999807,4550,148,1.8237327482445933,1.80254450571506,2.0121421528726775,5330.0,LEGACY_TSC,results/jerky_long_legacy_20260822/20260823T012535Z-793b9644d0/LEGACY_TSC-T900-s5101
183.99999999999767,4600,148,1.8211814087827896,1.804176864105746,2.0059990770188483,5325.0,LEGACY_TSC,results/jerky_long_legacy_20260822/20260823T012535Z-793b9644d0/LEGACY_TSC-T900-s5101
185.99999999999727,4650,148,1.8176831255189918,1.8060845329419202,2.0042069464225225,5308.0,LEGACY_TSC,results/jerky_long_legacy_20260822/20260823T012535Z-793b9644d0/LEGACY_TSC-T900-s5101
187.99999999999687,4700,148,1.816645292169162,1.8140932912962238,1.9972724944940554,5303.0,LEGACY_TSC,results/jerky_long_legacy_20260822/20260823T012535Z-793b9644d0/LEGACY_TSC-T900-s5101
189.99999999999648,4750,147,1.8165609877816387,1.8244182423902529,1.9844974973113572,5295.0,LEGACY_TSC,results/jerky_long_legacy_20260822/20260823T012535Z-793b9644d0/LEGACY_TSC-T900-s5101
191.99999999999608,4800,147,1.817084937977479,1.812493940152408,1.9957524609936084,5287.0,LEGACY_TSC,results/jerky_long_legacy_20260822/20260823T012535Z-793b9644d0/LEGACY_TSC-T900-s5101
193.99999999999568,4850,147,1.818552739226741,1.8156926424400395,2.004594402276491,5286.0,LEGACY_TSC,results/jerky_long_legacy_20260822/20260823T012535Z-793b9644d0/LEGACY_TSC-T900-s5101
195.99999999999528,4900,147,1.8183899145448017,1.8208083370394217,1.9885126631726744,5282.0,LEGACY_TSC,results/jerky_long_legacy_20260822/20260823T012535Z-793b9644d0/LEGACY_TSC-T900-s5101
197.99999999999488,4950,146,1.8235198028766728,1.8132611085872465,2.0030478154722524,5279.0,LEGACY_TSC,results/jerky_long_legacy_20260822/20260823T012535Z-793b9644d0/LEGACY_TSC-T900-s5101
199.9999999999945,5000,146,1.8258084696686818,1.819179678059387,2.020025598024301,5278.0,LEGACY_TSC,results/jerky_long_legacy_20260822/20260823T012535Z-793b9644d0/LEGACY_TSC-T900-s5101
201.9999999999941,5050,146,1.8201473899161924,1.8140052473148378,1.9834197431156158,5269.0,LEGACY_TSC,results/jerky_long_legacy_20260822/20260823T012535Z-793b9644d0/LEGACY_TSC-T900-s5101
203.9999999999937,5100,146,1.8208633485231018,1.8199963220236466,1.979053175552383,5265.0,LEGACY_TSC,results/jerky_long_legacy_20260822/20260823T012535Z-793b9644d0/LEGACY_TSC-T900-s5101
205.9999999999933,5150,146,1.8213082761339954,1.8209805826488283,1.989360235044511,5259.0,LEGACY_TSC,results/jerky_long_legacy_20260822/20260823T012535Z-793b9644d0/LEGACY_TSC-T900-s5101
207.9999999999929,5200,146,1.8243885479601747,1.8233489597781722,1.9998076562173637,5258.0,LEGACY_TSC,results/jerky_long_legacy_20260822/20260823T012535Z-793b9644d0/LEGACY_TSC-T900-s5101
209.9999999999925,5250,146,1.8263709860296737,1.827817056615108,2.0056504343493184,5256.0,LEGACY_TSC,results/jerky_long_legacy_20260822/20260823T012535Z-793b9644d0/LEGACY_TSC-T900-s5101
211.9999999999921,5300,142,1.827114801960903,1.8337680966911902,1.992384102409653,5246.0,LEGACY_TSC,results/jerky_long_legacy_20260822/20260823T012535Z-793b9644d0/LEGACY_TSC-T900-s5101
213.9999999999917,5350,142,1.8246670965561975,1.824869987272228,2.006523853967541,5234.0,LEGACY_TSC,results/jerky_long_legacy_20260822/20260823T012535Z-793b9644d0/LEGACY_TSC-T900-s5101
215.9999999999913,5400,141,1.8235632973265197,1.821614992220109,1.9897812798675052,5230.0,LEGACY_TSC,results/jerky_long_legacy_20260822/20260823T012535Z-793b9644d0/LEGACY_TSC-T900-s5101
217.9999999999909,5450,138,1.82264347078486,1.8196510327556776,2.020616840526314,5223.0,LEGACY_TSC,results/jerky_long_legacy_20260822/20260823T012535Z-793b9644d0/LEGACY_TSC-T900-s5101
219.9999999999905,5500,138,1.8208509907453487,1.8141321784962336,2.002664729641154,5206.0,LEGACY_TSC,results/jerky_long_legacy_20260822/20260823T012535Z-793b9644d0/LEGACY_TSC-T900-s5101
221.9999999999901,5550,138,1.8262177956520942,1.8237328861759816,1.9837776294541118,5206.0,LEGACY_TSC,results/jerky_long_legacy_20260822/20260823T012535Z-793b9644d0/LEGACY_TSC-T900-s5101
223.9999999999897,5600,138,1.8296664704161567,1.8214306485835796,2.0135667316335923,5208.0,LEGACY_TSC,results/jerky_long_legacy_20260822/20260823T012535Z-793b9644d0/LEGACY_TSC-T900-s5101
225.9999999999893,5650,138,1.8376507038084073,1.8288073482877953,2.033117775207004,5211.0,LEGACY_TSC,results/jerky_long_legacy_20260822/20260823T012535Z-793b9644d0/LEGACY_TSC-T900-s5101
227.99999999998892,5700,137,1.843437030535318,1.838759170704303,2.0440573999287883,5202.0,LEGACY_TSC,results/jerky_long_legacy_20260822/20260823T012535Z-793b9644d0/LEGACY_TSC-T900-s5101
229.99999999998852,5750,137,1.8415154044194322,1.8334649444186342,2.039815909732668,5200.0,LEGACY_TSC,results/jerky_long_legacy_20260822/20260823T012535Z-793b9644d0/LEGACY_TSC-T900-s5101
231.99999999998812,5800,137,1.835689581926431,1.8364031895218693,2.0292381873518957,5180.0,LEGACY_TSC,results/jerky_long_legacy_20260822/20260823T012535Z-793b9644d0/LEGACY_TSC-T900-s5101
233.99999999998772,5850,137,1.8291267968045801,1.8112859329942155,2.0292381873518957,5162.0,LEGACY_TSC,results/jerky_long_legacy_20260822/20260823T012535Z-793b9644d0/LEGACY_TSC-T900-s5101
235.99999999998732,5900,136,1.8346546553598462,1.8148155472023562,2.027588047926147,5162.0,LEGACY_TSC,results/jerky_long_legacy_20260822/20260823T012535Z-793b9644d0/LEGACY_TSC-T900-s5101
237.99999999998693,5950,136,1.8360541630013594,1.823506851586795,2.042385499253576,5155.0,LEGACY_TSC,results/jerky_long_legacy_20260822/20260823T012535Z-793b9644d0/LEGACY_TSC-T900-s5101
239.99999999998653,6000,136,1.8349967609442448,1.8176678040788674,2.0395160390636597,5149.0,LEGACY_TSC,results/jerky_long_legacy_20260822/20260823T012535Z-793b9644d0/LEGACY_TSC-T900-s5101
241.99999999998613,6050,136,1.8431841141593686,1.8323813362954555,2.044349234440203,5148.0,LEGACY_TSC,results/jerky_long_legacy_20260822/20260823T012535Z-793b9644d0/LEGACY_TSC-T900-s5101
243.99999999998573,6100,136,1.8447620358003882,1.8391237868396795,2.0399938658395644,5143.0,LEGACY_TSC,results/jerky_long_legacy_20260822/20260823T012535Z-793b9644d0/LEGACY_TSC-T900-s5101
245.99999999998533,6150,136,1.8455409292739826,1.845896175996425,2.031447544820962,5136.0,LEGACY_TSC,results/jerky_long_legacy_20260822/20260823T012535Z-793b9644d0/LEGACY_TSC-T900-s5101
247.99999999998494,6200,136,1.8423909519525823,1.8386760936101665,2.031217582339153,5130.0,LEGACY_TSC,results/jerky_long_legacy_20260822/20260823T012535Z-793b9644d0/LEGACY_TSC-T900-s5101
249.99999999998454,6250,136,1.8488603395523673,1.837257038426746,2.042435514734253,5131.0,LEGACY_TSC,results/jerky_long_legacy_20260822/20260823T012535Z-793b9644d0/LEGACY_TSC-T900-s5101
251.99999999998414,6300,136,1.8520733139630914,1.826751104498444,2.0540070943447835,5125.0,LEGACY_TSC,results/jerky_long_legacy_20260822/20260823T012535Z-793b9644d0/LEGACY_TSC-T900-s5101
253.99999999998374,6350,136,1.8538320848410295,1.8308801979724023,2.051803956955041,5119.0,LEGACY_TSC,results/jerky_long_legacy_20260822/20260823T012535Z-793b9644d0/LEGACY_TSC-T900-s5101
255.99999999998334,6400,136,1.8519265235294866,1.8291624243433304,2.051803956955041,5113.0,LEGACY_TSC,results/jerky_long_legacy_20260822/20260823T012535Z-793b9644d0/LEGACY_TSC-T900-s5101
257.99999999998437,6450,135,1.8505471012004189,1.8208083370394217,2.052209806379694,5109.0,LEGACY_TSC,results/jerky_long_legacy_20260822/20260823T012535Z-793b9644d0/LEGACY_TSC-T900-s5101
259.9999999999854,6500,135,1.8446522815881292,1.8208083370394217,2.0468583441046433,5097.0,LEGACY_TSC,results/jerky_long_legacy_20260822/20260823T012535Z-793b9644d0/LEGACY_TSC-T900-s5101
261.9999999999864,6550,135,1.8440569158838622,1.8189136353359467,2.050350034458916,5092.0,LEGACY_TSC,results/jerky_long_legacy_20260822/20260823T012535Z-793b9644d0/LEGACY_TSC-T900-s5101
263.99999999998744,6600,134,1.841808926259368,1.82276757846029,2.0443991948435625,5082.0,LEGACY_TSC,results/jerky_long_legacy_20260822/20260823T012535Z-793b9644d0/LEGACY_TSC-T900-s5101
265.99999999998846,6650,134,1.844631893979141,1.833074504150488,2.043890115371259,5074.0,LEGACY_TSC,results/jerky_long_legacy_20260822/20260823T012535Z-793b9644d0/LEGACY_TSC-T900-s5101
267.9999999999895,6700,134,1.843062418757349,1.8273137699584965,2.048980113112943,5064.0,LEGACY_TSC,results/jerky_long_legacy_20260822/20260823T012535Z-793b9644d0/LEGACY_TSC-T900-s5101
269.9999999999905,6750,134,1.8479094330614614,1.8349340669702516,2.045804330320963,5064.0,LEGACY_TSC,results/jerky_long_legacy_20260822/20260823T012535Z-793b9644d0/LEGACY_TSC-T900-s5101
271.99999999999153,6800,133,1.854786344890326,1.835268989550139,2.0659338419412476,5063.0,LEGACY_TSC,results/jerky_long_legacy_20260822/20260823T012535Z-793b9644d0/LEGACY_TSC-T900-s5101
273.99999999999255,6850,133,1.8561015373679588,1.8340712489637463,2.0775025238262073,5061.0,LEGACY_TSC,results/jerky_long_legacy_20260822/20260823T012535Z-793b9644d0/LEGACY_TSC-T900-s5101
275.9999999999936,6900,133,1.8541072718483436,1.8282413975684386,2.073107483202127,5046.0,LEGACY_TSC,results/jerky_long_legacy_20260822/20260823T012535Z-793b9644d0/LEGACY_TSC-T900-s5101
277.9999999999946,6950,132,1.8534056222938655,1.8278888876400312,2.0752164271324314,5045.0,LEGACY_TSC,results/jerky_long_legacy_20260822/20260823T012535Z-793b9644d0/LEGACY_TSC-T900-s5101
279.9999999999956,7000,132,1.8566935310801114,1.8430461517696806,2.0526743527038716,5043.0,LEGACY_TSC,results/jerky_long_legacy_20260822/20260823T012535Z-793b9644d0/LEGACY_TSC-T900-s5101
281.99999999999665,7050,131,1.8526313068420506,1.8286289010439727,2.0393053374841523,5035.0,LEGACY_TSC,results/jerky_long_legacy_20260822/20260823T012535Z-793b9644d0/LEGACY_TSC-T900-s5101
283.99999999999767,7100,131,1.852146614952358,1.8340712489637463,2.0529919504874017,5026.0,LEGACY_TSC,results/jerky_long_legacy_20260822/20260823T012535Z-793b9644d0/LEGACY_TSC-T900-s5101
285.9999999999987,7150,130,1.8557338772965142,1.8358360895360042,2.0530877766469677,5013.0,LEGACY_TSC,results/jerky_long_legacy_20260822/20260823T012535Z-793b9644d0/LEGACY_TSC-T900-s5101
287.9999999999997,7200,129,1.8537866128159566,1.8416500557776463,2.0419307973497447,5012.0,LEGACY_TSC,results/jerky_long_legacy_20260822/20260823T012535Z-793b9644d0/LEGACY_TSC-T900-s5101
290.00000000000074,7250,129,1.8514016539926708,1.8416500557776463,2.037267440836833,5001.0,LEGACY_TSC,results/jerky_long_legacy_20260822/20260823T012535Z-793b9644d0/LEGACY_TSC-T900-s5101
292.00000000000176,7300,128,1.8493421024642767,1.8484030714548343,2.0524570120826597,4996.0,LEGACY_TSC,results/jerky_long_legacy_20260822/20260823T012535Z-793b9644d0/LEGACY_TSC-T900-s5101
294.0000000000028,7350,128,1.8498723396712804,1.8449505039062801,2.0378784665718164,4990.0,LEGACY_TSC,results/jerky_long_legacy_20260822/20260823T012535Z-793b9644d0/LEGACY_TSC-T900-s5101
296.0000000000038,7400,128,1.8512656976903064,1.8237520826239166,2.065371164728987,4982.0,LEGACY_TSC,results/jerky_long_legacy_20260822/20260823T012535Z-793b9644d0/LEGACY_TSC-T900-s5101
298.00000000000483,7450,127,1.8520756759549235,1.8485551908747548,2.0708366963739873,4979.0,LEGACY_TSC,results/jerky_long_legacy_20260822/20260823T012535Z-793b9644d0/LEGACY_TSC-T900-s5101
300.00000000000585,7500,127,1.8504802036486372,1.8203884301754085,2.0752598315482635,4972.0,LEGACY_TSC,results/jerky_long_legacy_20260822/20260823T012535Z-793b9644d0/LEGACY_TSC-T900-s5101
302.0000000000069,7550,127,1.8492274741690589,1.8156926424400395,2.0791890476570396,4967.0,LEGACY_TSC,results/jerky_long_legacy_20260822/20260823T012535Z-793b9644d0/LEGACY_TSC-T900-s5101
304.0000000000079,7600,127,1.8495898654033152,1.8189136353359467,2.076864159773522,4964.0,LEGACY_TSC,results/jerky_long_legacy_20260822/20260823T012535Z-793b9644d0/LEGACY_TSC-T900-s5101
306.0000000000089,7650,127,1.8560699747101466,1.8349628732947931,2.0788029736083793,4963.0,LEGACY_TSC,results/jerky_long_legacy_20260822/20260823T012535Z-793b9644d0/LEGACY_TSC-T900-s5101
308.00000000000995,7700,127,1.8588634824616834,1.841521601424868,2.079494871807036,4963.0,LEGACY_TSC,results/jerky_long_legacy_20260822/20260823T012535Z-793b9644d0/LEGACY_TSC-T900-s5101
310.00000000001097,7750,126,1.8610604671599709,1.8469149466947417,2.077088942535574,4954.0,LEGACY_TSC,results/jerky_long_legacy_20260822/20260823T012535Z-793b9644d0/LEGACY_TSC-T900-s5101
312.000000000012,7800,126,1.8591963099727613,1.8493123183453701,2.0564766248714044,4941.0,LEGACY_TSC,results/jerky_long_legacy_20260822/20260823T012535Z-793b9644d0/LEGACY_TSC-T900-s5101
314.000000000013,7850,126,1.8583024806069537,1.8475111424407873,2.064612102194225,4933.0,LEGACY_TSC,results/jerky_long_legacy_20260822/20260823T012535Z-793b9644d0/LEGACY_TSC-T900-s5101
316.00000000001404,7900,126,1.8593489834722967,1.8426110797344604,2.0728304304899026,4930.0,LEGACY_TSC,results/jerky_long_legacy_20260822/20260823T012535Z-793b9644d0/LEGACY_TSC-T900-s5101
318.00000000001506,7950,125,1.8559811729254245,1.8364031895218693,2.0414274033920443,4924.0,LEGACY_TSC,results/jerky_long_legacy_20260822/20260823T012535Z-793b9644d0/LEGACY_TSC-T900-s5101
320.0000000000161,8000,125,1.8565127718086294,1.8340712489637463,2.0693222244080296,4919.0,LEGACY_TSC,results/jerky_long_legacy_20260822/20260823T012535Z-793b9644d0/LEGACY_TSC-T900-s5101
322.0000000000171,8050,125,1.856356393298331,1.8311107775520667,2.07317775264347,4912.0,LEGACY_TSC,results/jerky_long_legacy_20260822/20260823T012535Z-793b9644d0/LEGACY_TSC-T900-s5101
324.00000000001813,8100,125,1.8551064082494457,1.826354645662321,2.045193888070485,4905.0,LEGACY_TSC,results/jerky_long_legacy_20260822/20260823T012535Z-793b9644d0/LEGACY_TSC-T900-s5101
326.00000000001916,8150,125,1.8538044457209066,1.841521601424868,2.04148221690258,4895.0,LEGACY_TSC,results/jerky_long_legacy_20260822/20260823T012535Z-793b9644d0/LEGACY_TSC-T900-s5101
328.0000000000202,8200,125,1.8531894636012045,1.8340712489637463,2.0647102418563015,4894.0,LEGACY_TSC,results/jerky_long_legacy_20260822/20260823T012535Z-793b9644d0/LEGACY_TSC-T900-s5101
330.0000000000212,8250,125,1.8556906827483963,1.8398311421423101,2.0613938265015226,4893.0,LEGACY_TSC,results/jerky_long_legacy_20260822/20260823T012535Z-793b9644d0/LEGACY_TSC-T900-s5101
332.0000000000222,8300,125,1.8554243696212744,1.8391237868396795,2.0626480624709638,4885.0,LEGACY_TSC,results/jerky_long_legacy_20260822/20260823T012535Z-793b9644d0/LEGACY_TSC-T900-s5101
334.00000000002325,8350,123,1.851569661749573,1.8398311421423101,2.0646137656277475,4872.0,LEGACY_TSC,results/jerky_long_legacy_20260822/20260823T012535Z-793b9644d0/LEGACY_TSC-T900-s5101
336.0000000000243,8400,122,1.851286298758318,1.8488833824027262,2.070037833865583,4867.0,LEGACY_TSC,results/jerky_long_legacy_20260822/20260823T012535Z-793b9644d0/LEGACY_TSC-T900-s5101
338.0000000000253,8450,122,1.8546412451679004,1.8481878351069811,2.073720520113664,4866.0,LEGACY_TSC,results/jerky_long_legacy_20260822/20260823T012535Z-793b9644d0/LEGACY_TSC-T900-s5101
340.0000000000263,8500,122,1.8547312462144856,1.8426538590520642,2.0724356603905543,4862.0,LEGACY_TSC,results/jerky_long_legacy_20260822/20260823T012535Z-793b9644d0/LEGACY_TSC-T900-s5101
342.00000000002734,8550,121,1.8524885788313203,1.8340712489637463,2.06722600240709,4854.0,LEGACY_TSC,results/jerky_long_legacy_20260822/20260823T012535Z-793b9644d0/LEGACY_TSC-T900-s5101
344.00000000002836,8600,121,1.8481137964109127,1.8364031895218693,2.044256824602567,4839.0,LEGACY_TSC,results/jerky_long_legacy_20260822/20260823T012535Z-793b9644d0/LEGACY_TSC-T900-s5101
346.0000000000294,8650,121,1.8465802292139808,1.8380600946552725,2.0392217092710334,4830.0,LEGACY_TSC,results/jerky_long_legacy_20260822/20260823T012535Z-793b9644d0/LEGACY_TSC-T900-s5101
348.0000000000304,8700,121,1.8529610452825382,1.84274578688327,2.0472453470057785,4834.0,LEGACY_TSC,results/jerky_long_legacy_20260822/20260823T012535Z-793b9644d0/LEGACY_TSC-T900-s5101
350.00000000003143,8750,119,1.8527351942017458,1.8498108744670707,2.0315489780339613,4825.0,LEGACY_TSC,results/jerky_long_legacy_20260822/20260823T012535Z-793b9644d0/LEGACY_TSC-T900-s5101
352.00000000003246,8800,119,1.852311171292397,1.8469269900348886,2.032143365045017,4825.0,LEGACY_TSC,results/jerky_long_legacy_20260822/20260823T012535Z-793b9644d0/LEGACY_TSC-T900-s5101
354.0000000000335,8850,119,1.854984248630106,1.8364031895218693,2.0493496752807014,4824.0,LEGACY_TSC,results/jerky_long_legacy_20260822/20260823T012535Z-793b9644d0/LEGACY_TSC-T900-s5101
356.0000000000345,8900,119,1.8534058704783456,1.8420711006006405,2.043143077909508,4812.0,LEGACY_TSC,results/jerky_long_legacy_20260822/20260823T012535Z-793b9644d0/LEGACY_TSC-T900-s5101
358.0000000000355,8950,118,1.8583224786398598,1.848760701701857,2.039911642029264,4805.0,LEGACY_TSC,results/jerky_long_legacy_20260822/20260823T012535Z-793b9644d0/LEGACY_TSC-T900-s5101
360.00000000003655,9000,118,1.8651727991169333,1.8418605781891433,2.0668778246627233,4793.0,LEGACY_TSC,results/jerky_long_legacy_20260822/20260823T012535Z-793b9644d0/LEGACY_TSC-T900-s5101
362.0000000000376,9050,118,1.8658806368037528,1.8545048542310338,2.05750778795759,4793.0,LEGACY_TSC,results/jerky_long_legacy_20260822/20260823T012535Z-793b9644d0/LEGACY_TSC-T900-s5101
364.0000000000386,9100,118,1.8670171486911464,1.8573735824838853,2.0822298798293133,4789.0,LEGACY_TSC,results/jerky_long_legacy_20260822/20260823T012535Z-793b9644d0/LEGACY_TSC-T900-s5101
366.0000000000396,9150,118,1.8624317514438196,1.8403595280310223,2.0612922796798268,4782.0,LEGACY_TSC,results/jerky_long_legacy_20260822/20260823T012535Z-793b9644d0/LEGACY_TSC-T900-s5101
368.00000000004064,9200,117,1.8573536517015399,1.8364031895218693,2.0730935713573833,4777.0,LEGACY_TSC,results/jerky_long_legacy_20260822/20260823T012535Z-793b9644d0/LEGACY_TSC-T900-s5101
370.00000000004167,9250,117,1.854283034886483,1.8398311421423101,2.0797014065995434,4770.0,LEGACY_TSC,results/jerky_long_legacy_20260822/20260823T012535Z-793b9644d0/LEGACY_TSC-T900-s5101
372.0000000000427,9300,116,1.8508026408147082,1.8198609861876842,2.075396876223212,4766.0,LEGACY_TSC,results/jerky_long_legacy_20260822/20260823T012535Z-793b9644d0/LEGACY_TSC-T900-s5101
374.0000000000437,9350,116,1.8486879924009574,1.8297117583185827,2.070738682766864,4760.0,LEGACY_TSC,results/jerky_long_legacy_20260822/20260823T012535Z-793b9644d0/LEGACY_TSC-T900-s5101
376.00000000004474,9400,116,1.8596644731062024,1.842789408695103,2.0714061841948643,4767.0,LEGACY_TSC,results/jerky_long_legacy_20260822/20260823T012535Z-793b9644d0/LEGACY_TSC-T900-s5101
378.00000000004576,9450,116,1.860706311860627,1.845532196843275,2.0839070721385795,4759.0,LEGACY_TSC,results/jerky_long_legacy_20260822/20260823T012535Z-793b9644d0/LEGACY_TSC-T900-s5101
380.0000000000468,9500,116,1.862305807465464,1.845532196843275,2.058955209585368,4753.0,LEGACY_TSC,results/jerky_long_legacy_20260822/20260823T012535Z-793b9644d0/LEGACY_TSC-T900-s5101
382.0000000000478,9550,116,1.8619946609884044,1.853578652200079,2.037908075871176,4741.0,LEGACY_TSC,results/jerky_long_legacy_20260822/20260823T012535Z-793b9644d0/LEGACY_TSC-T900-s5101
384.00000000004883,9600,115,1.856793704453431,1.8517065494345517,2.0335369048049534,4726.0,LEGACY_TSC,results/jerky_long_legacy_20260822/20260823T012535Z-793b9644d0/LEGACY_TSC-T900-s5101
386.00000000004985,9650,115,1.861351842555244,1.8459416692746737,2.064400210000952,4725.0,LEGACY_TSC,results/jerky_long_legacy_20260822/20260823T012535Z-793b9644d0/LEGACY_TSC-T900-s5101
388.0000000000509,9700,115,1.863384572394444,1.8533849824572328,2.039788412913723,4714.0,LEGACY_TSC,results/jerky_long_legacy_20260822/20260823T012535Z-793b9644d0/LEGACY_TSC-T900-s5101
390.0000000000519,9750,115,1.8583141946854633,1.8485551908747548,1.9996891009337527,4703.0,LEGACY_TSC,results/jerky_long_legacy_20260822/20260823T012535Z-793b9644d0/LEGACY_TSC-T900-s5101
392.0000000000529,9800,114,1.8458395170944901,1.8328213227907884,2.01203286081606,4692.0,LEGACY_TSC,results/jerky_long_legacy_20260822/20260823T012535Z-793b9644d0/LEGACY_TSC-T900-s5101
394.00000000005394,9850,114,1.8480765017352034,1.8416920048928522,2.008329732851368,4682.0,LEGACY_TSC,results/jerky_long_legacy_20260822/20260823T012535Z-793b9644d0/LEGACY_TSC-T900-s5101
396.00000000005497,9900,114,1.8516651881863566,1.8385014717790988,2.023475516643294,4673.0,LEGACY_TSC,results/jerky_long_legacy_20260822/20260823T012535Z-793b9644d0/LEGACY_TSC-T900-s5101
398.000000000056,9950,114,1.8476064759911603,1.8375575000981401,2.015081913207504,4663.0,LEGACY_TSC,results/jerky_long_legacy_20260822/20260823T012535Z-793b9644d0/LEGACY_TSC-T900-s5101
400.000000000057,10000,113,1.8525229724759582,1.8519847923420552,2.036353461689671,4663.0,LEGACY_TSC,results/jerky_long_legacy_20260822/20260823T012535Z-793b9644d0/LEGACY_TSC-T900-s5101
