time,step,grains_used,isoperimetric_q_mean,isoperimetric_q_median,isoperimetric_q_p90,boundary_edges_total,regime,run_dir
0.0,0,190,1.7920895484123613,1.7854416702856883,1.956505991785691,6086.0,B0,results/jerky_long_non_c_20260822/20260823T012450Z-364b2906f9/B0-T900-s5101
0.8000000000000002,20,188,1.7963999664072208,1.7904506397748141,1.9620145314807358,6048.0,B0,results/jerky_long_non_c_20260822/20260823T012450Z-364b2906f9/B0-T900-s5101
1.6000000000000008,40,185,1.7983939905928117,1.788480449997641,1.9875513975186982,6010.0,B0,results/jerky_long_non_c_20260822/20260823T012450Z-364b2906f9/B0-T900-s5101
2.4000000000000012,60,181,1.7842270041129327,1.78866793841809,1.9496480528757179,5954.0,B0,results/jerky_long_non_c_20260822/20260823T012450Z-364b2906f9/B0-T900-s5101
3.200000000000002,80,180,1.7913174638566058,1.7846764890093463,1.9390563597464563,5926.0,B0,results/jerky_long_non_c_20260822/20260823T012450Z-364b2906f9/B0-T900-s5101
4.000000000000003,100,177,1.7863020035177686,1.776894427937363,1.9495093607110237,5870.0,B0,results/jerky_long_non_c_20260822/20260823T012450Z-364b2906f9/B0-T900-s5101
4.800000000000003,120,177,1.789434710038378,1.7793720345677742,1.9630799534440124,5838.0,B0,results/jerky_long_non_c_20260822/20260823T012450Z-364b2906f9/B0-T900-s5101
5.600000000000004,140,177,1.7880781620337445,1.7708173613246598,1.9545429522882682,5809.0,B0,results/jerky_long_non_c_20260822/20260823T012450Z-364b2906f9/B0-T900-s5101
6.400000000000005,160,175,1.7830368727662105,1.7681838186278778,1.9418169042999558,5767.0,B0,results/jerky_long_non_c_20260822/20260823T012450Z-364b2906f9/B0-T900-s5101
7.2000000000000055,180,174,1.7670632109314708,1.7577389692367453,1.9252759675604516,5723.0,B0,results/jerky_long_non_c_20260822/20260823T012450Z-364b2906f9/B0-T900-s5101
8.000000000000005,200,173,1.7706353421697232,1.7574292307612105,1.9445669591473886,5707.0,B0,results/jerky_long_non_c_20260822/20260823T012450Z-364b2906f9/B0-T900-s5101
8.799999999999988,220,172,1.7743692235217954,1.7782190134947138,1.9193891706760127,5693.0,B0,results/jerky_long_non_c_20260822/20260823T012450Z-364b2906f9/B0-T900-s5101
9.599999999999971,240,167,1.7735546808519091,1.7724834714865818,1.929940057803755,5658.0,B0,results/jerky_long_non_c_20260822/20260823T012450Z-364b2906f9/B0-T900-s5101
10.399999999999954,260,166,1.7768718616230772,1.7778797557648374,1.9543524038060534,5637.0,B0,results/jerky_long_non_c_20260822/20260823T012450Z-364b2906f9/B0-T900-s5101
11.199999999999937,280,164,1.7781570424885313,1.7738960406353539,1.9492679057186513,5606.0,B0,results/jerky_long_non_c_20260822/20260823T012450Z-364b2906f9/B0-T900-s5101
11.99999999999992,300,163,1.7636187923976134,1.754164264078064,1.9192902919225776,5547.0,B0,results/jerky_long_non_c_20260822/20260823T012450Z-364b2906f9/B0-T900-s5101
12.799999999999903,320,161,1.7706826410692944,1.7685687043578984,1.9318117230464538,5523.0,B0,results/jerky_long_non_c_20260822/20260823T012450Z-364b2906f9/B0-T900-s5101
13.599999999999886,340,160,1.7809017689004378,1.7743831592471713,1.9303054829294637,5510.0,B0,results/jerky_long_non_c_20260822/20260823T012450Z-364b2906f9/B0-T900-s5101
14.399999999999869,360,160,1.776008125582112,1.7625438596438938,1.9301313003636997,5491.0,B0,results/jerky_long_non_c_20260822/20260823T012450Z-364b2906f9/B0-T900-s5101
15.199999999999852,380,159,1.7698093676726872,1.7759306618208033,1.917262875124709,5458.0,B0,results/jerky_long_non_c_20260822/20260823T012450Z-364b2906f9/B0-T900-s5101
15.999999999999835,400,158,1.7788534977040424,1.7680075512626279,1.9305758810084659,5443.0,B0,results/jerky_long_non_c_20260822/20260823T012450Z-364b2906f9/B0-T900-s5101
16.79999999999982,420,156,1.7844418455148143,1.775049050787885,1.9625107753624786,5429.0,B0,results/jerky_long_non_c_20260822/20260823T012450Z-364b2906f9/B0-T900-s5101
17.599999999999802,440,155,1.7775413548372172,1.768388256576615,1.9706130519896237,5399.0,B0,results/jerky_long_non_c_20260822/20260823T012450Z-364b2906f9/B0-T900-s5101
18.399999999999785,460,152,1.786161837355242,1.7907117292111465,1.9588300688233273,5374.0,B0,results/jerky_long_non_c_20260822/20260823T012450Z-364b2906f9/B0-T900-s5101
19.19999999999977,480,149,1.7837454471387038,1.785658964316078,1.947256128875493,5344.0,B0,results/jerky_long_non_c_20260822/20260823T012450Z-364b2906f9/B0-T900-s5101
19.99999999999975,500,147,1.792194685870552,1.778637690553508,1.9537718994543505,5328.0,B0,results/jerky_long_non_c_20260822/20260823T012450Z-364b2906f9/B0-T900-s5101
20.799999999999734,520,146,1.8046297913180918,1.7967759356432058,1.9407234320483804,5316.0,B0,results/jerky_long_non_c_20260822/20260823T012450Z-364b2906f9/B0-T900-s5101
21.599999999999717,540,146,1.8135317871369214,1.8107154851695133,1.954855511292103,5291.0,B0,results/jerky_long_non_c_20260822/20260823T012450Z-364b2906f9/B0-T900-s5101
21.91999999999971,548,146,1.8111253910554337,1.8103178594076796,1.9779753008055172,5274.0,B0,results/jerky_long_non_c_20260822/20260823T012450Z-364b2906f9/B0-T900-s5101
21.99999999999971,550,146,1.812476119915885,1.8103178594076796,1.9761307686682752,5274.0,B0,results/jerky_long_non_c_20260822/20260823T012450Z-364b2906f9/B0-T900-s5101
23.999999999999666,600,142,1.815297748703459,1.7961309010564146,1.9927456456528392,5213.0,B0,results/jerky_long_non_c_20260822/20260823T012450Z-364b2906f9/B0-T900-s5101
25.999999999999623,650,140,1.8161138694916694,1.8007828670114971,1.9689219628599177,5158.0,B0,results/jerky_long_non_c_20260822/20260823T012450Z-364b2906f9/B0-T900-s5101
27.99999999999958,700,136,1.8293386909985059,1.8235795840840996,2.016777537961201,5103.0,B0,results/jerky_long_non_c_20260822/20260823T012450Z-364b2906f9/B0-T900-s5101
29.999999999999538,750,131,1.8253672749141487,1.8189136353359467,2.032165578789127,5046.0,B0,results/jerky_long_non_c_20260822/20260823T012450Z-364b2906f9/B0-T900-s5101
31.999999999999496,800,129,1.8376874703836412,1.828985795531618,2.0264721497211173,4986.0,B0,results/jerky_long_non_c_20260822/20260823T012450Z-364b2906f9/B0-T900-s5101
33.99999999999945,850,125,1.8416626070412647,1.8312977281722767,2.0260406361380165,4926.0,B0,results/jerky_long_non_c_20260822/20260823T012450Z-364b2906f9/B0-T900-s5101
35.99999999999941,900,122,1.8341405951568064,1.8287396759411565,1.9891220754843857,4848.0,B0,results/jerky_long_non_c_20260822/20260823T012450Z-364b2906f9/B0-T900-s5101
37.99999999999937,950,113,1.8322023957053029,1.816837249907481,2.023598161281392,4754.0,B0,results/jerky_long_non_c_20260822/20260823T012450Z-364b2906f9/B0-T900-s5101
39.999999999999325,1000,112,1.8307911875338383,1.8235379920359533,2.0413959425701176,4667.0,B0,results/jerky_long_non_c_20260822/20260823T012450Z-364b2906f9/B0-T900-s5101
41.99999999999928,1050,111,1.8309384638191981,1.8434738328184241,1.9921808393916556,4635.0,B0,results/jerky_long_non_c_20260822/20260823T012450Z-364b2906f9/B0-T900-s5101
43.99999999999924,1100,107,1.8356981781040236,1.83355215260663,2.001069909219922,4594.0,B0,results/jerky_long_non_c_20260822/20260823T012450Z-364b2906f9/B0-T900-s5101
45.9999999999992,1150,106,1.8361266633825635,1.8258907210348894,2.0148676085549457,4549.0,B0,results/jerky_long_non_c_20260822/20260823T012450Z-364b2906f9/B0-T900-s5101
47.999999999999154,1200,105,1.8249415101298954,1.8099847576726074,2.0090869036213803,4503.0,B0,results/jerky_long_non_c_20260822/20260823T012450Z-364b2906f9/B0-T900-s5101
49.99999999999911,1250,104,1.8353359375061156,1.814248555648279,2.035021166688974,4465.0,B0,results/jerky_long_non_c_20260822/20260823T012450Z-364b2906f9/B0-T900-s5101
51.99999999999907,1300,102,1.824348651523174,1.8122658017703777,2.0173431370596706,4424.0,B0,results/jerky_long_non_c_20260822/20260823T012450Z-364b2906f9/B0-T900-s5101
53.99999999999903,1350,99,1.8196942001202496,1.810034323210786,2.0022718647044897,4374.0,B0,results/jerky_long_non_c_20260822/20260823T012450Z-364b2906f9/B0-T900-s5101
55.999999999998984,1400,98,1.809686521375512,1.8054271447061192,1.9986984394717544,4323.0,B0,results/jerky_long_non_c_20260822/20260823T012450Z-364b2906f9/B0-T900-s5101
57.99999999999894,1450,97,1.8229429757903415,1.820203035360996,2.004825704567164,4303.0,B0,results/jerky_long_non_c_20260822/20260823T012450Z-364b2906f9/B0-T900-s5101
59.9999999999989,1500,97,1.8197394266395743,1.8334649444186342,1.9743611725292314,4274.0,B0,results/jerky_long_non_c_20260822/20260823T012450Z-364b2906f9/B0-T900-s5101
61.999999999998856,1550,94,1.8273109163563028,1.8168823487230759,1.9685270015039062,4244.0,B0,results/jerky_long_non_c_20260822/20260823T012450Z-364b2906f9/B0-T900-s5101
63.99999999999881,1600,93,1.8248517889213773,1.8173110682563558,1.9764809118770745,4208.0,B0,results/jerky_long_non_c_20260822/20260823T012450Z-364b2906f9/B0-T900-s5101
65.99999999999912,1650,92,1.8187347635438187,1.8187083725201352,1.9560814033882719,4184.0,B0,results/jerky_long_non_c_20260822/20260823T012450Z-364b2906f9/B0-T900-s5101
67.99999999999943,1700,90,1.8220847400487155,1.8215963988098938,1.9524350815048466,4147.0,B0,results/jerky_long_non_c_20260822/20260823T012450Z-364b2906f9/B0-T900-s5101
69.99999999999974,1750,90,1.8140909425541802,1.8018408892498012,1.955914246824991,4116.0,B0,results/jerky_long_non_c_20260822/20260823T012450Z-364b2906f9/B0-T900-s5101
72.00000000000006,1800,88,1.8198074437114296,1.8135684181712568,1.9902209751825777,4097.0,B0,results/jerky_long_non_c_20260822/20260823T012450Z-364b2906f9/B0-T900-s5101
74.00000000000037,1850,88,1.8279411511638834,1.8237520826239166,1.9994452717646947,4073.0,B0,results/jerky_long_non_c_20260822/20260823T012450Z-364b2906f9/B0-T900-s5101
76.00000000000068,1900,87,1.8216871307256735,1.8060135386314367,2.006790041251339,4049.0,B0,results/jerky_long_non_c_20260822/20260823T012450Z-364b2906f9/B0-T900-s5101
78.000000000001,1950,87,1.8303563513032755,1.8164536291897957,1.9840910647896903,4034.0,B0,results/jerky_long_non_c_20260822/20260823T012450Z-364b2906f9/B0-T900-s5101
80.00000000000131,2000,85,1.8263061916081502,1.8108295747344536,2.0188525411943807,4008.0,B0,results/jerky_long_non_c_20260822/20260823T012450Z-364b2906f9/B0-T900-s5101
82.00000000000162,2050,85,1.838202579053037,1.806766044272533,2.0242875206154713,3999.0,B0,results/jerky_long_non_c_20260822/20260823T012450Z-364b2906f9/B0-T900-s5101
84.00000000000193,2100,83,1.852285004281087,1.8283780782949315,2.0485191780934096,3977.0,B0,results/jerky_long_non_c_20260822/20260823T012450Z-364b2906f9/B0-T900-s5101
86.00000000000225,2150,80,1.8609706658520864,1.8417963510127544,2.047011272670414,3955.0,B0,results/jerky_long_non_c_20260822/20260823T012450Z-364b2906f9/B0-T900-s5101
88.00000000000256,2200,80,1.85964033135551,1.8356830314083312,2.0692984654501605,3914.0,B0,results/jerky_long_non_c_20260822/20260823T012450Z-364b2906f9/B0-T900-s5101
90.00000000000287,2250,78,1.8508218210694583,1.8336370038165715,2.007017111406972,3877.0,B0,results/jerky_long_non_c_20260822/20260823T012450Z-364b2906f9/B0-T900-s5101
92.00000000000318,2300,77,1.8558513095666878,1.8449999359054199,2.0182341309185516,3848.0,B0,results/jerky_long_non_c_20260822/20260823T012450Z-364b2906f9/B0-T900-s5101
94.0000000000035,2350,77,1.8395723675543307,1.8385579025975751,1.982145194538794,3804.0,B0,results/jerky_long_non_c_20260822/20260823T012450Z-364b2906f9/B0-T900-s5101
96.00000000000381,2400,75,1.8439051993983784,1.8262079135663896,2.0188201050079937,3783.0,B0,results/jerky_long_non_c_20260822/20260823T012450Z-364b2906f9/B0-T900-s5101
98.00000000000412,2450,75,1.8421744674351763,1.8349628732947931,2.039206963567892,3752.0,B0,results/jerky_long_non_c_20260822/20260823T012450Z-364b2906f9/B0-T900-s5101
100.00000000000443,2500,74,1.8448695395791792,1.8294489917327312,2.0260078690912624,3731.0,B0,results/jerky_long_non_c_20260822/20260823T012450Z-364b2906f9/B0-T900-s5101
102.00000000000475,2550,71,1.8379988942098737,1.8368921147586963,2.004594402276491,3684.0,B0,results/jerky_long_non_c_20260822/20260823T012450Z-364b2906f9/B0-T900-s5101
104.00000000000506,2600,69,1.8362787183745846,1.8282413975684386,2.0001356146501386,3652.0,B0,results/jerky_long_non_c_20260822/20260823T012450Z-364b2906f9/B0-T900-s5101
106.00000000000537,2650,69,1.843891520686813,1.8305844214942335,2.0150776649756157,3639.0,B0,results/jerky_long_non_c_20260822/20260823T012450Z-364b2906f9/B0-T900-s5101
108.00000000000568,2700,66,1.8442809017792807,1.851949194288279,2.0302441649717657,3607.0,B0,results/jerky_long_non_c_20260822/20260823T012450Z-364b2906f9/B0-T900-s5101
0.0,0,190,1.7920895484123613,1.7854416702856883,1.956505991785691,6086.0,G,results/jerky_long_non_c_20260822/20260823T012450Z-364b2906f9/G-T900-s5101
0.8000000000000002,20,188,1.7957631802096357,1.792356781325105,1.9603442960146875,6052.0,G,results/jerky_long_non_c_20260822/20260823T012450Z-364b2906f9/G-T900-s5101
1.6000000000000008,40,186,1.7983983858452963,1.7852585976452686,1.9666846524457218,6021.0,G,results/jerky_long_non_c_20260822/20260823T012450Z-364b2906f9/G-T900-s5101
2.4000000000000012,60,182,1.7979789568902647,1.7813058823142642,1.980655826271208,5998.0,G,results/jerky_long_non_c_20260822/20260823T012450Z-364b2906f9/G-T900-s5101
3.200000000000002,80,182,1.8001120910259825,1.7961956017919,1.978881765558315,5979.0,G,results/jerky_long_non_c_20260822/20260823T012450Z-364b2906f9/G-T900-s5101
4.000000000000003,100,179,1.7901693167225712,1.7932951334298066,1.9594451043307186,5941.0,G,results/jerky_long_non_c_20260822/20260823T012450Z-364b2906f9/G-T900-s5101
4.800000000000003,120,178,1.7920345938193785,1.784452834738825,1.9594585704496876,5918.0,G,results/jerky_long_non_c_20260822/20260823T012450Z-364b2906f9/G-T900-s5101
5.600000000000004,140,178,1.7914366468351326,1.7873705726191351,1.9483372979654823,5890.0,G,results/jerky_long_non_c_20260822/20260823T012450Z-364b2906f9/G-T900-s5101
6.400000000000005,160,177,1.7949730122612766,1.786588114495759,1.9748567507780146,5857.0,G,results/jerky_long_non_c_20260822/20260823T012450Z-364b2906f9/G-T900-s5101
7.2000000000000055,180,177,1.7920355822844676,1.7762828470077605,1.9583748014847238,5835.0,G,results/jerky_long_non_c_20260822/20260823T012450Z-364b2906f9/G-T900-s5101
8.000000000000005,200,176,1.7887272647686223,1.772098287042614,1.9628196681597623,5811.0,G,results/jerky_long_non_c_20260822/20260823T012450Z-364b2906f9/G-T900-s5101
8.799999999999988,220,176,1.7881144359263565,1.7778631753978102,1.968607710750624,5793.0,G,results/jerky_long_non_c_20260822/20260823T012450Z-364b2906f9/G-T900-s5101
9.599999999999971,240,176,1.7928818143630723,1.7791039671370559,1.9565981794546552,5775.0,G,results/jerky_long_non_c_20260822/20260823T012450Z-364b2906f9/G-T900-s5101
10.399999999999954,260,175,1.7836913226845608,1.7713580689159039,1.938276171126835,5745.0,G,results/jerky_long_non_c_20260822/20260823T012450Z-364b2906f9/G-T900-s5101
11.199999999999937,280,174,1.7844308150770185,1.7721098384628362,1.9470557862544238,5736.0,G,results/jerky_long_non_c_20260822/20260823T012450Z-364b2906f9/G-T900-s5101
11.99999999999992,300,172,1.7892715702915316,1.776772645954996,1.9636159575176457,5726.0,G,results/jerky_long_non_c_20260822/20260823T012450Z-364b2906f9/G-T900-s5101
12.799999999999903,320,172,1.7852565607030038,1.777484101936782,1.9818041967541773,5713.0,G,results/jerky_long_non_c_20260822/20260823T012450Z-364b2906f9/G-T900-s5101
13.599999999999886,340,171,1.790600768358973,1.7728385051693243,1.97017066395862,5711.0,G,results/jerky_long_non_c_20260822/20260823T012450Z-364b2906f9/G-T900-s5101
14.399999999999869,360,168,1.7922700555429922,1.7850040875637756,1.9601357587825252,5695.0,G,results/jerky_long_non_c_20260822/20260823T012450Z-364b2906f9/G-T900-s5101
15.199999999999852,380,167,1.7962619504526127,1.7800630528336256,1.993189589863643,5670.0,G,results/jerky_long_non_c_20260822/20260823T012450Z-364b2906f9/G-T900-s5101
15.999999999999835,400,164,1.792078140796299,1.7821985267708322,1.9564412516662257,5654.0,G,results/jerky_long_non_c_20260822/20260823T012450Z-364b2906f9/G-T900-s5101
16.79999999999982,420,164,1.797329361479551,1.7883710438759306,1.9733079313539057,5631.0,G,results/jerky_long_non_c_20260822/20260823T012450Z-364b2906f9/G-T900-s5101
17.599999999999802,440,164,1.7906483231139265,1.7918125369045288,1.963735332260678,5599.0,G,results/jerky_long_non_c_20260822/20260823T012450Z-364b2906f9/G-T900-s5101
18.399999999999785,460,163,1.7810868595217102,1.7714637144141396,1.9479122042710895,5558.0,G,results/jerky_long_non_c_20260822/20260823T012450Z-364b2906f9/G-T900-s5101
19.19999999999977,480,162,1.7799414569622585,1.7818396033151649,1.940475879121703,5543.0,G,results/jerky_long_non_c_20260822/20260823T012450Z-364b2906f9/G-T900-s5101
19.99999999999975,500,161,1.7825596496404386,1.788212226841423,1.9401745443583431,5529.0,G,results/jerky_long_non_c_20260822/20260823T012450Z-364b2906f9/G-T900-s5101
20.799999999999734,520,159,1.775879385599781,1.7801178191898572,1.9349550530569446,5504.0,G,results/jerky_long_non_c_20260822/20260823T012450Z-364b2906f9/G-T900-s5101
21.599999999999717,540,159,1.7738672906781747,1.768388256576615,1.9286475818382967,5496.0,G,results/jerky_long_non_c_20260822/20260823T012450Z-364b2906f9/G-T900-s5101
22.3999999999997,560,159,1.786519745268195,1.7746697901520996,1.95359194973197,5488.0,G,results/jerky_long_non_c_20260822/20260823T012450Z-364b2906f9/G-T900-s5101
23.199999999999683,580,157,1.7875382457284703,1.7898408354268884,1.9332752167760345,5474.0,G,results/jerky_long_non_c_20260822/20260823T012450Z-364b2906f9/G-T900-s5101
23.999999999999666,600,157,1.7812533333690053,1.7830841727778206,1.9463607628572117,5445.0,G,results/jerky_long_non_c_20260822/20260823T012450Z-364b2906f9/G-T900-s5101
24.79999999999965,620,155,1.7897544214225178,1.7954667017554444,1.9339707783563023,5439.0,G,results/jerky_long_non_c_20260822/20260823T012450Z-364b2906f9/G-T900-s5101
25.599999999999632,640,154,1.7901031850030833,1.7913790539252297,1.950378764249662,5418.0,G,results/jerky_long_non_c_20260822/20260823T012450Z-364b2906f9/G-T900-s5101
26.399999999999615,660,153,1.7836268834992313,1.7811403790642788,1.935502701296572,5381.0,G,results/jerky_long_non_c_20260822/20260823T012450Z-364b2906f9/G-T900-s5101
27.199999999999598,680,153,1.7884511901550322,1.78866793841809,1.954992617704958,5373.0,G,results/jerky_long_non_c_20260822/20260823T012450Z-364b2906f9/G-T900-s5101
27.99999999999958,700,153,1.7938699914662866,1.7891769429516378,1.987868401059803,5363.0,G,results/jerky_long_non_c_20260822/20260823T012450Z-364b2906f9/G-T900-s5101
28.799999999999564,720,152,1.8093020817269427,1.7967759356432058,2.0053522829578814,5369.0,G,results/jerky_long_non_c_20260822/20260823T012450Z-364b2906f9/G-T900-s5101
29.599999999999547,740,150,1.804627382210258,1.798251773134637,1.977434994578088,5343.0,G,results/jerky_long_non_c_20260822/20260823T012450Z-364b2906f9/G-T900-s5101
30.39999999999953,760,150,1.8083300641418676,1.7972126496012697,2.001910094653801,5326.0,G,results/jerky_long_non_c_20260822/20260823T012450Z-364b2906f9/G-T900-s5101
31.199999999999513,780,149,1.807586456984985,1.7988209847130496,2.0035275271458826,5313.0,G,results/jerky_long_non_c_20260822/20260823T012450Z-364b2906f9/G-T900-s5101
31.999999999999496,800,147,1.8100718730583152,1.7949572118461563,2.0284313823317333,5298.0,G,results/jerky_long_non_c_20260822/20260823T012450Z-364b2906f9/G-T900-s5101
33.99999999999945,850,145,1.812261796122701,1.8037560217081472,2.0089614302625187,5261.0,G,results/jerky_long_non_c_20260822/20260823T012450Z-364b2906f9/G-T900-s5101
35.99999999999941,900,140,1.8081271124605425,1.7997470940723186,1.9639525646477247,5215.0,G,results/jerky_long_non_c_20260822/20260823T012450Z-364b2906f9/G-T900-s5101
37.99999999999937,950,138,1.8106931017402637,1.8008515612821003,1.975479565395057,5167.0,G,results/jerky_long_non_c_20260822/20260823T012450Z-364b2906f9/G-T900-s5101
39.999999999999325,1000,136,1.8162959996281085,1.809599391599444,2.0064804327301085,5117.0,G,results/jerky_long_non_c_20260822/20260823T012450Z-364b2906f9/G-T900-s5101
41.99999999999928,1050,133,1.8354842516916323,1.8278104955087857,2.0274566329242645,5087.0,G,results/jerky_long_non_c_20260822/20260823T012450Z-364b2906f9/G-T900-s5101
43.99999999999924,1100,132,1.8306849087243235,1.8203284725910684,2.008385508560466,5034.0,G,results/jerky_long_non_c_20260822/20260823T012450Z-364b2906f9/G-T900-s5101
45.9999999999992,1150,128,1.8428185129449257,1.8337680966911902,2.0627553579382165,4985.0,G,results/jerky_long_non_c_20260822/20260823T012450Z-364b2906f9/G-T900-s5101
47.999999999999154,1200,126,1.850936945124224,1.8462553515091762,2.0650067616275773,4951.0,G,results/jerky_long_non_c_20260822/20260823T012450Z-364b2906f9/G-T900-s5101
49.99999999999911,1250,122,1.8476621880930577,1.8381171658320898,2.044432297895401,4887.0,G,results/jerky_long_non_c_20260822/20260823T012450Z-364b2906f9/G-T900-s5101
51.99999999999907,1300,120,1.8393918440370536,1.818247724894183,2.017429447001555,4823.0,G,results/jerky_long_non_c_20260822/20260823T012450Z-364b2906f9/G-T900-s5101
53.99999999999903,1350,117,1.8385933074159215,1.8213395417167864,2.030637540563013,4766.0,G,results/jerky_long_non_c_20260822/20260823T012450Z-364b2906f9/G-T900-s5101
55.999999999998984,1400,114,1.8384003405492422,1.8350361073260908,2.0513788648141653,4731.0,G,results/jerky_long_non_c_20260822/20260823T012450Z-364b2906f9/G-T900-s5101
57.99999999999894,1450,112,1.8387789931375378,1.8254910770979587,2.015845444226511,4698.0,G,results/jerky_long_non_c_20260822/20260823T012450Z-364b2906f9/G-T900-s5101
59.9999999999989,1500,111,1.8450581918539575,1.8334649444186342,2.032962588002553,4672.0,G,results/jerky_long_non_c_20260822/20260823T012450Z-364b2906f9/G-T900-s5101
61.999999999998856,1550,110,1.8366988548666308,1.8218833158528238,2.056060775665998,4623.0,G,results/jerky_long_non_c_20260822/20260823T012450Z-364b2906f9/G-T900-s5101
63.99999999999881,1600,108,1.8424964910820245,1.83556156589118,2.03252708660503,4600.0,G,results/jerky_long_non_c_20260822/20260823T012450Z-364b2906f9/G-T900-s5101
65.99999999999912,1650,107,1.8462213385934345,1.8317113809737893,2.034202566283672,4562.0,G,results/jerky_long_non_c_20260822/20260823T012450Z-364b2906f9/G-T900-s5101
67.99999999999943,1700,106,1.8448631964810405,1.833787929082853,2.0110360176476405,4540.0,G,results/jerky_long_non_c_20260822/20260823T012450Z-364b2906f9/G-T900-s5101
69.99999999999974,1750,105,1.8455308622720739,1.8278104955087857,2.045081956678647,4515.0,G,results/jerky_long_non_c_20260822/20260823T012450Z-364b2906f9/G-T900-s5101
72.00000000000006,1800,104,1.8329031211635136,1.8306575523553725,2.0011170673854077,4481.0,G,results/jerky_long_non_c_20260822/20260823T012450Z-364b2906f9/G-T900-s5101
74.00000000000037,1850,103,1.8400920487248877,1.8305844214942335,2.015532464002498,4456.0,G,results/jerky_long_non_c_20260822/20260823T012450Z-364b2906f9/G-T900-s5101
76.00000000000068,1900,102,1.8234007594206523,1.8168001316510352,1.983104363857237,4423.0,G,results/jerky_long_non_c_20260822/20260823T012450Z-364b2906f9/G-T900-s5101
78.000000000001,1950,102,1.8287473923123372,1.8173786871204736,1.9983678125772677,4394.0,G,results/jerky_long_non_c_20260822/20260823T012450Z-364b2906f9/G-T900-s5101
80.00000000000131,2000,99,1.8226320886169258,1.8262079135663896,1.984556866802831,4358.0,G,results/jerky_long_non_c_20260822/20260823T012450Z-364b2906f9/G-T900-s5101
82.00000000000162,2050,99,1.8318721761396144,1.82396617321188,2.016027191496364,4337.0,G,results/jerky_long_non_c_20260822/20260823T012450Z-364b2906f9/G-T900-s5101
84.00000000000193,2100,98,1.8254287549979478,1.8207292899395475,2.0057632464259587,4308.0,G,results/jerky_long_non_c_20260822/20260823T012450Z-364b2906f9/G-T900-s5101
86.00000000000225,2150,96,1.816939312306525,1.8258764254347706,1.9734013023116934,4284.0,G,results/jerky_long_non_c_20260822/20260823T012450Z-364b2906f9/G-T900-s5101
88.00000000000256,2200,96,1.8201931452605027,1.822084604286438,2.0202416305751605,4268.0,G,results/jerky_long_non_c_20260822/20260823T012450Z-364b2906f9/G-T900-s5101
90.00000000000287,2250,95,1.826386604311992,1.8278104955087857,2.0022106627009033,4250.0,G,results/jerky_long_non_c_20260822/20260823T012450Z-364b2906f9/G-T900-s5101
92.00000000000318,2300,93,1.8224390974492413,1.8127158555414686,1.9932807321946324,4219.0,G,results/jerky_long_non_c_20260822/20260823T012450Z-364b2906f9/G-T900-s5101
94.0000000000035,2350,92,1.8296311284598887,1.8173783251540545,1.9769124614187443,4207.0,G,results/jerky_long_non_c_20260822/20260823T012450Z-364b2906f9/G-T900-s5101
96.00000000000381,2400,92,1.833730535671935,1.835830027661352,2.0243774919346635,4181.0,G,results/jerky_long_non_c_20260822/20260823T012450Z-364b2906f9/G-T900-s5101
98.00000000000412,2450,91,1.8315632345581623,1.815349255884279,2.0125399255491283,4152.0,G,results/jerky_long_non_c_20260822/20260823T012450Z-364b2906f9/G-T900-s5101
100.00000000000443,2500,91,1.8206797291951582,1.8199963220236466,1.970887005626257,4127.0,G,results/jerky_long_non_c_20260822/20260823T012450Z-364b2906f9/G-T900-s5101
102.00000000000475,2550,88,1.8115422087836526,1.819819673514468,1.9814702548759653,4105.0,G,results/jerky_long_non_c_20260822/20260823T012450Z-364b2906f9/G-T900-s5101
104.00000000000506,2600,86,1.8300021788149627,1.817771962738998,2.0062447405826953,4095.0,G,results/jerky_long_non_c_20260822/20260823T012450Z-364b2906f9/G-T900-s5101
106.00000000000537,2650,85,1.83804944900917,1.8311107775520667,2.0182831979453812,4063.0,G,results/jerky_long_non_c_20260822/20260823T012450Z-364b2906f9/G-T900-s5101
108.00000000000568,2700,85,1.8441334847014947,1.8398530191104328,2.0176250604436157,4048.0,G,results/jerky_long_non_c_20260822/20260823T012450Z-364b2906f9/G-T900-s5101
110.000000000006,2750,83,1.851632142213438,1.8364031895218693,2.0076501148101356,4028.0,G,results/jerky_long_non_c_20260822/20260823T012450Z-364b2906f9/G-T900-s5101
112.00000000000631,2800,83,1.8491398474751177,1.8276165713901857,2.000154676881001,4019.0,G,results/jerky_long_non_c_20260822/20260823T012450Z-364b2906f9/G-T900-s5101
114.00000000000662,2850,82,1.8488930249116384,1.8284370950800495,2.0323413868181404,3996.0,G,results/jerky_long_non_c_20260822/20260823T012450Z-364b2906f9/G-T900-s5101
116.00000000000693,2900,82,1.853619025385115,1.8209459410737523,2.0528021456231866,3988.0,G,results/jerky_long_non_c_20260822/20260823T012450Z-364b2906f9/G-T900-s5101
118.00000000000725,2950,82,1.8593356546722783,1.851984792342055,2.062293919045744,3970.0,G,results/jerky_long_non_c_20260822/20260823T012450Z-364b2906f9/G-T900-s5101
120.00000000000756,3000,81,1.8532647542237901,1.8235379920359533,2.0338029895990872,3958.0,G,results/jerky_long_non_c_20260822/20260823T012450Z-364b2906f9/G-T900-s5101
122.00000000000787,3050,80,1.8541475064183417,1.8266265403105018,2.0217097850006307,3946.0,G,results/jerky_long_non_c_20260822/20260823T012450Z-364b2906f9/G-T900-s5101
124.00000000000819,3100,80,1.8556241049248947,1.8356830314083312,2.0078473502049032,3929.0,G,results/jerky_long_non_c_20260822/20260823T012450Z-364b2906f9/G-T900-s5101
126.0000000000085,3150,80,1.8614594232945219,1.8476952132130444,2.04627783975294,3911.0,G,results/jerky_long_non_c_20260822/20260823T012450Z-364b2906f9/G-T900-s5101
128.0000000000088,3200,80,1.8636675267300908,1.8215397420441561,2.042309764092785,3900.0,G,results/jerky_long_non_c_20260822/20260823T012450Z-364b2906f9/G-T900-s5101
130.0000000000084,3250,78,1.8539781688985504,1.8351246673172703,2.023969447440673,3883.0,G,results/jerky_long_non_c_20260822/20260823T012450Z-364b2906f9/G-T900-s5101
132.00000000000801,3300,78,1.866782923440905,1.8465188650035453,2.0260707685707104,3874.0,G,results/jerky_long_non_c_20260822/20260823T012450Z-364b2906f9/G-T900-s5101
134.00000000000762,3350,78,1.857268686760109,1.8477950941679806,2.0057579252416238,3852.0,G,results/jerky_long_non_c_20260822/20260823T012450Z-364b2906f9/G-T900-s5101
136.00000000000722,3400,78,1.8587724948076414,1.8401041651058847,2.033817192181047,3831.0,G,results/jerky_long_non_c_20260822/20260823T012450Z-364b2906f9/G-T900-s5101
138.00000000000682,3450,77,1.8515408235975126,1.8357516939335687,2.014148781786932,3813.0,G,results/jerky_long_non_c_20260822/20260823T012450Z-364b2906f9/G-T900-s5101
140.00000000000642,3500,77,1.856391174047331,1.8519847923420547,2.001781803398533,3801.0,G,results/jerky_long_non_c_20260822/20260823T012450Z-364b2906f9/G-T900-s5101
142.00000000000603,3550,75,1.859559559831854,1.8549245631836322,2.0101475552213492,3782.0,G,results/jerky_long_non_c_20260822/20260823T012450Z-364b2906f9/G-T900-s5101
144.00000000000563,3600,74,1.8507512020907637,1.8432048483028498,1.989307744100239,3755.0,G,results/jerky_long_non_c_20260822/20260823T012450Z-364b2906f9/G-T900-s5101
146.00000000000523,3650,74,1.846493932692901,1.837686265986164,2.016847443701698,3725.0,G,results/jerky_long_non_c_20260822/20260823T012450Z-364b2906f9/G-T900-s5101
148.00000000000483,3700,73,1.83677735985253,1.815737418277735,2.0047441952985805,3700.0,G,results/jerky_long_non_c_20260822/20260823T012450Z-364b2906f9/G-T900-s5101
150.00000000000443,3750,72,1.8434329881754339,1.8352372192428077,2.033331372174244,3679.0,G,results/jerky_long_non_c_20260822/20260823T012450Z-364b2906f9/G-T900-s5101
152.00000000000404,3800,72,1.84077565948727,1.8352478770516711,2.008402877918939,3657.0,G,results/jerky_long_non_c_20260822/20260823T012450Z-364b2906f9/G-T900-s5101
154.00000000000364,3850,70,1.8610228147031136,1.8584490760837116,2.054844279950273,3653.0,G,results/jerky_long_non_c_20260822/20260823T012450Z-364b2906f9/G-T900-s5101
156.00000000000324,3900,68,1.845566983574027,1.8315232358754594,2.050154753945484,3620.0,G,results/jerky_long_non_c_20260822/20260823T012450Z-364b2906f9/G-T900-s5101
157.240000000003,3931,67,1.8466878545667,1.8380600946552725,2.0392358419488112,3603.0,G,results/jerky_long_non_c_20260822/20260823T012450Z-364b2906f9/G-T900-s5101
0.0,0,190,1.7920895484123613,1.7854416702856883,1.956505991785691,6086.0,GS,results/jerky_long_non_c_20260822/20260823T012450Z-364b2906f9/GS-T900-s5101
0.8000000000000002,20,189,1.7959563748634164,1.791339678630056,1.9602691216151165,6052.0,GS,results/jerky_long_non_c_20260822/20260823T012450Z-364b2906f9/GS-T900-s5101
1.6000000000000008,40,187,1.7977423052494155,1.784983900215257,1.9612078053225317,6023.0,GS,results/jerky_long_non_c_20260822/20260823T012450Z-364b2906f9/GS-T900-s5101
2.4000000000000012,60,185,1.7992109726229415,1.7815483552302083,1.973200352732138,6006.0,GS,results/jerky_long_non_c_20260822/20260823T012450Z-364b2906f9/GS-T900-s5101
3.200000000000002,80,182,1.7962728811264366,1.7904931097838226,1.9695001495536382,5981.0,GS,results/jerky_long_non_c_20260822/20260823T012450Z-364b2906f9/GS-T900-s5101
4.000000000000003,100,181,1.7894408168770934,1.784394106490155,1.9398450310186084,5952.0,GS,results/jerky_long_non_c_20260822/20260823T012450Z-364b2906f9/GS-T900-s5101
4.800000000000003,120,178,1.7872712759596001,1.7848206643761884,1.9503368541314776,5932.0,GS,results/jerky_long_non_c_20260822/20260823T012450Z-364b2906f9/GS-T900-s5101
5.600000000000004,140,178,1.7902632160236347,1.7883691187735136,1.9459716156467828,5911.0,GS,results/jerky_long_non_c_20260822/20260823T012450Z-364b2906f9/GS-T900-s5101
6.400000000000005,160,177,1.7903324406813586,1.7862438273226313,1.958730333192903,5881.0,GS,results/jerky_long_non_c_20260822/20260823T012450Z-364b2906f9/GS-T900-s5101
7.2000000000000055,180,177,1.7963917095022244,1.784983900215257,1.9650108475242765,5870.0,GS,results/jerky_long_non_c_20260822/20260823T012450Z-364b2906f9/GS-T900-s5101
8.000000000000005,200,177,1.790805692346042,1.7762828470077605,1.9441654097185739,5846.0,GS,results/jerky_long_non_c_20260822/20260823T012450Z-364b2906f9/GS-T900-s5101
8.799999999999988,220,177,1.792933586857742,1.7713580689159039,1.9603601484339637,5829.0,GS,results/jerky_long_non_c_20260822/20260823T012450Z-364b2906f9/GS-T900-s5101
9.599999999999971,240,176,1.7902729002394389,1.7690684059060673,1.978463712800191,5808.0,GS,results/jerky_long_non_c_20260822/20260823T012450Z-364b2906f9/GS-T900-s5101
10.399999999999954,260,176,1.7898593397325564,1.7714637144141396,1.9674328515159671,5793.0,GS,results/jerky_long_non_c_20260822/20260823T012450Z-364b2906f9/GS-T900-s5101
11.199999999999937,280,176,1.779332149553519,1.7560562391746783,1.9446997075638506,5769.0,GS,results/jerky_long_non_c_20260822/20260823T012450Z-364b2906f9/GS-T900-s5101
11.99999999999992,300,175,1.778147031418572,1.7494104313840855,1.9405294541196425,5761.0,GS,results/jerky_long_non_c_20260822/20260823T012450Z-364b2906f9/GS-T900-s5101
12.799999999999903,320,175,1.773061493165425,1.7494104313840855,1.9366682013310346,5746.0,GS,results/jerky_long_non_c_20260822/20260823T012450Z-364b2906f9/GS-T900-s5101
13.599999999999886,340,175,1.7747150145992763,1.7496641456246271,1.9383696816691922,5742.0,GS,results/jerky_long_non_c_20260822/20260823T012450Z-364b2906f9/GS-T900-s5101
14.399999999999869,360,175,1.7733428884089932,1.7643873781680703,1.9310688891079544,5732.0,GS,results/jerky_long_non_c_20260822/20260823T012450Z-364b2906f9/GS-T900-s5101
15.199999999999852,380,174,1.7744854354512383,1.7670708326605407,1.930718959476247,5727.0,GS,results/jerky_long_non_c_20260822/20260823T012450Z-364b2906f9/GS-T900-s5101
15.999999999999835,400,172,1.784904821462413,1.772151109791732,1.9351045839380103,5729.0,GS,results/jerky_long_non_c_20260822/20260823T012450Z-364b2906f9/GS-T900-s5101
16.79999999999982,420,171,1.781175204200812,1.7728385051693243,1.9277084695990314,5712.0,GS,results/jerky_long_non_c_20260822/20260823T012450Z-364b2906f9/GS-T900-s5101
17.599999999999802,440,172,1.7780063873843603,1.7703603403256953,1.9275284781452873,5700.0,GS,results/jerky_long_non_c_20260822/20260823T012450Z-364b2906f9/GS-T900-s5101
18.399999999999785,460,170,1.7817607150278247,1.7769487385484746,1.926028041921442,5694.0,GS,results/jerky_long_non_c_20260822/20260823T012450Z-364b2906f9/GS-T900-s5101
19.19999999999977,480,169,1.7799640123898597,1.7781448814404859,1.9143731920818914,5678.0,GS,results/jerky_long_non_c_20260822/20260823T012450Z-364b2906f9/GS-T900-s5101
19.99999999999975,500,169,1.7788028692573787,1.7776146300891886,1.9212415215608698,5655.0,GS,results/jerky_long_non_c_20260822/20260823T012450Z-364b2906f9/GS-T900-s5101
20.799999999999734,520,168,1.7777087387407033,1.7797636832532961,1.9187941666234283,5645.0,GS,results/jerky_long_non_c_20260822/20260823T012450Z-364b2906f9/GS-T900-s5101
21.599999999999717,540,168,1.776570794077995,1.7743845834950638,1.927019777012624,5626.0,GS,results/jerky_long_non_c_20260822/20260823T012450Z-364b2906f9/GS-T900-s5101
22.3999999999997,560,166,1.775181093339689,1.7835963955831737,1.9054181391392955,5609.0,GS,results/jerky_long_non_c_20260822/20260823T012450Z-364b2906f9/GS-T900-s5101
23.199999999999683,580,163,1.77339510593754,1.7690684059060673,1.9388294732651734,5593.0,GS,results/jerky_long_non_c_20260822/20260823T012450Z-364b2906f9/GS-T900-s5101
23.999999999999666,600,163,1.7714389324899742,1.768388256576615,1.9275540005508425,5582.0,GS,results/jerky_long_non_c_20260822/20260823T012450Z-364b2906f9/GS-T900-s5101
24.79999999999965,620,163,1.7727192088084667,1.7629470619409944,1.9333627709907815,5577.0,GS,results/jerky_long_non_c_20260822/20260823T012450Z-364b2906f9/GS-T900-s5101
25.599999999999632,640,162,1.7704786080073034,1.7624198648530935,1.92866527180851,5565.0,GS,results/jerky_long_non_c_20260822/20260823T012450Z-364b2906f9/GS-T900-s5101
26.399999999999615,660,162,1.7710771456656251,1.770988536379157,1.9345345020782319,5562.0,GS,results/jerky_long_non_c_20260822/20260823T012450Z-364b2906f9/GS-T900-s5101
27.199999999999598,680,162,1.7765858165319701,1.7729240576243277,1.9345345020782319,5561.0,GS,results/jerky_long_non_c_20260822/20260823T012450Z-364b2906f9/GS-T900-s5101
27.99999999999958,700,162,1.7819894219324348,1.7746857281366757,1.939832964332928,5556.0,GS,results/jerky_long_non_c_20260822/20260823T012450Z-364b2906f9/GS-T900-s5101
28.799999999999564,720,161,1.7769075480266416,1.7705133583441748,1.9541086734780693,5539.0,GS,results/jerky_long_non_c_20260822/20260823T012450Z-364b2906f9/GS-T900-s5101
29.599999999999547,740,160,1.7717050399045895,1.769790882125121,1.9188334920692138,5525.0,GS,results/jerky_long_non_c_20260822/20260823T012450Z-364b2906f9/GS-T900-s5101
30.39999999999953,760,160,1.768815756189878,1.7555276206811263,1.9051133012112487,5511.0,GS,results/jerky_long_non_c_20260822/20260823T012450Z-364b2906f9/GS-T900-s5101
31.199999999999513,780,160,1.7730330789397304,1.7559424234125889,1.9313322080355295,5498.0,GS,results/jerky_long_non_c_20260822/20260823T012450Z-364b2906f9/GS-T900-s5101
31.999999999999496,800,160,1.7649382883289455,1.7549011349797177,1.9138134771795614,5482.0,GS,results/jerky_long_non_c_20260822/20260823T012450Z-364b2906f9/GS-T900-s5101
33.99999999999945,850,158,1.782160006070698,1.771145563603361,1.9408243800665599,5480.0,GS,results/jerky_long_non_c_20260822/20260823T012450Z-364b2906f9/GS-T900-s5101
35.99999999999941,900,157,1.7856307914326486,1.773440794452548,1.9292597076758358,5456.0,GS,results/jerky_long_non_c_20260822/20260823T012450Z-364b2906f9/GS-T900-s5101
37.99999999999937,950,155,1.7839413183562578,1.7815483552302083,1.9315190287403452,5430.0,GS,results/jerky_long_non_c_20260822/20260823T012450Z-364b2906f9/GS-T900-s5101
39.999999999999325,1000,155,1.7860734205770503,1.781143844001102,1.930972830898389,5406.0,GS,results/jerky_long_non_c_20260822/20260823T012450Z-364b2906f9/GS-T900-s5101
41.99999999999928,1050,154,1.7877397549257823,1.7853054644868398,1.9452128497332175,5388.0,GS,results/jerky_long_non_c_20260822/20260823T012450Z-364b2906f9/GS-T900-s5101
43.99999999999924,1100,153,1.7882944387362516,1.7858424783298386,1.939152838622425,5379.0,GS,results/jerky_long_non_c_20260822/20260823T012450Z-364b2906f9/GS-T900-s5101
45.9999999999992,1150,152,1.7917382828741784,1.788368468553227,1.9393964464503048,5370.0,GS,results/jerky_long_non_c_20260822/20260823T012450Z-364b2906f9/GS-T900-s5101
47.999999999999154,1200,152,1.7841283838366873,1.7804308344561117,1.9284248145753085,5352.0,GS,results/jerky_long_non_c_20260822/20260823T012450Z-364b2906f9/GS-T900-s5101
49.99999999999911,1250,151,1.7949813036638584,1.7865289183968474,1.954004483799766,5356.0,GS,results/jerky_long_non_c_20260822/20260823T012450Z-364b2906f9/GS-T900-s5101
51.99999999999907,1300,151,1.8007179191604803,1.7954667017554444,1.9738258971014004,5346.0,GS,results/jerky_long_non_c_20260822/20260823T012450Z-364b2906f9/GS-T900-s5101
53.99999999999903,1350,150,1.7917643651561177,1.7918194009762551,1.9689131739824086,5324.0,GS,results/jerky_long_non_c_20260822/20260823T012450Z-364b2906f9/GS-T900-s5101
55.999999999998984,1400,150,1.7871036522400285,1.7861856983633428,1.9554025749832122,5302.0,GS,results/jerky_long_non_c_20260822/20260823T012450Z-364b2906f9/GS-T900-s5101
57.99999999999894,1450,149,1.7911381597558564,1.7783263062829957,1.9565275669474274,5298.0,GS,results/jerky_long_non_c_20260822/20260823T012450Z-364b2906f9/GS-T900-s5101
59.9999999999989,1500,148,1.784523319032349,1.7755277122708684,1.9386480900988667,5280.0,GS,results/jerky_long_non_c_20260822/20260823T012450Z-364b2906f9/GS-T900-s5101
61.999999999998856,1550,148,1.7859086986128025,1.7699259854953773,1.9457873852853138,5265.0,GS,results/jerky_long_non_c_20260822/20260823T012450Z-364b2906f9/GS-T900-s5101
63.99999999999881,1600,147,1.790476030073877,1.768388256576615,1.9491737500651791,5258.0,GS,results/jerky_long_non_c_20260822/20260823T012450Z-364b2906f9/GS-T900-s5101
65.99999999999912,1650,146,1.7903263114176204,1.7799459494352665,1.943193435739213,5244.0,GS,results/jerky_long_non_c_20260822/20260823T012450Z-364b2906f9/GS-T900-s5101
67.99999999999943,1700,145,1.797988748962784,1.7953593580438265,1.9635115152579017,5243.0,GS,results/jerky_long_non_c_20260822/20260823T012450Z-364b2906f9/GS-T900-s5101
69.99999999999974,1750,144,1.7982381800429974,1.7911350136342632,1.984482410780253,5234.0,GS,results/jerky_long_non_c_20260822/20260823T012450Z-364b2906f9/GS-T900-s5101
72.00000000000006,1800,143,1.8055894128605077,1.800686918122353,1.9854330060115877,5229.0,GS,results/jerky_long_non_c_20260822/20260823T012450Z-364b2906f9/GS-T900-s5101
74.00000000000037,1850,140,1.8053285685488087,1.8011497194567188,1.951580562045962,5214.0,GS,results/jerky_long_non_c_20260822/20260823T012450Z-364b2906f9/GS-T900-s5101
76.00000000000068,1900,138,1.7977309791380527,1.7936595118133996,1.9499020235295879,5180.0,GS,results/jerky_long_non_c_20260822/20260823T012450Z-364b2906f9/GS-T900-s5101
78.000000000001,1950,137,1.8092818228061087,1.8016125207910847,1.9629720025631165,5176.0,GS,results/jerky_long_non_c_20260822/20260823T012450Z-364b2906f9/GS-T900-s5101
80.00000000000131,2000,137,1.8016456540884678,1.7940423397354024,1.9504781126696211,5146.0,GS,results/jerky_long_non_c_20260822/20260823T012450Z-364b2906f9/GS-T900-s5101
82.00000000000162,2050,136,1.807725695452377,1.7948045904632584,1.9742877833884682,5137.0,GS,results/jerky_long_non_c_20260822/20260823T012450Z-364b2906f9/GS-T900-s5101
84.00000000000193,2100,135,1.8018260518328744,1.7982636158288976,1.9636827237155265,5108.0,GS,results/jerky_long_non_c_20260822/20260823T012450Z-364b2906f9/GS-T900-s5101
86.00000000000225,2150,133,1.8100350814780781,1.7998116612845563,1.9805600255310272,5084.0,GS,results/jerky_long_non_c_20260822/20260823T012450Z-364b2906f9/GS-T900-s5101
88.00000000000256,2200,132,1.8200241719408352,1.81043194897262,1.9938822231592954,5066.0,GS,results/jerky_long_non_c_20260822/20260823T012450Z-364b2906f9/GS-T900-s5101
90.00000000000287,2250,131,1.8153897501269194,1.8009190352002702,1.9839716691622868,5035.0,GS,results/jerky_long_non_c_20260822/20260823T012450Z-364b2906f9/GS-T900-s5101
92.00000000000318,2300,130,1.8096282940079138,1.8029582983554904,1.9710707152037672,5016.0,GS,results/jerky_long_non_c_20260822/20260823T012450Z-364b2906f9/GS-T900-s5101
94.0000000000035,2350,130,1.8067379016101321,1.7980141429803533,1.974753670872868,5001.0,GS,results/jerky_long_non_c_20260822/20260823T012450Z-364b2906f9/GS-T900-s5101
96.00000000000381,2400,130,1.8132802219700068,1.8009474050653491,1.9838200419564156,4990.0,GS,results/jerky_long_non_c_20260822/20260823T012450Z-364b2906f9/GS-T900-s5101
98.00000000000412,2450,128,1.8112570681998954,1.8100677690589508,1.958044405016541,4979.0,GS,results/jerky_long_non_c_20260822/20260823T012450Z-364b2906f9/GS-T900-s5101
100.00000000000443,2500,128,1.8079172808627428,1.8045216965448247,1.9720211257371527,4966.0,GS,results/jerky_long_non_c_20260822/20260823T012450Z-364b2906f9/GS-T900-s5101
102.00000000000475,2550,126,1.8180486850425457,1.8002875287257436,1.9712205034654162,4963.0,GS,results/jerky_long_non_c_20260822/20260823T012450Z-364b2906f9/GS-T900-s5101
104.00000000000506,2600,125,1.8110920023304233,1.8008249914486278,1.974159080700641,4932.0,GS,results/jerky_long_non_c_20260822/20260823T012450Z-364b2906f9/GS-T900-s5101
106.00000000000537,2650,125,1.8139068764325315,1.8026842712496158,1.9642013486675403,4926.0,GS,results/jerky_long_non_c_20260822/20260823T012450Z-364b2906f9/GS-T900-s5101
108.00000000000568,2700,125,1.8113471206748446,1.8052296785886277,1.9704476320153106,4914.0,GS,results/jerky_long_non_c_20260822/20260823T012450Z-364b2906f9/GS-T900-s5101
110.000000000006,2750,125,1.8100292270945937,1.7955668411911145,1.957955906468416,4905.0,GS,results/jerky_long_non_c_20260822/20260823T012450Z-364b2906f9/GS-T900-s5101
112.00000000000631,2800,125,1.8030484997702863,1.8057242109987721,1.9477657070150327,4891.0,GS,results/jerky_long_non_c_20260822/20260823T012450Z-364b2906f9/GS-T900-s5101
114.00000000000662,2850,124,1.8101016933100802,1.8109628414776435,1.9642613703777918,4888.0,GS,results/jerky_long_non_c_20260822/20260823T012450Z-364b2906f9/GS-T900-s5101
116.00000000000693,2900,123,1.8130628025002316,1.8136260956983423,1.977681175399638,4881.0,GS,results/jerky_long_non_c_20260822/20260823T012450Z-364b2906f9/GS-T900-s5101
118.00000000000725,2950,123,1.80835764154637,1.8057242109987721,1.9686213745115206,4864.0,GS,results/jerky_long_non_c_20260822/20260823T012450Z-364b2906f9/GS-T900-s5101
120.00000000000756,3000,122,1.810485930113724,1.807046709731603,1.9858416944817845,4858.0,GS,results/jerky_long_non_c_20260822/20260823T012450Z-364b2906f9/GS-T900-s5101
122.00000000000787,3050,121,1.8062373057539243,1.8087744208146483,1.9563426655613294,4848.0,GS,results/jerky_long_non_c_20260822/20260823T012450Z-364b2906f9/GS-T900-s5101
124.00000000000819,3100,121,1.797541076043944,1.7835963955831737,1.95015170775892,4831.0,GS,results/jerky_long_non_c_20260822/20260823T012450Z-364b2906f9/GS-T900-s5101
126.0000000000085,3150,120,1.8075639280989064,1.7967171170114007,1.9753921586905805,4825.0,GS,results/jerky_long_non_c_20260822/20260823T012450Z-364b2906f9/GS-T900-s5101
128.0000000000088,3200,120,1.807994739447714,1.8011321736592327,1.949911237360358,4815.0,GS,results/jerky_long_non_c_20260822/20260823T012450Z-364b2906f9/GS-T900-s5101
130.0000000000084,3250,120,1.8071020904678838,1.795748728582585,1.9544764670978423,4812.0,GS,results/jerky_long_non_c_20260822/20260823T012450Z-364b2906f9/GS-T900-s5101
132.00000000000801,3300,120,1.8082469958194765,1.7955167714732796,1.9590878249438712,4807.0,GS,results/jerky_long_non_c_20260822/20260823T012450Z-364b2906f9/GS-T900-s5101
134.00000000000762,3350,120,1.7999506652202084,1.7954736287637614,1.9475879364650006,4791.0,GS,results/jerky_long_non_c_20260822/20260823T012450Z-364b2906f9/GS-T900-s5101
136.00000000000722,3400,120,1.7990170843526252,1.7952620265186354,1.9474339472590996,4785.0,GS,results/jerky_long_non_c_20260822/20260823T012450Z-364b2906f9/GS-T900-s5101
138.00000000000682,3450,120,1.800333168542756,1.800625508577197,1.9479015211032114,4781.0,GS,results/jerky_long_non_c_20260822/20260823T012450Z-364b2906f9/GS-T900-s5101
140.00000000000642,3500,120,1.8015684964734182,1.7997217633173048,1.948380895685496,4779.0,GS,results/jerky_long_non_c_20260822/20260823T012450Z-364b2906f9/GS-T900-s5101
142.00000000000603,3550,120,1.8045628307911357,1.7978742248948947,1.9500269932164132,4776.0,GS,results/jerky_long_non_c_20260822/20260823T012450Z-364b2906f9/GS-T900-s5101
144.00000000000563,3600,120,1.796777596919953,1.7922426853993718,1.9621705736728383,4763.0,GS,results/jerky_long_non_c_20260822/20260823T012450Z-364b2906f9/GS-T900-s5101
146.00000000000523,3650,120,1.796526542932363,1.7952620265186354,1.947905229554057,4757.0,GS,results/jerky_long_non_c_20260822/20260823T012450Z-364b2906f9/GS-T900-s5101
148.00000000000483,3700,118,1.7970116392565838,1.798503098530476,1.9390274817054287,4755.0,GS,results/jerky_long_non_c_20260822/20260823T012450Z-364b2906f9/GS-T900-s5101
150.00000000000443,3750,117,1.7984962220182834,1.794374937664113,1.9407214539062403,4747.0,GS,results/jerky_long_non_c_20260822/20260823T012450Z-364b2906f9/GS-T900-s5101
152.00000000000404,3800,116,1.8021727285627003,1.7984413426543973,1.9453289787513126,4731.0,GS,results/jerky_long_non_c_20260822/20260823T012450Z-364b2906f9/GS-T900-s5101
154.00000000000364,3850,116,1.8059075328742822,1.8002608655438281,1.9514566317744895,4724.0,GS,results/jerky_long_non_c_20260822/20260823T012450Z-364b2906f9/GS-T900-s5101
156.00000000000324,3900,115,1.8120131571919726,1.8025077476446814,1.9455948125761375,4710.0,GS,results/jerky_long_non_c_20260822/20260823T012450Z-364b2906f9/GS-T900-s5101
158.00000000000284,3950,115,1.8035655426787311,1.797514651390818,1.9485484369052648,4696.0,GS,results/jerky_long_non_c_20260822/20260823T012450Z-364b2906f9/GS-T900-s5101
160.00000000000244,4000,115,1.8077182437877983,1.7988209847130496,1.9726847329156167,4692.0,GS,results/jerky_long_non_c_20260822/20260823T012450Z-364b2906f9/GS-T900-s5101
162.00000000000205,4050,113,1.8092155380426167,1.8110178442066367,1.9842467932511554,4685.0,GS,results/jerky_long_non_c_20260822/20260823T012450Z-364b2906f9/GS-T900-s5101
164.00000000000165,4100,112,1.8084242588515258,1.806808746919227,1.9745469666667879,4678.0,GS,results/jerky_long_non_c_20260822/20260823T012450Z-364b2906f9/GS-T900-s5101
166.00000000000125,4150,112,1.8120805906379178,1.8101028152223528,1.9656116490006026,4665.0,GS,results/jerky_long_non_c_20260822/20260823T012450Z-364b2906f9/GS-T900-s5101
168.00000000000085,4200,112,1.80829856465642,1.8056683183932283,1.9521150994434993,4648.0,GS,results/jerky_long_non_c_20260822/20260823T012450Z-364b2906f9/GS-T900-s5101
170.00000000000045,4250,112,1.805856876656515,1.8000043667833392,1.9520353770220962,4639.0,GS,results/jerky_long_non_c_20260822/20260823T012450Z-364b2906f9/GS-T900-s5101
172.00000000000006,4300,112,1.8044775582849903,1.800971762922392,1.9465244226813823,4635.0,GS,results/jerky_long_non_c_20260822/20260823T012450Z-364b2906f9/GS-T900-s5101
173.99999999999966,4350,111,1.8025350138613037,1.8014393558698374,1.9401745443583431,4629.0,GS,results/jerky_long_non_c_20260822/20260823T012450Z-364b2906f9/GS-T900-s5101
175.99999999999926,4400,111,1.797126861203516,1.8052296785886277,1.954004483799766,4622.0,GS,results/jerky_long_non_c_20260822/20260823T012450Z-364b2906f9/GS-T900-s5101
177.99999999999886,4450,111,1.7992492105850941,1.8009190352002702,1.9609250742445286,4617.0,GS,results/jerky_long_non_c_20260822/20260823T012450Z-364b2906f9/GS-T900-s5101
179.99999999999847,4500,111,1.7917628679431676,1.7932951334298066,1.954004483799766,4598.0,GS,results/jerky_long_non_c_20260822/20260823T012450Z-364b2906f9/GS-T900-s5101
181.99999999999807,4550,110,1.7862220052300755,1.7864159709091951,1.9504452770897485,4591.0,GS,results/jerky_long_non_c_20260822/20260823T012450Z-364b2906f9/GS-T900-s5101
183.99999999999767,4600,110,1.7864142675210957,1.78354816681254,1.9369993686262472,4585.0,GS,results/jerky_long_non_c_20260822/20260823T012450Z-364b2906f9/GS-T900-s5101
185.99999999999727,4650,110,1.7876184271051063,1.78354816681254,1.9591320551256044,4578.0,GS,results/jerky_long_non_c_20260822/20260823T012450Z-364b2906f9/GS-T900-s5101
187.99999999999687,4700,110,1.7842082657338725,1.785344576913614,1.9580408805899086,4570.0,GS,results/jerky_long_non_c_20260822/20260823T012450Z-364b2906f9/GS-T900-s5101
189.99999999999648,4750,110,1.7863106873358479,1.7843164417187738,1.9580408805899086,4567.0,GS,results/jerky_long_non_c_20260822/20260823T012450Z-364b2906f9/GS-T900-s5101
191.99999999999608,4800,110,1.794432441908709,1.7866052920709314,1.9603449948068847,4571.0,GS,results/jerky_long_non_c_20260822/20260823T012450Z-364b2906f9/GS-T900-s5101
193.99999999999568,4850,109,1.7966199848485098,1.800495864587084,1.9588622679407819,4567.0,GS,results/jerky_long_non_c_20260822/20260823T012450Z-364b2906f9/GS-T900-s5101
195.99999999999528,4900,109,1.8002371137886568,1.7949572118461563,1.9543329150855648,4567.0,GS,results/jerky_long_non_c_20260822/20260823T012450Z-364b2906f9/GS-T900-s5101
197.99999999999488,4950,109,1.79735426858334,1.793119750042674,1.9696703699385998,4560.0,GS,results/jerky_long_non_c_20260822/20260823T012450Z-364b2906f9/GS-T900-s5101
199.9999999999945,5000,108,1.7946080678846112,1.7921643577237427,1.9577360413912717,4548.0,GS,results/jerky_long_non_c_20260822/20260823T012450Z-364b2906f9/GS-T900-s5101
201.9999999999941,5050,108,1.7925210806436755,1.7896787204551359,1.9537905964299536,4545.0,GS,results/jerky_long_non_c_20260822/20260823T012450Z-364b2906f9/GS-T900-s5101
203.9999999999937,5100,108,1.798562643296835,1.800495864587084,1.949887220139927,4545.0,GS,results/jerky_long_non_c_20260822/20260823T012450Z-364b2906f9/GS-T900-s5101
205.9999999999933,5150,108,1.7966042883197746,1.799283578625833,1.9524918457103697,4531.0,GS,results/jerky_long_non_c_20260822/20260823T012450Z-364b2906f9/GS-T900-s5101
207.9999999999929,5200,107,1.803896043505917,1.8016125207910847,1.9781966450461501,4526.0,GS,results/jerky_long_non_c_20260822/20260823T012450Z-364b2906f9/GS-T900-s5101
209.9999999999925,5250,106,1.8039074694408521,1.8104450839171742,1.953880897106885,4523.0,GS,results/jerky_long_non_c_20260822/20260823T012450Z-364b2906f9/GS-T900-s5101
211.9999999999921,5300,106,1.8030626368589244,1.8010541926890844,1.9683721638277054,4510.0,GS,results/jerky_long_non_c_20260822/20260823T012450Z-364b2906f9/GS-T900-s5101
213.9999999999917,5350,106,1.8106694065801499,1.8061914709997746,1.9683917333416603,4507.0,GS,results/jerky_long_non_c_20260822/20260823T012450Z-364b2906f9/GS-T900-s5101
215.9999999999913,5400,105,1.8018549021752321,1.7959306159740556,1.9587155042206783,4496.0,GS,results/jerky_long_non_c_20260822/20260823T012450Z-364b2906f9/GS-T900-s5101
217.9999999999909,5450,105,1.80617711860705,1.7959306159740556,1.9597023124151516,4488.0,GS,results/jerky_long_non_c_20260822/20260823T012450Z-364b2906f9/GS-T900-s5101
219.9999999999905,5500,104,1.8088972559274465,1.8010541926890844,1.968675533296545,4486.0,GS,results/jerky_long_non_c_20260822/20260823T012450Z-364b2906f9/GS-T900-s5101
221.9999999999901,5550,104,1.8054013041145267,1.7967226336824367,1.9718383156743589,4481.0,GS,results/jerky_long_non_c_20260822/20260823T012450Z-364b2906f9/GS-T900-s5101
223.9999999999897,5600,103,1.8025463974124343,1.7932951334298066,1.9523156163555242,4477.0,GS,results/jerky_long_non_c_20260822/20260823T012450Z-364b2906f9/GS-T900-s5101
225.9999999999893,5650,103,1.8045943502586308,1.8026864320368308,1.9579157650511276,4470.0,GS,results/jerky_long_non_c_20260822/20260823T012450Z-364b2906f9/GS-T900-s5101
227.99999999998892,5700,103,1.7990558228906728,1.7922853951790017,1.9630654984406322,4462.0,GS,results/jerky_long_non_c_20260822/20260823T012450Z-364b2906f9/GS-T900-s5101
229.99999999998852,5750,102,1.799988043622585,1.7982132402805697,1.9250120999582676,4458.0,GS,results/jerky_long_non_c_20260822/20260823T012450Z-364b2906f9/GS-T900-s5101
231.99999999998812,5800,102,1.8023240820795794,1.7997775804728862,1.939191550603273,4448.0,GS,results/jerky_long_non_c_20260822/20260823T012450Z-364b2906f9/GS-T900-s5101
233.99999999998772,5850,102,1.8045960615532766,1.8032547016092604,1.9380557381523067,4444.0,GS,results/jerky_long_non_c_20260822/20260823T012450Z-364b2906f9/GS-T900-s5101
235.99999999998732,5900,102,1.8025100140845325,1.7971158910364866,1.938859127106122,4434.0,GS,results/jerky_long_non_c_20260822/20260823T012450Z-364b2906f9/GS-T900-s5101
237.99999999998693,5950,102,1.8029395019446586,1.8033105618588663,1.926401886659978,4430.0,GS,results/jerky_long_non_c_20260822/20260823T012450Z-364b2906f9/GS-T900-s5101
239.99999999998653,6000,102,1.8002394957779604,1.796454274620725,1.9351358647947536,4423.0,GS,results/jerky_long_non_c_20260822/20260823T012450Z-364b2906f9/GS-T900-s5101
241.99999999998613,6050,101,1.7971951021879524,1.800495864587084,1.9257748114119335,4419.0,GS,results/jerky_long_non_c_20260822/20260823T012450Z-364b2906f9/GS-T900-s5101
243.99999999998573,6100,101,1.802256255237581,1.7959306159740556,1.9360493710292583,4416.0,GS,results/jerky_long_non_c_20260822/20260823T012450Z-364b2906f9/GS-T900-s5101
245.99999999998533,6150,100,1.7989504706255326,1.7946036499327263,1.9272952113658055,4412.0,GS,results/jerky_long_non_c_20260822/20260823T012450Z-364b2906f9/GS-T900-s5101
247.99999999998494,6200,100,1.7978525579445375,1.7962828055728264,1.921971437854175,4402.0,GS,results/jerky_long_non_c_20260822/20260823T012450Z-364b2906f9/GS-T900-s5101
249.99999999998454,6250,100,1.8014829874761538,1.8032044112382033,1.9268672029132254,4395.0,GS,results/jerky_long_non_c_20260822/20260823T012450Z-364b2906f9/GS-T900-s5101
251.99999999998414,6300,100,1.8050410014901865,1.807793191637952,1.935075883002321,4398.0,GS,results/jerky_long_non_c_20260822/20260823T012450Z-364b2906f9/GS-T900-s5101
253.99999999998374,6350,100,1.8058914514404036,1.81092495922876,1.9500836959681227,4397.0,GS,results/jerky_long_non_c_20260822/20260823T012450Z-364b2906f9/GS-T900-s5101
255.99999999998334,6400,100,1.7993684956724525,1.8094901091790936,1.9257810773545752,4390.0,GS,results/jerky_long_non_c_20260822/20260823T012450Z-364b2906f9/GS-T900-s5101
257.99999999998437,6450,100,1.7983777238189893,1.8082343872239615,1.9190210354002075,4387.0,GS,results/jerky_long_non_c_20260822/20260823T012450Z-364b2906f9/GS-T900-s5101
259.9999999999854,6500,100,1.8011284369712015,1.8070318785006934,1.9263061256580454,4389.0,GS,results/jerky_long_non_c_20260822/20260823T012450Z-364b2906f9/GS-T900-s5101
261.9999999999864,6550,100,1.7984713975740914,1.8065961236438985,1.9354704573704056,4384.0,GS,results/jerky_long_non_c_20260822/20260823T012450Z-364b2906f9/GS-T900-s5101
263.99999999998744,6600,100,1.802126228026593,1.82208234872004,1.9441577386375224,4386.0,GS,results/jerky_long_non_c_20260822/20260823T012450Z-364b2906f9/GS-T900-s5101
265.99999999998846,6650,99,1.8079060123410653,1.8259986388730203,1.9368688924951363,4385.0,GS,results/jerky_long_non_c_20260822/20260823T012450Z-364b2906f9/GS-T900-s5101
267.9999999999895,6700,99,1.8067658815980279,1.8209947722184823,1.9305093353870222,4384.0,GS,results/jerky_long_non_c_20260822/20260823T012450Z-364b2906f9/GS-T900-s5101
269.9999999999905,6750,99,1.8071359792056685,1.8203884301754085,1.9367769157408496,4382.0,GS,results/jerky_long_non_c_20260822/20260823T012450Z-364b2906f9/GS-T900-s5101
271.99999999999153,6800,99,1.8110037293682493,1.8171476997676594,1.9361069315873387,4378.0,GS,results/jerky_long_non_c_20260822/20260823T012450Z-364b2906f9/GS-T900-s5101
273.99999999999255,6850,99,1.8129757082658335,1.8208404506276161,1.9424292393854783,4378.0,GS,results/jerky_long_non_c_20260822/20260823T012450Z-364b2906f9/GS-T900-s5101
275.9999999999936,6900,99,1.8125867118427246,1.8203884301754085,1.9519508441768643,4373.0,GS,results/jerky_long_non_c_20260822/20260823T012450Z-364b2906f9/GS-T900-s5101
277.9999999999946,6950,99,1.8138528144357131,1.8209947722184823,1.961015297889383,4372.0,GS,results/jerky_long_non_c_20260822/20260823T012450Z-364b2906f9/GS-T900-s5101
279.9999999999956,7000,99,1.8058858479125708,1.8124406330749647,1.9627473063894998,4364.0,GS,results/jerky_long_non_c_20260822/20260823T012450Z-364b2906f9/GS-T900-s5101
281.99999999999665,7050,99,1.805265083980035,1.812698668472612,1.9407741305373798,4362.0,GS,results/jerky_long_non_c_20260822/20260823T012450Z-364b2906f9/GS-T900-s5101
283.99999999999767,7100,99,1.807392045004199,1.8085788987715379,1.958626712412922,4364.0,GS,results/jerky_long_non_c_20260822/20260823T012450Z-364b2906f9/GS-T900-s5101
285.9999999999987,7150,99,1.808782253721352,1.812698668472612,1.9488315331895547,4364.0,GS,results/jerky_long_non_c_20260822/20260823T012450Z-364b2906f9/GS-T900-s5101
287.9999999999997,7200,99,1.8121705411296574,1.8203884301754085,1.956610162019599,4364.0,GS,results/jerky_long_non_c_20260822/20260823T012450Z-364b2906f9/GS-T900-s5101
290.00000000000074,7250,99,1.8117528498438078,1.8203884301754085,1.9505999389665363,4361.0,GS,results/jerky_long_non_c_20260822/20260823T012450Z-364b2906f9/GS-T900-s5101
292.00000000000176,7300,99,1.8131234445914375,1.8164536291897957,1.9469420072772854,4357.0,GS,results/jerky_long_non_c_20260822/20260823T012450Z-364b2906f9/GS-T900-s5101
294.0000000000028,7350,98,1.8165410857521287,1.8185823213768693,1.9442383528395895,4356.0,GS,results/jerky_long_non_c_20260822/20260823T012450Z-364b2906f9/GS-T900-s5101
296.0000000000038,7400,98,1.8204575893119868,1.8234722899733864,1.952146415354486,4354.0,GS,results/jerky_long_non_c_20260822/20260823T012450Z-364b2906f9/GS-T900-s5101
298.00000000000483,7450,98,1.8106219547334044,1.8165435493240103,1.9434706830506256,4344.0,GS,results/jerky_long_non_c_20260822/20260823T012450Z-364b2906f9/GS-T900-s5101
300.00000000000585,7500,98,1.8068284243890653,1.8125696507737885,1.9422779547417701,4336.0,GS,results/jerky_long_non_c_20260822/20260823T012450Z-364b2906f9/GS-T900-s5101
302.0000000000069,7550,98,1.813791373054615,1.8165435493240103,1.9486342760113176,4337.0,GS,results/jerky_long_non_c_20260822/20260823T012450Z-364b2906f9/GS-T900-s5101
304.0000000000079,7600,98,1.8189198469681684,1.8234722899733864,1.9932673066679243,4339.0,GS,results/jerky_long_non_c_20260822/20260823T012450Z-364b2906f9/GS-T900-s5101
306.0000000000089,7650,98,1.823879795401465,1.8206671856245804,1.9910863844116968,4338.0,GS,results/jerky_long_non_c_20260822/20260823T012450Z-364b2906f9/GS-T900-s5101
308.00000000000995,7700,98,1.8186155976794574,1.8207160789270809,1.9659917022780984,4334.0,GS,results/jerky_long_non_c_20260822/20260823T012450Z-364b2906f9/GS-T900-s5101
310.00000000001097,7750,98,1.8259268088893428,1.8266265403105018,1.9768495192892659,4336.0,GS,results/jerky_long_non_c_20260822/20260823T012450Z-364b2906f9/GS-T900-s5101
312.000000000012,7800,97,1.826565760350288,1.8247751277157604,1.9852167573514135,4332.0,GS,results/jerky_long_non_c_20260822/20260823T012450Z-364b2906f9/GS-T900-s5101
314.000000000013,7850,97,1.8229008363016297,1.8236211761322458,1.963913612611178,4324.0,GS,results/jerky_long_non_c_20260822/20260823T012450Z-364b2906f9/GS-T900-s5101
316.00000000001404,7900,97,1.8263814508568477,1.8247751277157604,1.9977433323906648,4315.0,GS,results/jerky_long_non_c_20260822/20260823T012450Z-364b2906f9/GS-T900-s5101
318.00000000001506,7950,96,1.8277915971688234,1.8241981519240031,2.0010034304668647,4310.0,GS,results/jerky_long_non_c_20260822/20260823T012450Z-364b2906f9/GS-T900-s5101
320.0000000000161,8000,96,1.823116923213684,1.820035581092958,1.9795955166216985,4302.0,GS,results/jerky_long_non_c_20260822/20260823T012450Z-364b2906f9/GS-T900-s5101
322.0000000000171,8050,96,1.8273612599460762,1.8255040085658516,1.9641837556320776,4304.0,GS,results/jerky_long_non_c_20260822/20260823T012450Z-364b2906f9/GS-T900-s5101
324.00000000001813,8100,96,1.826087863664279,1.8179806559117828,1.9743269690808534,4294.0,GS,results/jerky_long_non_c_20260822/20260823T012450Z-364b2906f9/GS-T900-s5101
326.00000000001916,8150,93,1.817260000113232,1.8254330390468283,1.9449833874285118,4288.0,GS,results/jerky_long_non_c_20260822/20260823T012450Z-364b2906f9/GS-T900-s5101
328.0000000000202,8200,93,1.8185679961364363,1.8259986388730203,1.9463095538618551,4282.0,GS,results/jerky_long_non_c_20260822/20260823T012450Z-364b2906f9/GS-T900-s5101
330.0000000000212,8250,92,1.813925338079978,1.8213454814335819,1.9449635655435966,4259.0,GS,results/jerky_long_non_c_20260822/20260823T012450Z-364b2906f9/GS-T900-s5101
332.0000000000222,8300,92,1.8141630261073516,1.8213454814335819,1.9458336395932223,4243.0,GS,results/jerky_long_non_c_20260822/20260823T012450Z-364b2906f9/GS-T900-s5101
334.00000000002325,8350,92,1.8139464898647333,1.8238677858692918,1.9498990266649747,4235.0,GS,results/jerky_long_non_c_20260822/20260823T012450Z-364b2906f9/GS-T900-s5101
336.0000000000243,8400,92,1.8081571921022728,1.8158574697401582,1.9287076489294908,4227.0,GS,results/jerky_long_non_c_20260822/20260823T012450Z-364b2906f9/GS-T900-s5101
338.0000000000253,8450,92,1.8080519015379248,1.8213454814335819,1.9258712574355392,4227.0,GS,results/jerky_long_non_c_20260822/20260823T012450Z-364b2906f9/GS-T900-s5101
340.0000000000263,8500,92,1.8115201865658022,1.8213454814335819,1.973241756170142,4226.0,GS,results/jerky_long_non_c_20260822/20260823T012450Z-364b2906f9/GS-T900-s5101
342.00000000002734,8550,92,1.8077310109853932,1.807045673378988,1.9315578998824445,4216.0,GS,results/jerky_long_non_c_20260822/20260823T012450Z-364b2906f9/GS-T900-s5101
344.00000000002836,8600,92,1.8122938031442746,1.8103540417578954,1.972645004998533,4216.0,GS,results/jerky_long_non_c_20260822/20260823T012450Z-364b2906f9/GS-T900-s5101
346.0000000000294,8650,92,1.8133481399908475,1.8126571532780333,1.946755618838699,4216.0,GS,results/jerky_long_non_c_20260822/20260823T012450Z-364b2906f9/GS-T900-s5101
348.0000000000304,8700,92,1.8121943157335547,1.816204670078199,1.9463968983940358,4211.0,GS,results/jerky_long_non_c_20260822/20260823T012450Z-364b2906f9/GS-T900-s5101
350.00000000003143,8750,92,1.8132685093610417,1.8181160845402045,1.9470819630883902,4211.0,GS,results/jerky_long_non_c_20260822/20260823T012450Z-364b2906f9/GS-T900-s5101
352.00000000003246,8800,92,1.8104751748938883,1.816065599512197,1.9546315040059834,4209.0,GS,results/jerky_long_non_c_20260822/20260823T012450Z-364b2906f9/GS-T900-s5101
354.0000000000335,8850,91,1.8166666016869812,1.8203884301754085,1.9576535943075175,4209.0,GS,results/jerky_long_non_c_20260822/20260823T012450Z-364b2906f9/GS-T900-s5101
356.0000000000345,8900,91,1.8140480584485026,1.8219907448694097,1.9526614192634701,4201.0,GS,results/jerky_long_non_c_20260822/20260823T012450Z-364b2906f9/GS-T900-s5101
358.0000000000355,8950,90,1.8183654110547585,1.8213454814335819,1.9708607626679775,4198.0,GS,results/jerky_long_non_c_20260822/20260823T012450Z-364b2906f9/GS-T900-s5101
360.00000000003655,9000,89,1.819563219752171,1.8208404506276161,1.9736381053069092,4196.0,GS,results/jerky_long_non_c_20260822/20260823T012450Z-364b2906f9/GS-T900-s5101
362.0000000000376,9050,89,1.8200610067321294,1.8259986388730203,1.9784480937918159,4184.0,GS,results/jerky_long_non_c_20260822/20260823T012450Z-364b2906f9/GS-T900-s5101
364.0000000000386,9100,89,1.8183989258953857,1.8302818455567966,1.9486322013082662,4177.0,GS,results/jerky_long_non_c_20260822/20260823T012450Z-364b2906f9/GS-T900-s5101
366.0000000000396,9150,89,1.8211843497391609,1.8259986388730203,1.9766513268944421,4177.0,GS,results/jerky_long_non_c_20260822/20260823T012450Z-364b2906f9/GS-T900-s5101
368.00000000004064,9200,89,1.8208894091889931,1.8286289010439727,1.9784480937918159,4172.0,GS,results/jerky_long_non_c_20260822/20260823T012450Z-364b2906f9/GS-T900-s5101
370.00000000004167,9250,89,1.8168978339047264,1.8259986388730203,1.9495175620514937,4167.0,GS,results/jerky_long_non_c_20260822/20260823T012450Z-364b2906f9/GS-T900-s5101
372.0000000000427,9300,89,1.8171657311879326,1.8235379920359533,1.9348867866196025,4165.0,GS,results/jerky_long_non_c_20260822/20260823T012450Z-364b2906f9/GS-T900-s5101
374.0000000000437,9350,89,1.8158771746582973,1.8259986388730203,1.9286204388760204,4163.0,GS,results/jerky_long_non_c_20260822/20260823T012450Z-364b2906f9/GS-T900-s5101
376.00000000004474,9400,89,1.8184836267055973,1.8259986388730203,1.9335022877946235,4164.0,GS,results/jerky_long_non_c_20260822/20260823T012450Z-364b2906f9/GS-T900-s5101
378.00000000004576,9450,89,1.8187567178833282,1.8259986388730203,1.9532797100431154,4163.0,GS,results/jerky_long_non_c_20260822/20260823T012450Z-364b2906f9/GS-T900-s5101
380.0000000000468,9500,89,1.8209802499472827,1.8311759744505711,1.9502792930581627,4162.0,GS,results/jerky_long_non_c_20260822/20260823T012450Z-364b2906f9/GS-T900-s5101
382.0000000000478,9550,89,1.818201127747657,1.8302818455567966,1.9490900814006407,4159.0,GS,results/jerky_long_non_c_20260822/20260823T012450Z-364b2906f9/GS-T900-s5101
384.00000000004883,9600,89,1.8209016455110094,1.8259986388730203,1.9465255803786723,4160.0,GS,results/jerky_long_non_c_20260822/20260823T012450Z-364b2906f9/GS-T900-s5101
386.00000000004985,9650,89,1.820912668009158,1.82890000999369,1.9479328752312672,4158.0,GS,results/jerky_long_non_c_20260822/20260823T012450Z-364b2906f9/GS-T900-s5101
388.0000000000509,9700,89,1.8168603862413415,1.8270337854936964,1.9495175620514937,4152.0,GS,results/jerky_long_non_c_20260822/20260823T012450Z-364b2906f9/GS-T900-s5101
390.0000000000519,9750,88,1.8261023702526145,1.8327495752553122,1.96346607607613,4156.0,GS,results/jerky_long_non_c_20260822/20260823T012450Z-364b2906f9/GS-T900-s5101
392.0000000000529,9800,88,1.8279178110057266,1.831143376001319,1.9728724368320714,4157.0,GS,results/jerky_long_non_c_20260822/20260823T012450Z-364b2906f9/GS-T900-s5101
394.00000000005394,9850,88,1.8202049656199124,1.8241505857823879,1.9519926967436494,4146.0,GS,results/jerky_long_non_c_20260822/20260823T012450Z-364b2906f9/GS-T900-s5101
396.00000000005497,9900,88,1.8212981803570492,1.8281402422149085,1.9533948460462263,4141.0,GS,results/jerky_long_non_c_20260822/20260823T012450Z-364b2906f9/GS-T900-s5101
398.000000000056,9950,87,1.8249374874713191,1.8259986388730203,1.982712833946696,4139.0,GS,results/jerky_long_non_c_20260822/20260823T012450Z-364b2906f9/GS-T900-s5101
400.000000000057,10000,87,1.8243947634499877,1.8302818455567966,1.9691717818710286,4134.0,GS,results/jerky_long_non_c_20260822/20260823T012450Z-364b2906f9/GS-T900-s5101
0.0,0,190,1.7920895484123613,1.7854416702856883,1.956505991785691,6086.0,GT,results/jerky_long_non_c_20260822/20260823T012450Z-364b2906f9/GT-T900-s5101
0.8000000000000002,20,188,1.79730972917402,1.7914184292204034,1.9706337458055954,6054.0,GT,results/jerky_long_non_c_20260822/20260823T012450Z-364b2906f9/GT-T900-s5101
1.6000000000000008,40,187,1.802316678479885,1.7862438273226313,1.9631840975567896,6034.0,GT,results/jerky_long_non_c_20260822/20260823T012450Z-364b2906f9/GT-T900-s5101
2.4000000000000012,60,183,1.7995083132252097,1.7810634093983202,1.9692231241147513,6016.0,GT,results/jerky_long_non_c_20260822/20260823T012450Z-364b2906f9/GT-T900-s5101
3.200000000000002,80,182,1.7967994061292931,1.7951582849449914,1.9614625314419816,5992.0,GT,results/jerky_long_non_c_20260822/20260823T012450Z-364b2906f9/GT-T900-s5101
4.000000000000003,100,180,1.7964871621153147,1.794051452007422,1.9668785725834275,5960.0,GT,results/jerky_long_non_c_20260822/20260823T012450Z-364b2906f9/GT-T900-s5101
4.800000000000003,120,178,1.794609237933906,1.7922426853993718,1.960886884041538,5945.0,GT,results/jerky_long_non_c_20260822/20260823T012450Z-364b2906f9/GT-T900-s5101
5.600000000000004,140,178,1.7957671804192499,1.7843895949759294,1.9529952558523642,5916.0,GT,results/jerky_long_non_c_20260822/20260823T012450Z-364b2906f9/GT-T900-s5101
6.400000000000005,160,177,1.7964027322683627,1.7862438273226313,1.9631429927550421,5888.0,GT,results/jerky_long_non_c_20260822/20260823T012450Z-364b2906f9/GT-T900-s5101
7.2000000000000055,180,177,1.7919523471491372,1.7776146300891886,1.9685207124769775,5856.0,GT,results/jerky_long_non_c_20260822/20260823T012450Z-364b2906f9/GT-T900-s5101
8.000000000000005,200,176,1.796838605814053,1.781781495437766,1.9650629603387197,5849.0,GT,results/jerky_long_non_c_20260822/20260823T012450Z-364b2906f9/GT-T900-s5101
8.799999999999988,220,176,1.7957445682511233,1.7782190134947138,1.9854056596960827,5836.0,GT,results/jerky_long_non_c_20260822/20260823T012450Z-364b2906f9/GT-T900-s5101
9.599999999999971,240,176,1.7979367900449115,1.776894427937363,1.9906605439779321,5815.0,GT,results/jerky_long_non_c_20260822/20260823T012450Z-364b2906f9/GT-T900-s5101
10.399999999999954,260,175,1.7927387768820024,1.7800630528336256,1.948653980990164,5791.0,GT,results/jerky_long_non_c_20260822/20260823T012450Z-364b2906f9/GT-T900-s5101
11.199999999999937,280,175,1.7801856366051583,1.773440794452548,1.94799362966781,5763.0,GT,results/jerky_long_non_c_20260822/20260823T012450Z-364b2906f9/GT-T900-s5101
11.99999999999992,300,175,1.7858310222278904,1.7825353626292277,1.9503789995799126,5749.0,GT,results/jerky_long_non_c_20260822/20260823T012450Z-364b2906f9/GT-T900-s5101
12.799999999999903,320,174,1.7923595930575111,1.7901413801734263,1.9635237755728956,5742.0,GT,results/jerky_long_non_c_20260822/20260823T012450Z-364b2906f9/GT-T900-s5101
13.599999999999886,340,172,1.7867075235376642,1.783596395583174,1.9643025608188376,5720.0,GT,results/jerky_long_non_c_20260822/20260823T012450Z-364b2906f9/GT-T900-s5101
14.399999999999869,360,170,1.78573133194867,1.7795404571521012,1.9505247538334276,5706.0,GT,results/jerky_long_non_c_20260822/20260823T012450Z-364b2906f9/GT-T900-s5101
15.199999999999852,380,170,1.7920809339339276,1.7864809765508975,1.9654538931886827,5691.0,GT,results/jerky_long_non_c_20260822/20260823T012450Z-364b2906f9/GT-T900-s5101
15.999999999999835,400,170,1.7917053978899327,1.7848718826822687,1.9800378116097253,5687.0,GT,results/jerky_long_non_c_20260822/20260823T012450Z-364b2906f9/GT-T900-s5101
16.79999999999982,420,167,1.7898297107294046,1.7855332950752802,1.9709582199785678,5673.0,GT,results/jerky_long_non_c_20260822/20260823T012450Z-364b2906f9/GT-T900-s5101
17.599999999999802,440,164,1.7907428371757534,1.789654728822803,1.9683231458410022,5656.0,GT,results/jerky_long_non_c_20260822/20260823T012450Z-364b2906f9/GT-T900-s5101
18.399999999999785,460,164,1.793659303908707,1.7897070101408916,1.9664100544820813,5633.0,GT,results/jerky_long_non_c_20260822/20260823T012450Z-364b2906f9/GT-T900-s5101
19.19999999999977,480,164,1.791197954901328,1.788578130336364,1.9814146312998089,5610.0,GT,results/jerky_long_non_c_20260822/20260823T012450Z-364b2906f9/GT-T900-s5101
19.99999999999975,500,163,1.7885772730955196,1.7862438273226313,1.9504980639879441,5587.0,GT,results/jerky_long_non_c_20260822/20260823T012450Z-364b2906f9/GT-T900-s5101
20.799999999999734,520,161,1.7907353387875322,1.7922853951790017,1.9572671724918191,5574.0,GT,results/jerky_long_non_c_20260822/20260823T012450Z-364b2906f9/GT-T900-s5101
21.599999999999717,540,161,1.7876170300670975,1.781143844001102,1.95015170775892,5559.0,GT,results/jerky_long_non_c_20260822/20260823T012450Z-364b2906f9/GT-T900-s5101
22.3999999999997,560,161,1.7893247992079164,1.7931456921686877,1.9398450310186084,5547.0,GT,results/jerky_long_non_c_20260822/20260823T012450Z-364b2906f9/GT-T900-s5101
23.199999999999683,580,160,1.788425882155498,1.7862438273226313,1.9572624075639793,5527.0,GT,results/jerky_long_non_c_20260822/20260823T012450Z-364b2906f9/GT-T900-s5101
23.999999999999666,600,160,1.7922235836950606,1.7918473264997212,1.9519249674002686,5512.0,GT,results/jerky_long_non_c_20260822/20260823T012450Z-364b2906f9/GT-T900-s5101
24.79999999999965,620,159,1.7806214797447413,1.7914184292204034,1.9269732633287815,5486.0,GT,results/jerky_long_non_c_20260822/20260823T012450Z-364b2906f9/GT-T900-s5101
25.599999999999632,640,157,1.7847890810203906,1.7862438273226313,1.9462591069266002,5476.0,GT,results/jerky_long_non_c_20260822/20260823T012450Z-364b2906f9/GT-T900-s5101
26.399999999999615,660,156,1.792751248453491,1.7918519121997025,1.956585576036134,5471.0,GT,results/jerky_long_non_c_20260822/20260823T012450Z-364b2906f9/GT-T900-s5101
27.199999999999598,680,154,1.791102598932421,1.7862348696784442,1.9585738265178128,5446.0,GT,results/jerky_long_non_c_20260822/20260823T012450Z-364b2906f9/GT-T900-s5101
27.99999999999958,700,153,1.7885000189492413,1.7888643311264494,1.9496480528757179,5422.0,GT,results/jerky_long_non_c_20260822/20260823T012450Z-364b2906f9/GT-T900-s5101
28.799999999999564,720,153,1.7994697015909762,1.797514651390818,1.986806809722746,5418.0,GT,results/jerky_long_non_c_20260822/20260823T012450Z-364b2906f9/GT-T900-s5101
29.599999999999547,740,153,1.80383128355635,1.79664122347469,1.9919604260565147,5410.0,GT,results/jerky_long_non_c_20260822/20260823T012450Z-364b2906f9/GT-T900-s5101
30.39999999999953,760,151,1.7976551303392692,1.7914184292204034,1.9644267261628223,5381.0,GT,results/jerky_long_non_c_20260822/20260823T012450Z-364b2906f9/GT-T900-s5101
31.199999999999513,780,150,1.8068117535719126,1.792579799533663,1.987495874708547,5374.0,GT,results/jerky_long_non_c_20260822/20260823T012450Z-364b2906f9/GT-T900-s5101
31.999999999999496,800,150,1.8161817742276405,1.8078649605767454,2.017542874343644,5372.0,GT,results/jerky_long_non_c_20260822/20260823T012450Z-364b2906f9/GT-T900-s5101
33.99999999999945,850,149,1.819407204681723,1.8230475299617102,1.9975432628614047,5345.0,GT,results/jerky_long_non_c_20260822/20260823T012450Z-364b2906f9/GT-T900-s5101
35.99999999999941,900,147,1.8182443369873778,1.796634995171597,2.000473862644875,5313.0,GT,results/jerky_long_non_c_20260822/20260823T012450Z-364b2906f9/GT-T900-s5101
37.99999999999937,950,143,1.8235481457879785,1.810034323210786,2.0213247636917075,5276.0,GT,results/jerky_long_non_c_20260822/20260823T012450Z-364b2906f9/GT-T900-s5101
39.999999999999325,1000,141,1.8337606481040096,1.823650389594634,2.041516285733736,5257.0,GT,results/jerky_long_non_c_20260822/20260823T012450Z-364b2906f9/GT-T900-s5101
41.99999999999928,1050,141,1.8214090179232136,1.8124406330749647,1.992896678715907,5199.0,GT,results/jerky_long_non_c_20260822/20260823T012450Z-364b2906f9/GT-T900-s5101
43.99999999999924,1100,137,1.8333787569894149,1.831595968940124,2.0224522637408158,5172.0,GT,results/jerky_long_non_c_20260822/20260823T012450Z-364b2906f9/GT-T900-s5101
45.9999999999992,1150,135,1.83352794050118,1.8452747025147285,2.027006705814791,5119.0,GT,results/jerky_long_non_c_20260822/20260823T012450Z-364b2906f9/GT-T900-s5101
47.999999999999154,1200,133,1.8446581544239329,1.8254330390468283,2.0430849639506516,5063.0,GT,results/jerky_long_non_c_20260822/20260823T012450Z-364b2906f9/GT-T900-s5101
49.99999999999911,1250,129,1.8430803127838689,1.8398311421423101,2.021274891373943,5020.0,GT,results/jerky_long_non_c_20260822/20260823T012450Z-364b2906f9/GT-T900-s5101
51.99999999999907,1300,125,1.8479374267154698,1.8473811369633637,2.0316527026383584,4967.0,GT,results/jerky_long_non_c_20260822/20260823T012450Z-364b2906f9/GT-T900-s5101
53.99999999999903,1350,124,1.8448570730451224,1.8362005519285427,2.017296029110729,4912.0,GT,results/jerky_long_non_c_20260822/20260823T012450Z-364b2906f9/GT-T900-s5101
55.999999999998984,1400,122,1.860568392966818,1.8451373192100742,2.0836385503799795,4884.0,GT,results/jerky_long_non_c_20260822/20260823T012450Z-364b2906f9/GT-T900-s5101
57.99999999999894,1450,116,1.8556393209973803,1.8264035440975666,2.0681599262808152,4833.0,GT,results/jerky_long_non_c_20260822/20260823T012450Z-364b2906f9/GT-T900-s5101
59.9999999999989,1500,113,1.8603981985338187,1.8311759744505711,2.0678353346902547,4799.0,GT,results/jerky_long_non_c_20260822/20260823T012450Z-364b2906f9/GT-T900-s5101
61.999999999998856,1550,110,1.876261630875664,1.851115357898487,2.0734936079536324,4780.0,GT,results/jerky_long_non_c_20260822/20260823T012450Z-364b2906f9/GT-T900-s5101
63.99999999999881,1600,110,1.8665258671963942,1.8544461227054407,2.0765742064699566,4716.0,GT,results/jerky_long_non_c_20260822/20260823T012450Z-364b2906f9/GT-T900-s5101
65.99999999999912,1650,109,1.8682090344896212,1.857912912065806,2.1011116447585185,4660.0,GT,results/jerky_long_non_c_20260822/20260823T012450Z-364b2906f9/GT-T900-s5101
67.99999999999943,1700,108,1.8566895170261237,1.8367861753117434,2.0596690868915988,4630.0,GT,results/jerky_long_non_c_20260822/20260823T012450Z-364b2906f9/GT-T900-s5101
69.99999999999974,1750,106,1.84730652488009,1.8233783742011405,2.050241518173846,4592.0,GT,results/jerky_long_non_c_20260822/20260823T012450Z-364b2906f9/GT-T900-s5101
72.00000000000006,1800,106,1.850846127242426,1.8445508248056304,2.0545566367883916,4572.0,GT,results/jerky_long_non_c_20260822/20260823T012450Z-364b2906f9/GT-T900-s5101
74.00000000000037,1850,106,1.852768815668509,1.848714915165907,2.030653980254575,4557.0,GT,results/jerky_long_non_c_20260822/20260823T012450Z-364b2906f9/GT-T900-s5101
76.00000000000068,1900,106,1.848007600108823,1.837437740386624,2.0457832228871906,4527.0,GT,results/jerky_long_non_c_20260822/20260823T012450Z-364b2906f9/GT-T900-s5101
78.000000000001,1950,106,1.84128048984209,1.8394458174536767,2.024861598562694,4504.0,GT,results/jerky_long_non_c_20260822/20260823T012450Z-364b2906f9/GT-T900-s5101
80.00000000000131,2000,106,1.8402885654890722,1.8352372192428077,2.0366957233634935,4489.0,GT,results/jerky_long_non_c_20260822/20260823T012450Z-364b2906f9/GT-T900-s5101
82.00000000000162,2050,105,1.842313961209431,1.8278104955087857,2.019755119779416,4472.0,GT,results/jerky_long_non_c_20260822/20260823T012450Z-364b2906f9/GT-T900-s5101
84.00000000000193,2100,104,1.8427174868572371,1.8361589382311312,2.0342816712532246,4450.0,GT,results/jerky_long_non_c_20260822/20260823T012450Z-364b2906f9/GT-T900-s5101
86.00000000000225,2150,104,1.8295387181640876,1.8246951999055632,1.992384102409653,4428.0,GT,results/jerky_long_non_c_20260822/20260823T012450Z-364b2906f9/GT-T900-s5101
88.00000000000256,2200,101,1.815288153690228,1.8247063539198194,1.978545174170763,4402.0,GT,results/jerky_long_non_c_20260822/20260823T012450Z-364b2906f9/GT-T900-s5101
90.00000000000287,2250,100,1.8122707871177173,1.8242185417879653,1.9653022432392588,4360.0,GT,results/jerky_long_non_c_20260822/20260823T012450Z-364b2906f9/GT-T900-s5101
92.00000000000318,2300,100,1.8164863387830121,1.8114542984334532,1.982540074448043,4338.0,GT,results/jerky_long_non_c_20260822/20260823T012450Z-364b2906f9/GT-T900-s5101
94.0000000000035,2350,100,1.8197947842252054,1.8306963115544317,1.9815060321571425,4324.0,GT,results/jerky_long_non_c_20260822/20260823T012450Z-364b2906f9/GT-T900-s5101
96.00000000000381,2400,99,1.8353227066318256,1.8405925478501253,1.9844519105692675,4312.0,GT,results/jerky_long_non_c_20260822/20260823T012450Z-364b2906f9/GT-T900-s5101
98.00000000000412,2450,97,1.835254123785427,1.827188728288226,1.9991763166064374,4296.0,GT,results/jerky_long_non_c_20260822/20260823T012450Z-364b2906f9/GT-T900-s5101
100.00000000000443,2500,96,1.829767630203234,1.8219748788725414,1.9975854101274186,4270.0,GT,results/jerky_long_non_c_20260822/20260823T012450Z-364b2906f9/GT-T900-s5101
102.00000000000475,2550,95,1.8351328054068945,1.8344978705393633,2.025616367447137,4249.0,GT,results/jerky_long_non_c_20260822/20260823T012450Z-364b2906f9/GT-T900-s5101
104.00000000000506,2600,94,1.828559277184395,1.8294812498945825,1.9886474355444097,4214.0,GT,results/jerky_long_non_c_20260822/20260823T012450Z-364b2906f9/GT-T900-s5101
106.00000000000537,2650,94,1.8265250865138014,1.813391837613132,2.0051249187534643,4191.0,GT,results/jerky_long_non_c_20260822/20260823T012450Z-364b2906f9/GT-T900-s5101
108.00000000000568,2700,92,1.8250503715336108,1.8173779418836187,1.9569995162032907,4180.0,GT,results/jerky_long_non_c_20260822/20260823T012450Z-364b2906f9/GT-T900-s5101
110.000000000006,2750,91,1.8240404361385687,1.8149058595292742,2.000296354116931,4155.0,GT,results/jerky_long_non_c_20260822/20260823T012450Z-364b2906f9/GT-T900-s5101
112.00000000000631,2800,91,1.8231599798636065,1.8069821354194693,2.00928645009049,4137.0,GT,results/jerky_long_non_c_20260822/20260823T012450Z-364b2906f9/GT-T900-s5101
114.00000000000662,2850,89,1.8352434983748678,1.8317113809737893,2.010327250750242,4100.0,GT,results/jerky_long_non_c_20260822/20260823T012450Z-364b2906f9/GT-T900-s5101
116.00000000000693,2900,87,1.8404028282864382,1.8357516939335687,1.9938272698374335,4086.0,GT,results/jerky_long_non_c_20260822/20260823T012450Z-364b2906f9/GT-T900-s5101
118.00000000000725,2950,86,1.8423475776683849,1.858292225734055,1.9855037930686168,4065.0,GT,results/jerky_long_non_c_20260822/20260823T012450Z-364b2906f9/GT-T900-s5101
120.00000000000756,3000,86,1.854491039163425,1.844413441500976,2.02239920473977,4054.0,GT,results/jerky_long_non_c_20260822/20260823T012450Z-364b2906f9/GT-T900-s5101
122.00000000000787,3050,85,1.8368649615590353,1.8375401555651332,2.007820803450323,4023.0,GT,results/jerky_long_non_c_20260822/20260823T012450Z-364b2906f9/GT-T900-s5101
124.00000000000819,3100,84,1.8446157546387714,1.8447624739535942,2.0162086011588047,4010.0,GT,results/jerky_long_non_c_20260822/20260823T012450Z-364b2906f9/GT-T900-s5101
126.0000000000085,3150,83,1.8517663026975173,1.8416500557776458,2.040630210183331,3995.0,GT,results/jerky_long_non_c_20260822/20260823T012450Z-364b2906f9/GT-T900-s5101
128.0000000000088,3200,83,1.8465227263571724,1.846727856342959,2.0234214794786354,3978.0,GT,results/jerky_long_non_c_20260822/20260823T012450Z-364b2906f9/GT-T900-s5101
130.0000000000084,3250,82,1.855766564837935,1.8580569647023557,2.0452719460452764,3966.0,GT,results/jerky_long_non_c_20260822/20260823T012450Z-364b2906f9/GT-T900-s5101
132.00000000000801,3300,81,1.8465206063855526,1.8230475299617102,2.0371832715762603,3938.0,GT,results/jerky_long_non_c_20260822/20260823T012450Z-364b2906f9/GT-T900-s5101
134.00000000000762,3350,81,1.8508001255047464,1.8293671619758085,2.096395755780342,3925.0,GT,results/jerky_long_non_c_20260822/20260823T012450Z-364b2906f9/GT-T900-s5101
136.00000000000722,3400,80,1.8441267334196805,1.826389831623193,1.9906412044342523,3904.0,GT,results/jerky_long_non_c_20260822/20260823T012450Z-364b2906f9/GT-T900-s5101
138.00000000000682,3450,80,1.8428388791130548,1.8365055164657629,1.9950315414995283,3883.0,GT,results/jerky_long_non_c_20260822/20260823T012450Z-364b2906f9/GT-T900-s5101
140.00000000000642,3500,79,1.850607616713666,1.849807397462836,2.0040480231806055,3873.0,GT,results/jerky_long_non_c_20260822/20260823T012450Z-364b2906f9/GT-T900-s5101
142.00000000000603,3550,78,1.8499469454801993,1.8449082344079208,2.017183889431135,3848.0,GT,results/jerky_long_non_c_20260822/20260823T012450Z-364b2906f9/GT-T900-s5101
144.00000000000563,3600,77,1.8451659906641322,1.839350867193654,2.0098961491064116,3829.0,GT,results/jerky_long_non_c_20260822/20260823T012450Z-364b2906f9/GT-T900-s5101
146.00000000000523,3650,77,1.8410598255742554,1.8276165713901857,2.0103406544196187,3809.0,GT,results/jerky_long_non_c_20260822/20260823T012450Z-364b2906f9/GT-T900-s5101
148.00000000000483,3700,76,1.8523659886120967,1.8494677405475084,2.0316166057668896,3794.0,GT,results/jerky_long_non_c_20260822/20260823T012450Z-364b2906f9/GT-T900-s5101
150.00000000000443,3750,74,1.8518603462490497,1.8400562557594793,2.0355079563858194,3775.0,GT,results/jerky_long_non_c_20260822/20260823T012450Z-364b2906f9/GT-T900-s5101
152.00000000000404,3800,74,1.8406850196718627,1.8338191551622316,2.0036362839275355,3746.0,GT,results/jerky_long_non_c_20260822/20260823T012450Z-364b2906f9/GT-T900-s5101
154.00000000000364,3850,74,1.8511624383716658,1.8460612816369042,2.025715374444128,3727.0,GT,results/jerky_long_non_c_20260822/20260823T012450Z-364b2906f9/GT-T900-s5101
156.00000000000324,3900,73,1.838018071445026,1.840979145010514,1.9897389198939979,3704.0,GT,results/jerky_long_non_c_20260822/20260823T012450Z-364b2906f9/GT-T900-s5101
158.00000000000284,3950,73,1.8357853354253424,1.8364031895218693,1.986891819696751,3687.0,GT,results/jerky_long_non_c_20260822/20260823T012450Z-364b2906f9/GT-T900-s5101
160.00000000000244,4000,72,1.832574985097884,1.839293900788305,2.0033104631589955,3665.0,GT,results/jerky_long_non_c_20260822/20260823T012450Z-364b2906f9/GT-T900-s5101
162.00000000000205,4050,71,1.8237195983921686,1.8265592384132912,1.98166659782434,3648.0,GT,results/jerky_long_non_c_20260822/20260823T012450Z-364b2906f9/GT-T900-s5101
164.00000000000165,4100,70,1.8349850646942534,1.8347422510858304,2.0063553603303093,3631.0,GT,results/jerky_long_non_c_20260822/20260823T012450Z-364b2906f9/GT-T900-s5101
166.00000000000125,4150,69,1.8441493193473497,1.8386760936101665,2.0063021058504127,3621.0,GT,results/jerky_long_non_c_20260822/20260823T012450Z-364b2906f9/GT-T900-s5101
168.00000000000085,4200,68,1.8323246640857875,1.8362943656291568,2.004029097833815,3598.0,GT,results/jerky_long_non_c_20260822/20260823T012450Z-364b2906f9/GT-T900-s5101
169.8400000000005,4246,67,1.8226651813753023,1.827409622592293,2.0404225853331925,3578.0,GT,results/jerky_long_non_c_20260822/20260823T012450Z-364b2906f9/GT-T900-s5101
0.0,0,190,1.7920895484123613,1.7854416702856883,1.956505991785691,6086.0,GTS,results/jerky_long_non_c_20260822/20260823T012450Z-364b2906f9/GTS-T900-s5101
0.8000000000000002,20,189,1.7972068473512288,1.791339678630056,1.970338336316515,6054.0,GTS,results/jerky_long_non_c_20260822/20260823T012450Z-364b2906f9/GTS-T900-s5101
1.6000000000000008,40,187,1.7992297247345017,1.784983900215257,1.9664617650107103,6036.0,GTS,results/jerky_long_non_c_20260822/20260823T012450Z-364b2906f9/GTS-T900-s5101
2.4000000000000012,60,186,1.7989181074520242,1.7810244300697697,1.9643141332135157,6023.0,GTS,results/jerky_long_non_c_20260822/20260823T012450Z-364b2906f9/GTS-T900-s5101
3.200000000000002,80,182,1.7978503372279202,1.7904931097838226,1.970505907138127,5996.0,GTS,results/jerky_long_non_c_20260822/20260823T012450Z-364b2906f9/GTS-T900-s5101
4.000000000000003,100,182,1.7952366613232706,1.7918064299132483,1.9452894618036223,5972.0,GTS,results/jerky_long_non_c_20260822/20260823T012450Z-364b2906f9/GTS-T900-s5101
4.800000000000003,120,178,1.7872299504795508,1.7850953618062,1.9490796423646752,5944.0,GTS,results/jerky_long_non_c_20260822/20260823T012450Z-364b2906f9/GTS-T900-s5101
5.600000000000004,140,178,1.7919698482154607,1.787228027082027,1.9446406544149404,5933.0,GTS,results/jerky_long_non_c_20260822/20260823T012450Z-364b2906f9/GTS-T900-s5101
6.400000000000005,160,178,1.7907373721747402,1.777254529013276,1.95228634717879,5910.0,GTS,results/jerky_long_non_c_20260822/20260823T012450Z-364b2906f9/GTS-T900-s5101
7.2000000000000055,180,177,1.7958116000296018,1.7793720345677742,1.965947053071876,5893.0,GTS,results/jerky_long_non_c_20260822/20260823T012450Z-364b2906f9/GTS-T900-s5101
8.000000000000005,200,177,1.7935366460082292,1.7783263062829957,1.9675868402765382,5869.0,GTS,results/jerky_long_non_c_20260822/20260823T012450Z-364b2906f9/GTS-T900-s5101
8.799999999999988,220,177,1.7966974539881542,1.7862259120342572,1.9630799534440124,5851.0,GTS,results/jerky_long_non_c_20260822/20260823T012450Z-364b2906f9/GTS-T900-s5101
9.599999999999971,240,176,1.7916394694575628,1.7694808368824377,1.982544608776906,5834.0,GTS,results/jerky_long_non_c_20260822/20260823T012450Z-364b2906f9/GTS-T900-s5101
10.399999999999954,260,176,1.7869733905267176,1.7694808368824377,1.959551416625379,5813.0,GTS,results/jerky_long_non_c_20260822/20260823T012450Z-364b2906f9/GTS-T900-s5101
11.199999999999937,280,176,1.7806388523667325,1.7591028323453741,1.9492420453678303,5795.0,GTS,results/jerky_long_non_c_20260822/20260823T012450Z-364b2906f9/GTS-T900-s5101
11.99999999999992,300,175,1.7796742365055838,1.7543571104096791,1.9469535560965097,5783.0,GTS,results/jerky_long_non_c_20260822/20260823T012450Z-364b2906f9/GTS-T900-s5101
12.799999999999903,320,175,1.780096241388954,1.7522201353736286,1.9383316990452684,5776.0,GTS,results/jerky_long_non_c_20260822/20260823T012450Z-364b2906f9/GTS-T900-s5101
13.599999999999886,340,175,1.7731395162182357,1.7515693465276527,1.9257757546268628,5761.0,GTS,results/jerky_long_non_c_20260822/20260823T012450Z-364b2906f9/GTS-T900-s5101
14.399999999999869,360,175,1.766820998213434,1.7494104313840855,1.9308443418648171,5739.0,GTS,results/jerky_long_non_c_20260822/20260823T012450Z-364b2906f9/GTS-T900-s5101
15.199999999999852,380,175,1.7706054786550836,1.7605430432201659,1.9366682013310346,5731.0,GTS,results/jerky_long_non_c_20260822/20260823T012450Z-364b2906f9/GTS-T900-s5101
15.999999999999835,400,174,1.7785604017399854,1.771407456039063,1.9312545975925792,5728.0,GTS,results/jerky_long_non_c_20260822/20260823T012450Z-364b2906f9/GTS-T900-s5101
16.79999999999982,420,174,1.7924751185950136,1.7714355852266013,1.9345112756692615,5734.0,GTS,results/jerky_long_non_c_20260822/20260823T012450Z-364b2906f9/GTS-T900-s5101
17.599999999999802,440,172,1.7807321995504457,1.776647495290028,1.9246571765914342,5718.0,GTS,results/jerky_long_non_c_20260822/20260823T012450Z-364b2906f9/GTS-T900-s5101
18.399999999999785,460,171,1.7814454827012227,1.7728385051693243,1.9238729598907096,5708.0,GTS,results/jerky_long_non_c_20260822/20260823T012450Z-364b2906f9/GTS-T900-s5101
19.19999999999977,480,170,1.7823334273335705,1.779803900554687,1.9199954752211246,5698.0,GTS,results/jerky_long_non_c_20260822/20260823T012450Z-364b2906f9/GTS-T900-s5101
19.99999999999975,500,168,1.7828773800842312,1.7746889497119724,1.9218739549636028,5691.0,GTS,results/jerky_long_non_c_20260822/20260823T012450Z-364b2906f9/GTS-T900-s5101
20.799999999999734,520,168,1.7793421869353598,1.777484101936782,1.9217189273783015,5674.0,GTS,results/jerky_long_non_c_20260822/20260823T012450Z-364b2906f9/GTS-T900-s5101
21.599999999999717,540,167,1.7724478727393884,1.7713580689159039,1.9081641756970316,5657.0,GTS,results/jerky_long_non_c_20260822/20260823T012450Z-364b2906f9/GTS-T900-s5101
22.3999999999997,560,167,1.7713772490014335,1.7690684059060673,1.9234835669777444,5651.0,GTS,results/jerky_long_non_c_20260822/20260823T012450Z-364b2906f9/GTS-T900-s5101
23.199999999999683,580,165,1.7746197577285554,1.7724834714865818,1.9266657571616315,5637.0,GTS,results/jerky_long_non_c_20260822/20260823T012450Z-364b2906f9/GTS-T900-s5101
23.999999999999666,600,165,1.7702553751850862,1.7629470619409944,1.9244726966189698,5621.0,GTS,results/jerky_long_non_c_20260822/20260823T012450Z-364b2906f9/GTS-T900-s5101
24.79999999999965,620,164,1.7687997066738905,1.777254529013276,1.9232436965017747,5608.0,GTS,results/jerky_long_non_c_20260822/20260823T012450Z-364b2906f9/GTS-T900-s5101
25.599999999999632,640,164,1.7708385022187625,1.7713482693889429,1.917800369682889,5596.0,GTS,results/jerky_long_non_c_20260822/20260823T012450Z-364b2906f9/GTS-T900-s5101
26.399999999999615,660,164,1.7724085542414785,1.769790882125121,1.928088470450579,5589.0,GTS,results/jerky_long_non_c_20260822/20260823T012450Z-364b2906f9/GTS-T900-s5101
27.199999999999598,680,164,1.7684790631396756,1.7681861550615776,1.912859430334824,5574.0,GTS,results/jerky_long_non_c_20260822/20260823T012450Z-364b2906f9/GTS-T900-s5101
27.99999999999958,700,163,1.7644003206483323,1.754349143699976,1.9315582951519579,5564.0,GTS,results/jerky_long_non_c_20260822/20260823T012450Z-364b2906f9/GTS-T900-s5101
28.799999999999564,720,163,1.768796564397965,1.7690684059060673,1.9196140939781408,5558.0,GTS,results/jerky_long_non_c_20260822/20260823T012450Z-364b2906f9/GTS-T900-s5101
29.599999999999547,740,163,1.770285995258905,1.7678312838973782,1.9212275273235937,5551.0,GTS,results/jerky_long_non_c_20260822/20260823T012450Z-364b2906f9/GTS-T900-s5101
30.39999999999953,760,163,1.7693180449260173,1.7642357659336416,1.9291254417928156,5541.0,GTS,results/jerky_long_non_c_20260822/20260823T012450Z-364b2906f9/GTS-T900-s5101
31.199999999999513,780,163,1.766250381869202,1.7629470619409944,1.928793833012852,5532.0,GTS,results/jerky_long_non_c_20260822/20260823T012450Z-364b2906f9/GTS-T900-s5101
31.999999999999496,800,162,1.7627534190941745,1.7566919245778454,1.901201418567547,5520.0,GTS,results/jerky_long_non_c_20260822/20260823T012450Z-364b2906f9/GTS-T900-s5101
33.99999999999945,850,161,1.7597860711032849,1.7528077433028122,1.9164907730649063,5497.0,GTS,results/jerky_long_non_c_20260822/20260823T012450Z-364b2906f9/GTS-T900-s5101
35.99999999999941,900,160,1.7753653917141914,1.7662094184810224,1.9168070425031019,5490.0,GTS,results/jerky_long_non_c_20260822/20260823T012450Z-364b2906f9/GTS-T900-s5101
37.99999999999937,950,158,1.7755577439408738,1.765565440284436,1.921184042366465,5467.0,GTS,results/jerky_long_non_c_20260822/20260823T012450Z-364b2906f9/GTS-T900-s5101
39.999999999999325,1000,158,1.7723447732735333,1.7676894728891843,1.9201256854098807,5452.0,GTS,results/jerky_long_non_c_20260822/20260823T012450Z-364b2906f9/GTS-T900-s5101
41.99999999999928,1050,157,1.7862054232659323,1.7784639571082723,1.955925395622955,5458.0,GTS,results/jerky_long_non_c_20260822/20260823T012450Z-364b2906f9/GTS-T900-s5101
43.99999999999924,1100,156,1.773792798992386,1.7783263062829957,1.9118886212269735,5433.0,GTS,results/jerky_long_non_c_20260822/20260823T012450Z-364b2906f9/GTS-T900-s5101
45.9999999999992,1150,156,1.7752497742226019,1.7783263062829957,1.9148905517512271,5421.0,GTS,results/jerky_long_non_c_20260822/20260823T012450Z-364b2906f9/GTS-T900-s5101
47.999999999999154,1200,156,1.7826350824333923,1.7910050116475684,1.9133476273716379,5406.0,GTS,results/jerky_long_non_c_20260822/20260823T012450Z-364b2906f9/GTS-T900-s5101
49.99999999999911,1250,153,1.781236666583116,1.7762828470077605,1.9523598599424261,5379.0,GTS,results/jerky_long_non_c_20260822/20260823T012450Z-364b2906f9/GTS-T900-s5101
51.99999999999907,1300,152,1.778168904094099,1.7688185551319828,1.9487556891629496,5366.0,GTS,results/jerky_long_non_c_20260822/20260823T012450Z-364b2906f9/GTS-T900-s5101
53.99999999999903,1350,152,1.778850269993939,1.7791435518281626,1.934809989586439,5344.0,GTS,results/jerky_long_non_c_20260822/20260823T012450Z-364b2906f9/GTS-T900-s5101
55.999999999998984,1400,150,1.7912050468436405,1.7811036266997111,1.965391442184161,5341.0,GTS,results/jerky_long_non_c_20260822/20260823T012450Z-364b2906f9/GTS-T900-s5101
57.99999999999894,1450,149,1.7816431921397335,1.7783263062829957,1.9501085319319642,5325.0,GTS,results/jerky_long_non_c_20260822/20260823T012450Z-364b2906f9/GTS-T900-s5101
59.9999999999989,1500,149,1.7817347768975575,1.7776146300891886,1.9719746543394403,5307.0,GTS,results/jerky_long_non_c_20260822/20260823T012450Z-364b2906f9/GTS-T900-s5101
61.999999999998856,1550,149,1.7832118005849285,1.7776146300891886,1.9521884753288763,5295.0,GTS,results/jerky_long_non_c_20260822/20260823T012450Z-364b2906f9/GTS-T900-s5101
63.99999999999881,1600,148,1.7865628008399361,1.7861444524168135,1.9655960032945623,5287.0,GTS,results/jerky_long_non_c_20260822/20260823T012450Z-364b2906f9/GTS-T900-s5101
65.99999999999912,1650,147,1.7885759587583314,1.7825353626292277,1.9612356496096015,5278.0,GTS,results/jerky_long_non_c_20260822/20260823T012450Z-364b2906f9/GTS-T900-s5101
67.99999999999943,1700,146,1.7865331051226374,1.7791946795583107,1.9514808390527767,5264.0,GTS,results/jerky_long_non_c_20260822/20260823T012450Z-364b2906f9/GTS-T900-s5101
69.99999999999974,1750,146,1.7832690619294205,1.7714637144141396,1.9624613745653194,5253.0,GTS,results/jerky_long_non_c_20260822/20260823T012450Z-364b2906f9/GTS-T900-s5101
72.00000000000006,1800,145,1.7871621792832708,1.7762828470077605,1.9492120485778361,5247.0,GTS,results/jerky_long_non_c_20260822/20260823T012450Z-364b2906f9/GTS-T900-s5101
74.00000000000037,1850,144,1.7923174616477087,1.7852780813087241,1.9799977048609858,5236.0,GTS,results/jerky_long_non_c_20260822/20260823T012450Z-364b2906f9/GTS-T900-s5101
76.00000000000068,1900,142,1.7945376948125857,1.7776103671101793,1.982366489925397,5226.0,GTS,results/jerky_long_non_c_20260822/20260823T012450Z-364b2906f9/GTS-T900-s5101
78.000000000001,1950,142,1.7920144311492803,1.7847112732196484,1.9811744248512853,5209.0,GTS,results/jerky_long_non_c_20260822/20260823T012450Z-364b2906f9/GTS-T900-s5101
80.00000000000131,2000,142,1.7965741026231095,1.7913892524814121,1.9613489882803878,5205.0,GTS,results/jerky_long_non_c_20260822/20260823T012450Z-364b2906f9/GTS-T900-s5101
82.00000000000162,2050,142,1.807593253256385,1.8006591058958998,1.9864644403600673,5199.0,GTS,results/jerky_long_non_c_20260822/20260823T012450Z-364b2906f9/GTS-T900-s5101
84.00000000000193,2100,142,1.8008793087615584,1.8094259938454924,1.9772266426007756,5189.0,GTS,results/jerky_long_non_c_20260822/20260823T012450Z-364b2906f9/GTS-T900-s5101
86.00000000000225,2150,141,1.8040347818324114,1.8025077476446814,1.9771815312237513,5170.0,GTS,results/jerky_long_non_c_20260822/20260823T012450Z-364b2906f9/GTS-T900-s5101
88.00000000000256,2200,139,1.8075429621408012,1.782535362629228,1.9799712102472329,5159.0,GTS,results/jerky_long_non_c_20260822/20260823T012450Z-364b2906f9/GTS-T900-s5101
90.00000000000287,2250,138,1.804674874603937,1.7882613640649612,1.9798137726519858,5144.0,GTS,results/jerky_long_non_c_20260822/20260823T012450Z-364b2906f9/GTS-T900-s5101
92.00000000000318,2300,137,1.8093149285409498,1.7932951334298066,1.990820744675578,5141.0,GTS,results/jerky_long_non_c_20260822/20260823T012450Z-364b2906f9/GTS-T900-s5101
94.0000000000035,2350,136,1.8138524889192529,1.7938350355469597,1.9846211776901046,5126.0,GTS,results/jerky_long_non_c_20260822/20260823T012450Z-364b2906f9/GTS-T900-s5101
96.00000000000381,2400,136,1.8170595266331302,1.8006438232612583,1.9831340715290984,5112.0,GTS,results/jerky_long_non_c_20260822/20260823T012450Z-364b2906f9/GTS-T900-s5101
98.00000000000412,2450,132,1.8150100360293833,1.8006438232612583,1.9900752903207242,5090.0,GTS,results/jerky_long_non_c_20260822/20260823T012450Z-364b2906f9/GTS-T900-s5101
100.00000000000443,2500,132,1.8208616106507054,1.8001617597704964,2.000731343975917,5062.0,GTS,results/jerky_long_non_c_20260822/20260823T012450Z-364b2906f9/GTS-T900-s5101
102.00000000000475,2550,132,1.8170413479974512,1.7938350355469597,2.023788184569236,5026.0,GTS,results/jerky_long_non_c_20260822/20260823T012450Z-364b2906f9/GTS-T900-s5101
104.00000000000506,2600,132,1.8178217437612345,1.8042292628721932,2.000425179316919,5021.0,GTS,results/jerky_long_non_c_20260822/20260823T012450Z-364b2906f9/GTS-T900-s5101
106.00000000000537,2650,132,1.8152459804895082,1.8010541926890844,2.0147643705602736,5013.0,GTS,results/jerky_long_non_c_20260822/20260823T012450Z-364b2906f9/GTS-T900-s5101
108.00000000000568,2700,131,1.808624372531286,1.7954805557720785,2.00061709456837,4995.0,GTS,results/jerky_long_non_c_20260822/20260823T012450Z-364b2906f9/GTS-T900-s5101
110.000000000006,2750,129,1.809344467102286,1.797514651390818,1.9755261579999097,4996.0,GTS,results/jerky_long_non_c_20260822/20260823T012450Z-364b2906f9/GTS-T900-s5101
112.00000000000631,2800,129,1.8118473763297125,1.797514651390818,1.997133329688302,4989.0,GTS,results/jerky_long_non_c_20260822/20260823T012450Z-364b2906f9/GTS-T900-s5101
114.00000000000662,2850,129,1.8153535343937088,1.797514651390818,1.9961010250354192,4979.0,GTS,results/jerky_long_non_c_20260822/20260823T012450Z-364b2906f9/GTS-T900-s5101
116.00000000000693,2900,128,1.8114933558143933,1.7959447945274656,1.956137226478154,4961.0,GTS,results/jerky_long_non_c_20260822/20260823T012450Z-364b2906f9/GTS-T900-s5101
118.00000000000725,2950,128,1.8126384223452965,1.7999410284354518,1.963436639536026,4955.0,GTS,results/jerky_long_non_c_20260822/20260823T012450Z-364b2906f9/GTS-T900-s5101
120.00000000000756,3000,127,1.811586492454365,1.797514651390818,1.9685434587974049,4940.0,GTS,results/jerky_long_non_c_20260822/20260823T012450Z-364b2906f9/GTS-T900-s5101
122.00000000000787,3050,127,1.8171416120960089,1.8009190352002702,1.9722319900634877,4936.0,GTS,results/jerky_long_non_c_20260822/20260823T012450Z-364b2906f9/GTS-T900-s5101
124.00000000000819,3100,126,1.8045090034597726,1.7994770036303276,1.9712952968410922,4910.0,GTS,results/jerky_long_non_c_20260822/20260823T012450Z-364b2906f9/GTS-T900-s5101
126.0000000000085,3150,126,1.803159633929131,1.7939909742542146,1.9700500960206533,4902.0,GTS,results/jerky_long_non_c_20260822/20260823T012450Z-364b2906f9/GTS-T900-s5101
128.0000000000088,3200,126,1.8021923837917915,1.7949708894276137,1.947118391850947,4894.0,GTS,results/jerky_long_non_c_20260822/20260823T012450Z-364b2906f9/GTS-T900-s5101
130.0000000000084,3250,126,1.7993191604410372,1.7978742248948947,1.9495734023395586,4884.0,GTS,results/jerky_long_non_c_20260822/20260823T012450Z-364b2906f9/GTS-T900-s5101
132.00000000000801,3300,125,1.8081858314777632,1.7955668411911145,1.956571973049545,4884.0,GTS,results/jerky_long_non_c_20260822/20260823T012450Z-364b2906f9/GTS-T900-s5101
134.00000000000762,3350,124,1.8107828328342221,1.8051050041170253,1.9629813508957878,4870.0,GTS,results/jerky_long_non_c_20260822/20260823T012450Z-364b2906f9/GTS-T900-s5101
136.00000000000722,3400,122,1.8167748478322634,1.7989196338671989,1.9560528094759222,4864.0,GTS,results/jerky_long_non_c_20260822/20260823T012450Z-364b2906f9/GTS-T900-s5101
138.00000000000682,3450,121,1.8163007076913256,1.794374937664113,1.9854292900816297,4841.0,GTS,results/jerky_long_non_c_20260822/20260823T012450Z-364b2906f9/GTS-T900-s5101
140.00000000000642,3500,121,1.8188905845444823,1.805747236367027,1.9854292900816297,4824.0,GTS,results/jerky_long_non_c_20260822/20260823T012450Z-364b2906f9/GTS-T900-s5101
142.00000000000603,3550,121,1.8159488117856701,1.8014393558698374,1.992896678715907,4813.0,GTS,results/jerky_long_non_c_20260822/20260823T012450Z-364b2906f9/GTS-T900-s5101
144.00000000000563,3600,121,1.8046247911788902,1.7955668411911145,1.9833154446836188,4793.0,GTS,results/jerky_long_non_c_20260822/20260823T012450Z-364b2906f9/GTS-T900-s5101
146.00000000000523,3650,121,1.808808202890915,1.8017226832946618,1.9496480528757179,4785.0,GTS,results/jerky_long_non_c_20260822/20260823T012450Z-364b2906f9/GTS-T900-s5101
148.00000000000483,3700,120,1.8139230542377183,1.8016221613722165,1.96702396857681,4780.0,GTS,results/jerky_long_non_c_20260822/20260823T012450Z-364b2906f9/GTS-T900-s5101
150.00000000000443,3750,120,1.811702425937353,1.8071515548851549,1.9730031044996292,4770.0,GTS,results/jerky_long_non_c_20260822/20260823T012450Z-364b2906f9/GTS-T900-s5101
152.00000000000404,3800,118,1.8053499232346295,1.7949208197097786,1.9647403319620185,4756.0,GTS,results/jerky_long_non_c_20260822/20260823T012450Z-364b2906f9/GTS-T900-s5101
154.00000000000364,3850,118,1.8036419887560493,1.8030730106630228,1.959151698760475,4749.0,GTS,results/jerky_long_non_c_20260822/20260823T012450Z-364b2906f9/GTS-T900-s5101
156.00000000000324,3900,118,1.798263149989925,1.7949108325773055,1.9529254792182262,4733.0,GTS,results/jerky_long_non_c_20260822/20260823T012450Z-364b2906f9/GTS-T900-s5101
158.00000000000284,3950,117,1.8027053097941523,1.7937411698469226,1.952760347797689,4721.0,GTS,results/jerky_long_non_c_20260822/20260823T012450Z-364b2906f9/GTS-T900-s5101
160.00000000000244,4000,116,1.8079982628054012,1.7986940197650136,1.9539218404506224,4717.0,GTS,results/jerky_long_non_c_20260822/20260823T012450Z-364b2906f9/GTS-T900-s5101
162.00000000000205,4050,116,1.8080092521051676,1.7968877353309187,1.9718195418564277,4704.0,GTS,results/jerky_long_non_c_20260822/20260823T012450Z-364b2906f9/GTS-T900-s5101
164.00000000000165,4100,116,1.8108831086711707,1.7976196954915302,1.9655297905638145,4694.0,GTS,results/jerky_long_non_c_20260822/20260823T012450Z-364b2906f9/GTS-T900-s5101
166.00000000000125,4150,115,1.8071985125193484,1.794374937664113,1.9844460463599267,4681.0,GTS,results/jerky_long_non_c_20260822/20260823T012450Z-364b2906f9/GTS-T900-s5101
168.00000000000085,4200,114,1.8075362872336627,1.7938350355469597,1.9859643171630503,4667.0,GTS,results/jerky_long_non_c_20260822/20260823T012450Z-364b2906f9/GTS-T900-s5101
170.00000000000045,4250,112,1.8047079142469726,1.788466439499313,1.982805002352484,4655.0,GTS,results/jerky_long_non_c_20260822/20260823T012450Z-364b2906f9/GTS-T900-s5101
172.00000000000006,4300,112,1.8069495736066525,1.7887944244580252,1.9826736310436446,4652.0,GTS,results/jerky_long_non_c_20260822/20260823T012450Z-364b2906f9/GTS-T900-s5101
173.99999999999966,4350,112,1.8112046072857846,1.788152380830307,1.982376973171576,4637.0,GTS,results/jerky_long_non_c_20260822/20260823T012450Z-364b2906f9/GTS-T900-s5101
175.99999999999926,4400,112,1.8099961712200099,1.7922426853993718,1.974516506390598,4621.0,GTS,results/jerky_long_non_c_20260822/20260823T012450Z-364b2906f9/GTS-T900-s5101
177.99999999999886,4450,112,1.8131028710772206,1.8104634244306785,1.9759287240605368,4624.0,GTS,results/jerky_long_non_c_20260822/20260823T012450Z-364b2906f9/GTS-T900-s5101
179.99999999999847,4500,111,1.8078452030283658,1.7931456921686877,1.9866316458669235,4607.0,GTS,results/jerky_long_non_c_20260822/20260823T012450Z-364b2906f9/GTS-T900-s5101
181.99999999999807,4550,110,1.8137875586096817,1.7983500955936802,1.9813794426152782,4602.0,GTS,results/jerky_long_non_c_20260822/20260823T012450Z-364b2906f9/GTS-T900-s5101
183.99999999999767,4600,109,1.8108782985965821,1.7897535422043993,1.983440529617771,4587.0,GTS,results/jerky_long_non_c_20260822/20260823T012450Z-364b2906f9/GTS-T900-s5101
185.99999999999727,4650,108,1.811869035645269,1.7915679844283474,1.974576465232929,4583.0,GTS,results/jerky_long_non_c_20260822/20260823T012450Z-364b2906f9/GTS-T900-s5101
187.99999999999687,4700,107,1.8051652648206276,1.7940423397354024,1.9653277873937238,4570.0,GTS,results/jerky_long_non_c_20260822/20260823T012450Z-364b2906f9/GTS-T900-s5101
189.99999999999648,4750,107,1.8104750784199433,1.7862259120342572,1.9815379877693162,4558.0,GTS,results/jerky_long_non_c_20260822/20260823T012450Z-364b2906f9/GTS-T900-s5101
191.99999999999608,4800,107,1.8135651532436141,1.7982636158288976,1.9616602570225217,4556.0,GTS,results/jerky_long_non_c_20260822/20260823T012450Z-364b2906f9/GTS-T900-s5101
193.99999999999568,4850,107,1.812201689665722,1.7969106478117216,1.9468990129495851,4550.0,GTS,results/jerky_long_non_c_20260822/20260823T012450Z-364b2906f9/GTS-T900-s5101
195.99999999999528,4900,107,1.8146535059306401,1.8110474803964014,1.9529978936520798,4543.0,GTS,results/jerky_long_non_c_20260822/20260823T012450Z-364b2906f9/GTS-T900-s5101
197.99999999999488,4950,107,1.816610297040839,1.8096042348401329,1.9798103498028172,4534.0,GTS,results/jerky_long_non_c_20260822/20260823T012450Z-364b2906f9/GTS-T900-s5101
199.9999999999945,5000,107,1.8165808641389083,1.801894560385435,1.9899055176791611,4529.0,GTS,results/jerky_long_non_c_20260822/20260823T012450Z-364b2906f9/GTS-T900-s5101
201.9999999999941,5050,107,1.8102694194778362,1.801894560385435,1.970712677696704,4518.0,GTS,results/jerky_long_non_c_20260822/20260823T012450Z-364b2906f9/GTS-T900-s5101
203.9999999999937,5100,107,1.8090111921430019,1.7969106478117216,1.9690364611363345,4513.0,GTS,results/jerky_long_non_c_20260822/20260823T012450Z-364b2906f9/GTS-T900-s5101
205.9999999999933,5150,106,1.8102902409271606,1.7959914319616521,1.972257726548231,4507.0,GTS,results/jerky_long_non_c_20260822/20260823T012450Z-364b2906f9/GTS-T900-s5101
207.9999999999929,5200,105,1.809508698538419,1.800686918122353,1.9812445671338414,4493.0,GTS,results/jerky_long_non_c_20260822/20260823T012450Z-364b2906f9/GTS-T900-s5101
209.9999999999925,5250,104,1.8096076991286731,1.8089067623344672,1.9850518402787383,4479.0,GTS,results/jerky_long_non_c_20260822/20260823T012450Z-364b2906f9/GTS-T900-s5101
211.9999999999921,5300,104,1.8091827636216278,1.8118899365733117,1.9903875350231954,4467.0,GTS,results/jerky_long_non_c_20260822/20260823T012450Z-364b2906f9/GTS-T900-s5101
213.9999999999917,5350,103,1.8019139960446322,1.7894177385467152,1.9707115742744823,4448.0,GTS,results/jerky_long_non_c_20260822/20260823T012450Z-364b2906f9/GTS-T900-s5101
215.9999999999913,5400,103,1.7959196235384658,1.7888643311264494,1.9712243398738232,4436.0,GTS,results/jerky_long_non_c_20260822/20260823T012450Z-364b2906f9/GTS-T900-s5101
217.9999999999909,5450,103,1.7984200344866255,1.7982636158288976,1.9564464313429746,4435.0,GTS,results/jerky_long_non_c_20260822/20260823T012450Z-364b2906f9/GTS-T900-s5101
219.9999999999905,5500,103,1.7973658929794678,1.7982636158288976,1.965431534760234,4420.0,GTS,results/jerky_long_non_c_20260822/20260823T012450Z-364b2906f9/GTS-T900-s5101
221.9999999999901,5550,103,1.805875818674529,1.8082141433633825,1.9511386529649726,4423.0,GTS,results/jerky_long_non_c_20260822/20260823T012450Z-364b2906f9/GTS-T900-s5101
223.9999999999897,5600,103,1.8052874859362396,1.8027604143787073,1.956073670148601,4421.0,GTS,results/jerky_long_non_c_20260822/20260823T012450Z-364b2906f9/GTS-T900-s5101
225.9999999999893,5650,103,1.8097394417478734,1.8073990533096784,1.9563895629760295,4421.0,GTS,results/jerky_long_non_c_20260822/20260823T012450Z-364b2906f9/GTS-T900-s5101
227.99999999998892,5700,101,1.801439248330376,1.801685713505326,1.9601187728159744,4409.0,GTS,results/jerky_long_non_c_20260822/20260823T012450Z-364b2906f9/GTS-T900-s5101
229.99999999998852,5750,101,1.8069927297847421,1.8025048036020788,1.9632982031044026,4409.0,GTS,results/jerky_long_non_c_20260822/20260823T012450Z-364b2906f9/GTS-T900-s5101
231.99999999998812,5800,101,1.7999896435467497,1.7998116612845563,1.9547373097769123,4396.0,GTS,results/jerky_long_non_c_20260822/20260823T012450Z-364b2906f9/GTS-T900-s5101
233.99999999998772,5850,101,1.8067990959373148,1.8110474803964014,1.9549883179794632,4390.0,GTS,results/jerky_long_non_c_20260822/20260823T012450Z-364b2906f9/GTS-T900-s5101
235.99999999998732,5900,99,1.8051197630820508,1.7996751257314318,1.976699514026101,4377.0,GTS,results/jerky_long_non_c_20260822/20260823T012450Z-364b2906f9/GTS-T900-s5101
237.99999999998693,5950,99,1.8124042057575034,1.8022424226297649,1.9970895051025388,4373.0,GTS,results/jerky_long_non_c_20260822/20260823T012450Z-364b2906f9/GTS-T900-s5101
239.99999999998653,6000,97,1.8125621305901114,1.8055392703702413,1.9530707407925096,4364.0,GTS,results/jerky_long_non_c_20260822/20260823T012450Z-364b2906f9/GTS-T900-s5101
241.99999999998613,6050,97,1.8109939018708978,1.799675125731432,1.9755197265546158,4346.0,GTS,results/jerky_long_non_c_20260822/20260823T012450Z-364b2906f9/GTS-T900-s5101
243.99999999998573,6100,97,1.8111508723368959,1.799654549785331,1.9538104780904986,4335.0,GTS,results/jerky_long_non_c_20260822/20260823T012450Z-364b2906f9/GTS-T900-s5101
245.99999999998533,6150,96,1.8179678380437743,1.8098131895839695,1.9628803076479233,4329.0,GTS,results/jerky_long_non_c_20260822/20260823T012450Z-364b2906f9/GTS-T900-s5101
247.99999999998494,6200,96,1.8148577924589206,1.8045686290032918,1.974818432114345,4325.0,GTS,results/jerky_long_non_c_20260822/20260823T012450Z-364b2906f9/GTS-T900-s5101
249.99999999998454,6250,96,1.8168921352486906,1.8118444998742156,1.9828789876737147,4326.0,GTS,results/jerky_long_non_c_20260822/20260823T012450Z-364b2906f9/GTS-T900-s5101
251.99999999998414,6300,96,1.8179112578832657,1.8117707102744047,1.954370896788339,4323.0,GTS,results/jerky_long_non_c_20260822/20260823T012450Z-364b2906f9/GTS-T900-s5101
253.99999999998374,6350,96,1.8242727532457714,1.8121025299621616,1.9655519638557157,4326.0,GTS,results/jerky_long_non_c_20260822/20260823T012450Z-364b2906f9/GTS-T900-s5101
255.99999999998334,6400,96,1.8214224141828117,1.8117707102744047,1.9508146903096155,4319.0,GTS,results/jerky_long_non_c_20260822/20260823T012450Z-364b2906f9/GTS-T900-s5101
257.99999999998437,6450,96,1.8167460705841576,1.806766044272533,1.9476399543175407,4310.0,GTS,results/jerky_long_non_c_20260822/20260823T012450Z-364b2906f9/GTS-T900-s5101
259.9999999999854,6500,96,1.8182889362006265,1.8025048036020788,1.949840278230612,4302.0,GTS,results/jerky_long_non_c_20260822/20260823T012450Z-364b2906f9/GTS-T900-s5101
261.9999999999864,6550,96,1.8164683473638938,1.797889133609858,1.9560850887937065,4301.0,GTS,results/jerky_long_non_c_20260822/20260823T012450Z-364b2906f9/GTS-T900-s5101
263.99999999998744,6600,96,1.8087544252459065,1.7972126496012697,1.9400614278387327,4292.0,GTS,results/jerky_long_non_c_20260822/20260823T012450Z-364b2906f9/GTS-T900-s5101
265.99999999998846,6650,96,1.8115198673626554,1.8018086218400484,1.9379922141362536,4292.0,GTS,results/jerky_long_non_c_20260822/20260823T012450Z-364b2906f9/GTS-T900-s5101
267.9999999999895,6700,96,1.8183700103313223,1.8018086218400484,1.950473856825723,4293.0,GTS,results/jerky_long_non_c_20260822/20260823T012450Z-364b2906f9/GTS-T900-s5101
269.9999999999905,6750,96,1.818734034837174,1.8101939430363427,1.9485970296666204,4289.0,GTS,results/jerky_long_non_c_20260822/20260823T012450Z-364b2906f9/GTS-T900-s5101
271.99999999999153,6800,96,1.8220488747701673,1.804507765703858,1.9593965799641806,4287.0,GTS,results/jerky_long_non_c_20260822/20260823T012450Z-364b2906f9/GTS-T900-s5101
273.99999999999255,6850,95,1.82127085385743,1.799675125731432,1.950530453534488,4284.0,GTS,results/jerky_long_non_c_20260822/20260823T012450Z-364b2906f9/GTS-T900-s5101
275.9999999999936,6900,93,1.8158841416812999,1.7987608990353496,1.949753137171877,4280.0,GTS,results/jerky_long_non_c_20260822/20260823T012450Z-364b2906f9/GTS-T900-s5101
277.9999999999946,6950,93,1.811157072237141,1.801894560385435,1.9503092837467428,4266.0,GTS,results/jerky_long_non_c_20260822/20260823T012450Z-364b2906f9/GTS-T900-s5101
279.9999999999956,7000,93,1.811885420289517,1.7969106478117216,1.9520633737101991,4266.0,GTS,results/jerky_long_non_c_20260822/20260823T012450Z-364b2906f9/GTS-T900-s5101
281.99999999999665,7050,93,1.8148820354112432,1.8017540727384378,1.956452741938527,4250.0,GTS,results/jerky_long_non_c_20260822/20260823T012450Z-364b2906f9/GTS-T900-s5101
283.99999999999767,7100,93,1.8110875178117098,1.7969106478117216,1.95682808086727,4244.0,GTS,results/jerky_long_non_c_20260822/20260823T012450Z-364b2906f9/GTS-T900-s5101
285.9999999999987,7150,93,1.8077747279240246,1.78866793841809,1.9431608204760589,4238.0,GTS,results/jerky_long_non_c_20260822/20260823T012450Z-364b2906f9/GTS-T900-s5101
287.9999999999997,7200,93,1.8128682552304023,1.797514651390818,1.9498325181736411,4236.0,GTS,results/jerky_long_non_c_20260822/20260823T012450Z-364b2906f9/GTS-T900-s5101
290.00000000000074,7250,93,1.8148910157484122,1.8074378395294108,1.9498325181736411,4238.0,GTS,results/jerky_long_non_c_20260822/20260823T012450Z-364b2906f9/GTS-T900-s5101
292.00000000000176,7300,93,1.8152050755809552,1.8076065445248868,1.9474975061014554,4236.0,GTS,results/jerky_long_non_c_20260822/20260823T012450Z-364b2906f9/GTS-T900-s5101
294.0000000000028,7350,93,1.8218996600905695,1.812493940152408,1.9498325181736411,4243.0,GTS,results/jerky_long_non_c_20260822/20260823T012450Z-364b2906f9/GTS-T900-s5101
296.0000000000038,7400,93,1.8164192855632473,1.801931149305783,1.9495745770890636,4236.0,GTS,results/jerky_long_non_c_20260822/20260823T012450Z-364b2906f9/GTS-T900-s5101
298.00000000000483,7450,93,1.818207274080937,1.8071787086563602,1.9468927070086308,4236.0,GTS,results/jerky_long_non_c_20260822/20260823T012450Z-364b2906f9/GTS-T900-s5101
300.00000000000585,7500,93,1.8166478426682864,1.8108295747344536,1.9468927070086308,4231.0,GTS,results/jerky_long_non_c_20260822/20260823T012450Z-364b2906f9/GTS-T900-s5101
302.0000000000069,7550,93,1.8149467401005408,1.8063694033681126,1.9505647079844755,4230.0,GTS,results/jerky_long_non_c_20260822/20260823T012450Z-364b2906f9/GTS-T900-s5101
304.0000000000079,7600,93,1.8162885264829833,1.8060135386314367,1.9498325181736411,4232.0,GTS,results/jerky_long_non_c_20260822/20260823T012450Z-364b2906f9/GTS-T900-s5101
306.0000000000089,7650,93,1.815603844259319,1.8108295747344538,1.9490087348243041,4229.0,GTS,results/jerky_long_non_c_20260822/20260823T012450Z-364b2906f9/GTS-T900-s5101
308.00000000000995,7700,93,1.8115516732312227,1.8065273764386032,1.9491648093113911,4224.0,GTS,results/jerky_long_non_c_20260822/20260823T012450Z-364b2906f9/GTS-T900-s5101
310.00000000001097,7750,93,1.8139678092689693,1.8108295747344538,1.9587518360111273,4223.0,GTS,results/jerky_long_non_c_20260822/20260823T012450Z-364b2906f9/GTS-T900-s5101
312.000000000012,7800,93,1.8152298249243237,1.808318021926223,1.9505647079844755,4225.0,GTS,results/jerky_long_non_c_20260822/20260823T012450Z-364b2906f9/GTS-T900-s5101
314.000000000013,7850,93,1.8135837262000334,1.7996318653500532,1.951299660775728,4223.0,GTS,results/jerky_long_non_c_20260822/20260823T012450Z-364b2906f9/GTS-T900-s5101
316.00000000001404,7900,93,1.8111270320726214,1.8063694033681126,1.951299660775728,4218.0,GTS,results/jerky_long_non_c_20260822/20260823T012450Z-364b2906f9/GTS-T900-s5101
318.00000000001506,7950,93,1.8118178954914574,1.8110474803964014,1.954250586538716,4218.0,GTS,results/jerky_long_non_c_20260822/20260823T012450Z-364b2906f9/GTS-T900-s5101
320.0000000000161,8000,93,1.8112957734216448,1.8110474803964014,1.9490087348243041,4215.0,GTS,results/jerky_long_non_c_20260822/20260823T012450Z-364b2906f9/GTS-T900-s5101
322.0000000000171,8050,92,1.8054005914288858,1.8041319818767738,1.9388949885975117,4213.0,GTS,results/jerky_long_non_c_20260822/20260823T012450Z-364b2906f9/GTS-T900-s5101
324.00000000001813,8100,92,1.8085786980381708,1.7994026040985784,1.9501645258300675,4212.0,GTS,results/jerky_long_non_c_20260822/20260823T012450Z-364b2906f9/GTS-T900-s5101
326.00000000001916,8150,92,1.8072654139245228,1.7998045566583327,1.950154197800016,4208.0,GTS,results/jerky_long_non_c_20260822/20260823T012450Z-364b2906f9/GTS-T900-s5101
328.0000000000202,8200,92,1.8025477923424233,1.7967728214916594,1.9388949885975117,4196.0,GTS,results/jerky_long_non_c_20260822/20260823T012450Z-364b2906f9/GTS-T900-s5101
330.0000000000212,8250,92,1.8012080592345878,1.7911291877120292,1.9388949885975117,4189.0,GTS,results/jerky_long_non_c_20260822/20260823T012450Z-364b2906f9/GTS-T900-s5101
332.0000000000222,8300,92,1.8057569799290913,1.7938760484672231,1.9452997898336737,4189.0,GTS,results/jerky_long_non_c_20260822/20260823T012450Z-364b2906f9/GTS-T900-s5101
334.00000000002325,8350,92,1.8007409673602326,1.7966209169752476,1.9296042006570853,4184.0,GTS,results/jerky_long_non_c_20260822/20260823T012450Z-364b2906f9/GTS-T900-s5101
336.0000000000243,8400,92,1.8008754777299387,1.7972126496012697,1.9443752713135136,4177.0,GTS,results/jerky_long_non_c_20260822/20260823T012450Z-364b2906f9/GTS-T900-s5101
338.0000000000253,8450,92,1.7939125324977134,1.7904766667985457,1.9381654232438057,4167.0,GTS,results/jerky_long_non_c_20260822/20260823T012450Z-364b2906f9/GTS-T900-s5101
340.0000000000263,8500,92,1.806141923469787,1.7954764937735619,1.939614371680794,4170.0,GTS,results/jerky_long_non_c_20260822/20260823T012450Z-364b2906f9/GTS-T900-s5101
342.00000000002734,8550,91,1.8020151819793402,1.8023138409940458,1.9124827502306323,4168.0,GTS,results/jerky_long_non_c_20260822/20260823T012450Z-364b2906f9/GTS-T900-s5101
344.00000000002836,8600,90,1.8059667680763851,1.8053344906000417,1.9386456779642123,4166.0,GTS,results/jerky_long_non_c_20260822/20260823T012450Z-364b2906f9/GTS-T900-s5101
346.0000000000294,8650,89,1.8062435003208441,1.801894560385435,1.9518406253805356,4156.0,GTS,results/jerky_long_non_c_20260822/20260823T012450Z-364b2906f9/GTS-T900-s5101
348.0000000000304,8700,89,1.80695137340883,1.801931149305783,1.9518406253805356,4153.0,GTS,results/jerky_long_non_c_20260822/20260823T012450Z-364b2906f9/GTS-T900-s5101
350.00000000003143,8750,89,1.8107288254553253,1.8110474803964014,1.9516634226189462,4151.0,GTS,results/jerky_long_non_c_20260822/20260823T012450Z-364b2906f9/GTS-T900-s5101
352.00000000003246,8800,89,1.8044754660006337,1.801894560385435,1.9380957055453008,4146.0,GTS,results/jerky_long_non_c_20260822/20260823T012450Z-364b2906f9/GTS-T900-s5101
354.0000000000335,8850,89,1.810261341720242,1.801894560385435,1.9443317379019838,4147.0,GTS,results/jerky_long_non_c_20260822/20260823T012450Z-364b2906f9/GTS-T900-s5101
356.0000000000345,8900,88,1.8099915451661532,1.8099109506055249,1.9389121979069075,4140.0,GTS,results/jerky_long_non_c_20260822/20260823T012450Z-364b2906f9/GTS-T900-s5101
358.0000000000355,8950,88,1.8093877244288166,1.8000790881071662,1.9580575316734297,4132.0,GTS,results/jerky_long_non_c_20260822/20260823T012450Z-364b2906f9/GTS-T900-s5101
360.00000000003655,9000,88,1.8080822541216222,1.8041319818767738,1.943201146453454,4131.0,GTS,results/jerky_long_non_c_20260822/20260823T012450Z-364b2906f9/GTS-T900-s5101
362.0000000000376,9050,87,1.8125338797839812,1.8052296785886277,1.9438331107914557,4131.0,GTS,results/jerky_long_non_c_20260822/20260823T012450Z-364b2906f9/GTS-T900-s5101
364.0000000000386,9100,86,1.8049756994770345,1.7959544686007924,1.9301620692342825,4108.0,GTS,results/jerky_long_non_c_20260822/20260823T012450Z-364b2906f9/GTS-T900-s5101
366.0000000000396,9150,86,1.807211780643653,1.7926537685911663,1.929641829105532,4108.0,GTS,results/jerky_long_non_c_20260822/20260823T012450Z-364b2906f9/GTS-T900-s5101
368.00000000004064,9200,86,1.803378002713717,1.7926514667948434,1.929798589479556,4093.0,GTS,results/jerky_long_non_c_20260822/20260823T012450Z-364b2906f9/GTS-T900-s5101
370.00000000004167,9250,86,1.797904371518558,1.7935940159520452,1.916948032945883,4086.0,GTS,results/jerky_long_non_c_20260822/20260823T012450Z-364b2906f9/GTS-T900-s5101
372.0000000000427,9300,86,1.801497510044025,1.7975871318203096,1.9124961764527044,4078.0,GTS,results/jerky_long_non_c_20260822/20260823T012450Z-364b2906f9/GTS-T900-s5101
374.0000000000437,9350,86,1.803107912620453,1.7991040235995333,1.9158188259073303,4077.0,GTS,results/jerky_long_non_c_20260822/20260823T012450Z-364b2906f9/GTS-T900-s5101
376.00000000004474,9400,86,1.7973310482017932,1.797477067761227,1.914004972992586,4069.0,GTS,results/jerky_long_non_c_20260822/20260823T012450Z-364b2906f9/GTS-T900-s5101
378.00000000004576,9450,86,1.7999606104591142,1.7978696359504625,1.9151344752844097,4070.0,GTS,results/jerky_long_non_c_20260822/20260823T012450Z-364b2906f9/GTS-T900-s5101
380.0000000000468,9500,86,1.7967298484459957,1.794134605477978,1.914545191437178,4066.0,GTS,results/jerky_long_non_c_20260822/20260823T012450Z-364b2906f9/GTS-T900-s5101
382.0000000000478,9550,86,1.7954872401199409,1.7972126496012697,1.914545191437178,4061.0,GTS,results/jerky_long_non_c_20260822/20260823T012450Z-364b2906f9/GTS-T900-s5101
384.00000000004883,9600,85,1.7929354695472228,1.7932951334298066,1.9153796856956185,4057.0,GTS,results/jerky_long_non_c_20260822/20260823T012450Z-364b2906f9/GTS-T900-s5101
386.00000000004985,9650,85,1.7934448847890752,1.79664122347469,1.9153796856956185,4056.0,GTS,results/jerky_long_non_c_20260822/20260823T012450Z-364b2906f9/GTS-T900-s5101
388.0000000000509,9700,85,1.7927724076929241,1.79664122347469,1.899235159294391,4053.0,GTS,results/jerky_long_non_c_20260822/20260823T012450Z-364b2906f9/GTS-T900-s5101
390.0000000000519,9750,85,1.790617837415607,1.78866793841809,1.8980104951635892,4050.0,GTS,results/jerky_long_non_c_20260822/20260823T012450Z-364b2906f9/GTS-T900-s5101
392.0000000000529,9800,84,1.788446096609419,1.7864151224370692,1.8995439061329673,4046.0,GTS,results/jerky_long_non_c_20260822/20260823T012450Z-364b2906f9/GTS-T900-s5101
394.00000000005394,9850,84,1.7914950655864872,1.78866793841809,1.908673505610055,4047.0,GTS,results/jerky_long_non_c_20260822/20260823T012450Z-364b2906f9/GTS-T900-s5101
396.00000000005497,9900,84,1.789094864193235,1.7897806054667935,1.9027387868197558,4039.0,GTS,results/jerky_long_non_c_20260822/20260823T012450Z-364b2906f9/GTS-T900-s5101
398.000000000056,9950,84,1.7851426021207393,1.7881095549799246,1.906604700524543,4034.0,GTS,results/jerky_long_non_c_20260822/20260823T012450Z-364b2906f9/GTS-T900-s5101
400.000000000057,10000,84,1.7860953651221403,1.7966209169752476,1.9067036207345716,4031.0,GTS,results/jerky_long_non_c_20260822/20260823T012450Z-364b2906f9/GTS-T900-s5101
0.0,0,190,1.7920895484123613,1.7854416702856883,1.956505991785691,6086.0,QIU,results/jerky_long_non_c_20260822/20260823T012450Z-364b2906f9/QIU-T900-s5101
0.8000000000000002,20,189,1.7942365175135766,1.7895616009195723,1.962645916917019,6048.0,QIU,results/jerky_long_non_c_20260822/20260823T012450Z-364b2906f9/QIU-T900-s5101
1.6000000000000008,40,186,1.79303243408439,1.7841179345853222,1.9628671855892015,6011.0,QIU,results/jerky_long_non_c_20260822/20260823T012450Z-364b2906f9/QIU-T900-s5101
2.4000000000000012,60,183,1.7907936017490558,1.7842482409405307,1.9537378335769122,5977.0,QIU,results/jerky_long_non_c_20260822/20260823T012450Z-364b2906f9/QIU-T900-s5101
3.200000000000002,80,181,1.783986654129131,1.7862438273226313,1.9385358834256081,5940.0,QIU,results/jerky_long_non_c_20260822/20260823T012450Z-364b2906f9/QIU-T900-s5101
4.000000000000003,100,179,1.7839849519260498,1.784983900215257,1.9443118600475355,5917.0,QIU,results/jerky_long_non_c_20260822/20260823T012450Z-364b2906f9/QIU-T900-s5101
4.800000000000003,120,177,1.788223348206935,1.7862438273226313,1.9360361169533848,5890.0,QIU,results/jerky_long_non_c_20260822/20260823T012450Z-364b2906f9/QIU-T900-s5101
5.600000000000004,140,177,1.785515470450966,1.791339678630056,1.9457484482349812,5869.0,QIU,results/jerky_long_non_c_20260822/20260823T012450Z-364b2906f9/QIU-T900-s5101
6.400000000000005,160,177,1.7850375203659292,1.7776146300891886,1.928886746442673,5840.0,QIU,results/jerky_long_non_c_20260822/20260823T012450Z-364b2906f9/QIU-T900-s5101
7.2000000000000055,180,177,1.7841282205628213,1.7746697901520996,1.933700365792449,5820.0,QIU,results/jerky_long_non_c_20260822/20260823T012450Z-364b2906f9/QIU-T900-s5101
8.000000000000005,200,177,1.7834106299136445,1.7724834714865818,1.9409591940579567,5792.0,QIU,results/jerky_long_non_c_20260822/20260823T012450Z-364b2906f9/QIU-T900-s5101
8.799999999999988,220,176,1.7816043736440492,1.7706503619489355,1.9361046379865572,5780.0,QIU,results/jerky_long_non_c_20260822/20260823T012450Z-364b2906f9/QIU-T900-s5101
9.599999999999971,240,174,1.77860902575728,1.76757610071092,1.9363583102330177,5770.0,QIU,results/jerky_long_non_c_20260822/20260823T012450Z-364b2906f9/QIU-T900-s5101
10.399999999999954,260,173,1.7708657776751966,1.7642357659336416,1.9354704573704056,5749.0,QIU,results/jerky_long_non_c_20260822/20260823T012450Z-364b2906f9/QIU-T900-s5101
11.199999999999937,280,173,1.7717511117588884,1.754164264078064,1.9262124372036213,5740.0,QIU,results/jerky_long_non_c_20260822/20260823T012450Z-364b2906f9/QIU-T900-s5101
11.99999999999992,300,173,1.7696778142578888,1.757539248867556,1.9174499044453701,5717.0,QIU,results/jerky_long_non_c_20260822/20260823T012450Z-364b2906f9/QIU-T900-s5101
12.799999999999903,320,173,1.7647031918168374,1.750704374010849,1.913365177737286,5699.0,QIU,results/jerky_long_non_c_20260822/20260823T012450Z-364b2906f9/QIU-T900-s5101
13.599999999999886,340,171,1.7633784131883217,1.7468225461305589,1.912692936267585,5686.0,QIU,results/jerky_long_non_c_20260822/20260823T012450Z-364b2906f9/QIU-T900-s5101
14.399999999999869,360,170,1.7604158871915128,1.754423755833105,1.8985767577808186,5678.0,QIU,results/jerky_long_non_c_20260822/20260823T012450Z-364b2906f9/QIU-T900-s5101
15.199999999999852,380,170,1.7617152841826436,1.7588065204515795,1.9135954942232762,5669.0,QIU,results/jerky_long_non_c_20260822/20260823T012450Z-364b2906f9/QIU-T900-s5101
15.999999999999835,400,168,1.7559177485755724,1.7588065204515795,1.9048435868679483,5650.0,QIU,results/jerky_long_non_c_20260822/20260823T012450Z-364b2906f9/QIU-T900-s5101
16.79999999999982,420,168,1.7541282982142004,1.7536825931079223,1.9018588243882126,5635.0,QIU,results/jerky_long_non_c_20260822/20260823T012450Z-364b2906f9/QIU-T900-s5101
17.599999999999802,440,168,1.7550658988696803,1.7480068326025116,1.9035771873674818,5621.0,QIU,results/jerky_long_non_c_20260822/20260823T012450Z-364b2906f9/QIU-T900-s5101
18.399999999999785,460,168,1.7528230881806046,1.7465875135831193,1.922387256577862,5603.0,QIU,results/jerky_long_non_c_20260822/20260823T012450Z-364b2906f9/QIU-T900-s5101
19.19999999999977,480,166,1.761709157401564,1.7479914180801783,1.9199849555087567,5599.0,QIU,results/jerky_long_non_c_20260822/20260823T012450Z-364b2906f9/QIU-T900-s5101
19.99999999999975,500,164,1.7620275804672691,1.7509130744345205,1.9046402796479458,5596.0,QIU,results/jerky_long_non_c_20260822/20260823T012450Z-364b2906f9/QIU-T900-s5101
20.799999999999734,520,164,1.7589722770908374,1.7480068326025116,1.9038445404565574,5588.0,QIU,results/jerky_long_non_c_20260822/20260823T012450Z-364b2906f9/QIU-T900-s5101
21.599999999999717,540,164,1.7611226188238271,1.7480068326025116,1.9041093443745962,5585.0,QIU,results/jerky_long_non_c_20260822/20260823T012450Z-364b2906f9/QIU-T900-s5101
22.3999999999997,560,164,1.7601859809106777,1.7535072530387046,1.9067323686253805,5569.0,QIU,results/jerky_long_non_c_20260822/20260823T012450Z-364b2906f9/QIU-T900-s5101
23.199999999999683,580,164,1.7582663329571786,1.7464898180265338,1.9067323686253805,5563.0,QIU,results/jerky_long_non_c_20260822/20260823T012450Z-364b2906f9/QIU-T900-s5101
23.999999999999666,600,164,1.7570610683287107,1.74903601506754,1.9038445404565574,5550.0,QIU,results/jerky_long_non_c_20260822/20260823T012450Z-364b2906f9/QIU-T900-s5101
24.79999999999965,620,164,1.7591220170472412,1.7459810309956707,1.8949286845243154,5546.0,QIU,results/jerky_long_non_c_20260822/20260823T012450Z-364b2906f9/QIU-T900-s5101
25.599999999999632,640,164,1.757901588429422,1.7450150053359637,1.8991952818070172,5541.0,QIU,results/jerky_long_non_c_20260822/20260823T012450Z-364b2906f9/QIU-T900-s5101
26.399999999999615,660,164,1.7588063738537258,1.7445271273611633,1.9007967166381283,5538.0,QIU,results/jerky_long_non_c_20260822/20260823T012450Z-364b2906f9/QIU-T900-s5101
27.199999999999598,680,164,1.7589797388896828,1.7450052424269284,1.8949286845243154,5539.0,QIU,results/jerky_long_non_c_20260822/20260823T012450Z-364b2906f9/QIU-T900-s5101
27.99999999999958,700,164,1.7549690006167264,1.7445271273611633,1.887332430704413,5531.0,QIU,results/jerky_long_non_c_20260822/20260823T012450Z-364b2906f9/QIU-T900-s5101
28.799999999999564,720,163,1.7545186756116482,1.7441637599111819,1.8937113289633605,5529.0,QIU,results/jerky_long_non_c_20260822/20260823T012450Z-364b2906f9/QIU-T900-s5101
29.599999999999547,740,163,1.7576308045752584,1.7461570899225087,1.9030105405706166,5528.0,QIU,results/jerky_long_non_c_20260822/20260823T012450Z-364b2906f9/QIU-T900-s5101
30.39999999999953,760,163,1.7572324430377921,1.7451395158607825,1.9030105405706166,5525.0,QIU,results/jerky_long_non_c_20260822/20260823T012450Z-364b2906f9/QIU-T900-s5101
31.199999999999513,780,161,1.7569939768875338,1.7528945796497282,1.8947017034749445,5516.0,QIU,results/jerky_long_non_c_20260822/20260823T012450Z-364b2906f9/QIU-T900-s5101
31.999999999999496,800,161,1.7566641625782837,1.7488833792386302,1.8946358008069974,5514.0,QIU,results/jerky_long_non_c_20260822/20260823T012450Z-364b2906f9/QIU-T900-s5101
33.99999999999945,850,161,1.759131738724711,1.750704374010849,1.9003575294554669,5505.0,QIU,results/jerky_long_non_c_20260822/20260823T012450Z-364b2906f9/QIU-T900-s5101
35.99999999999941,900,161,1.7610602098785402,1.7629470619409946,1.8946358008069974,5503.0,QIU,results/jerky_long_non_c_20260822/20260823T012450Z-364b2906f9/QIU-T900-s5101
37.99999999999937,950,160,1.7685900945786348,1.761755295859299,1.909859317102744,5502.0,QIU,results/jerky_long_non_c_20260822/20260823T012450Z-364b2906f9/QIU-T900-s5101
39.999999999999325,1000,159,1.768219115667696,1.7571219120387478,1.9126620456603374,5496.0,QIU,results/jerky_long_non_c_20260822/20260823T012450Z-364b2906f9/QIU-T900-s5101
41.99999999999928,1050,159,1.7647214977743577,1.7528945796497282,1.9250892955526089,5482.0,QIU,results/jerky_long_non_c_20260822/20260823T012450Z-364b2906f9/QIU-T900-s5101
43.99999999999924,1100,159,1.7634435451423387,1.750704374010849,1.9152735632231077,5471.0,QIU,results/jerky_long_non_c_20260822/20260823T012450Z-364b2906f9/QIU-T900-s5101
45.9999999999992,1150,159,1.7582922215074377,1.7468225461305589,1.9108135651555436,5461.0,QIU,results/jerky_long_non_c_20260822/20260823T012450Z-364b2906f9/QIU-T900-s5101
47.999999999999154,1200,158,1.7593195219476896,1.7464898180265338,1.9064575320595585,5458.0,QIU,results/jerky_long_non_c_20260822/20260823T012450Z-364b2906f9/QIU-T900-s5101
49.99999999999911,1250,158,1.75907670440604,1.7450150053359637,1.906805638277822,5449.0,QIU,results/jerky_long_non_c_20260822/20260823T012450Z-364b2906f9/QIU-T900-s5101
51.99999999999907,1300,158,1.761205649146488,1.7445271273611633,1.9064575320595585,5452.0,QIU,results/jerky_long_non_c_20260822/20260823T012450Z-364b2906f9/QIU-T900-s5101
53.99999999999903,1350,158,1.7608572068395432,1.7441637599111819,1.9132742225973318,5447.0,QIU,results/jerky_long_non_c_20260822/20260823T012450Z-364b2906f9/QIU-T900-s5101
55.999999999998984,1400,158,1.7574769887621966,1.7439741768938002,1.9078889041387577,5441.0,QIU,results/jerky_long_non_c_20260822/20260823T012450Z-364b2906f9/QIU-T900-s5101
57.99999999999894,1450,157,1.7605205059432771,1.7468225461305589,1.9216775301655906,5443.0,QIU,results/jerky_long_non_c_20260822/20260823T012450Z-364b2906f9/QIU-T900-s5101
59.9999999999989,1500,157,1.7627166530511915,1.7468225461305589,1.9108518135358716,5446.0,QIU,results/jerky_long_non_c_20260822/20260823T012450Z-364b2906f9/QIU-T900-s5101
61.999999999998856,1550,157,1.7642731417359874,1.7565508821244287,1.9127040187559423,5440.0,QIU,results/jerky_long_non_c_20260822/20260823T012450Z-364b2906f9/QIU-T900-s5101
63.99999999999881,1600,157,1.7644902719563953,1.7494104313840855,1.9237246593747095,5438.0,QIU,results/jerky_long_non_c_20260822/20260823T012450Z-364b2906f9/QIU-T900-s5101
65.99999999999912,1650,157,1.7647861032088834,1.7441637599111819,1.922811236609533,5437.0,QIU,results/jerky_long_non_c_20260822/20260823T012450Z-364b2906f9/QIU-T900-s5101
67.99999999999943,1700,157,1.7626829473106134,1.7451395158607825,1.9147166924017196,5429.0,QIU,results/jerky_long_non_c_20260822/20260823T012450Z-364b2906f9/QIU-T900-s5101
69.99999999999974,1750,156,1.7598906762769622,1.7446516378859822,1.9014914380458487,5425.0,QIU,results/jerky_long_non_c_20260822/20260823T012450Z-364b2906f9/QIU-T900-s5101
72.00000000000006,1800,156,1.7632434306726061,1.7459810309956707,1.9022475589548709,5424.0,QIU,results/jerky_long_non_c_20260822/20260823T012450Z-364b2906f9/QIU-T900-s5101
74.00000000000037,1850,156,1.7628452583049528,1.7473270436168058,1.889153032246246,5418.0,QIU,results/jerky_long_non_c_20260822/20260823T012450Z-364b2906f9/QIU-T900-s5101
76.00000000000068,1900,156,1.7626570660499448,1.7446516378859822,1.8949547448509294,5415.0,QIU,results/jerky_long_non_c_20260822/20260823T012450Z-364b2906f9/QIU-T900-s5101
78.000000000001,1950,156,1.763513472162085,1.7446516378859822,1.8944202666716627,5415.0,QIU,results/jerky_long_non_c_20260822/20260823T012450Z-364b2906f9/QIU-T900-s5101
80.00000000000131,2000,156,1.7655424555643924,1.7492679575569507,1.9022475589548709,5415.0,QIU,results/jerky_long_non_c_20260822/20260823T012450Z-364b2906f9/QIU-T900-s5101
82.00000000000162,2050,156,1.7653690338601276,1.7473270436168058,1.9046331790868694,5412.0,QIU,results/jerky_long_non_c_20260822/20260823T012450Z-364b2906f9/QIU-T900-s5101
84.00000000000193,2100,156,1.7706221178940467,1.7473270436168058,1.9147382261604644,5416.0,QIU,results/jerky_long_non_c_20260822/20260823T012450Z-364b2906f9/QIU-T900-s5101
86.00000000000225,2150,156,1.7630780433422042,1.7446516378859822,1.8942047325363283,5408.0,QIU,results/jerky_long_non_c_20260822/20260823T012450Z-364b2906f9/QIU-T900-s5101
88.00000000000256,2200,156,1.761389701573985,1.7439741768938002,1.8929712236039085,5403.0,QIU,results/jerky_long_non_c_20260822/20260823T012450Z-364b2906f9/QIU-T900-s5101
90.00000000000287,2250,156,1.7614091252455524,1.7439741768938002,1.8980222064834047,5401.0,QIU,results/jerky_long_non_c_20260822/20260823T012450Z-364b2906f9/QIU-T900-s5101
92.00000000000318,2300,156,1.7660989879302582,1.7446516378859822,1.9006717674391096,5405.0,QIU,results/jerky_long_non_c_20260822/20260823T012450Z-364b2906f9/QIU-T900-s5101
94.0000000000035,2350,155,1.7635547260645243,1.7451395158607825,1.9066326547428434,5400.0,QIU,results/jerky_long_non_c_20260822/20260823T012450Z-364b2906f9/QIU-T900-s5101
96.00000000000381,2400,154,1.7597270301512065,1.7446516378859822,1.8960844037133642,5377.0,QIU,results/jerky_long_non_c_20260822/20260823T012450Z-364b2906f9/QIU-T900-s5101
98.00000000000412,2450,154,1.7579232131002067,1.7436041351753815,1.8934646271768765,5372.0,QIU,results/jerky_long_non_c_20260822/20260823T012450Z-364b2906f9/QIU-T900-s5101
100.00000000000443,2500,154,1.7594920027790348,1.7436041351753815,1.8960844037133642,5375.0,QIU,results/jerky_long_non_c_20260822/20260823T012450Z-364b2906f9/QIU-T900-s5101
102.00000000000475,2550,153,1.7586288507370351,1.7421014041139897,1.8945495871528637,5371.0,QIU,results/jerky_long_non_c_20260822/20260823T012450Z-364b2906f9/QIU-T900-s5101
104.00000000000506,2600,153,1.758899053963688,1.7430445104395809,1.8929819455932275,5371.0,QIU,results/jerky_long_non_c_20260822/20260823T012450Z-364b2906f9/QIU-T900-s5101
106.00000000000537,2650,153,1.7567902128929866,1.7430445104395809,1.894022386693795,5369.0,QIU,results/jerky_long_non_c_20260822/20260823T012450Z-364b2906f9/QIU-T900-s5101
108.00000000000568,2700,153,1.7602791953450763,1.7441637599111819,1.8940561835798957,5369.0,QIU,results/jerky_long_non_c_20260822/20260823T012450Z-364b2906f9/QIU-T900-s5101
110.000000000006,2750,152,1.763211670375916,1.7498298963015526,1.8963160365186507,5373.0,QIU,results/jerky_long_non_c_20260822/20260823T012450Z-364b2906f9/QIU-T900-s5101
112.00000000000631,2800,152,1.7656684619601186,1.754108185847215,1.914824361195443,5376.0,QIU,results/jerky_long_non_c_20260822/20260823T012450Z-364b2906f9/QIU-T900-s5101
114.00000000000662,2850,152,1.7665653111985238,1.7511368602692508,1.9133770677642834,5366.0,QIU,results/jerky_long_non_c_20260822/20260823T012450Z-364b2906f9/QIU-T900-s5101
116.00000000000693,2900,152,1.770500723899376,1.7603831460977557,1.914824361195443,5364.0,QIU,results/jerky_long_non_c_20260822/20260823T012450Z-364b2906f9/QIU-T900-s5101
118.00000000000725,2950,152,1.7701142878876144,1.7629470619409946,1.9378150305713397,5361.0,QIU,results/jerky_long_non_c_20260822/20260823T012450Z-364b2906f9/QIU-T900-s5101
120.00000000000756,3000,152,1.7648629397529967,1.756283535794252,1.9132733138393725,5353.0,QIU,results/jerky_long_non_c_20260822/20260823T012450Z-364b2906f9/QIU-T900-s5101
122.00000000000787,3050,152,1.7635424474160188,1.754732630770843,1.9066368283713935,5350.0,QIU,results/jerky_long_non_c_20260822/20260823T012450Z-364b2906f9/QIU-T900-s5101
124.00000000000819,3100,152,1.765454902200222,1.7555710070153387,1.9135870456425055,5348.0,QIU,results/jerky_long_non_c_20260822/20260823T012450Z-364b2906f9/QIU-T900-s5101
126.0000000000085,3150,151,1.7672732519833847,1.7595911982444066,1.914630557366741,5347.0,QIU,results/jerky_long_non_c_20260822/20260823T012450Z-364b2906f9/QIU-T900-s5101
128.0000000000088,3200,151,1.771276447182341,1.761175093951105,1.9265247561699583,5342.0,QIU,results/jerky_long_non_c_20260822/20260823T012450Z-364b2906f9/QIU-T900-s5101
130.0000000000084,3250,151,1.7686804266666931,1.7595911982444066,1.9226771648685343,5337.0,QIU,results/jerky_long_non_c_20260822/20260823T012450Z-364b2906f9/QIU-T900-s5101
132.00000000000801,3300,149,1.7738845556371492,1.769893267858808,1.9146736248842304,5339.0,QIU,results/jerky_long_non_c_20260822/20260823T012450Z-364b2906f9/QIU-T900-s5101
134.00000000000762,3350,149,1.7709689505526354,1.7637498611495286,1.9085533766145935,5328.0,QIU,results/jerky_long_non_c_20260822/20260823T012450Z-364b2906f9/QIU-T900-s5101
136.00000000000722,3400,149,1.7728203312920432,1.7671951271504909,1.9108135651555438,5326.0,QIU,results/jerky_long_non_c_20260822/20260823T012450Z-364b2906f9/QIU-T900-s5101
138.00000000000682,3450,149,1.770951925550755,1.7606039637725455,1.9085533766145935,5321.0,QIU,results/jerky_long_non_c_20260822/20260823T012450Z-364b2906f9/QIU-T900-s5101
140.00000000000642,3500,149,1.7712818075658232,1.761175093951105,1.9114295103479568,5314.0,QIU,results/jerky_long_non_c_20260822/20260823T012450Z-364b2906f9/QIU-T900-s5101
142.00000000000603,3550,148,1.7704588199964286,1.7624624775503168,1.9028815571497513,5309.0,QIU,results/jerky_long_non_c_20260822/20260823T012450Z-364b2906f9/QIU-T900-s5101
144.00000000000563,3600,148,1.7708749855958579,1.768131766528279,1.9015859726339226,5306.0,QIU,results/jerky_long_non_c_20260822/20260823T012450Z-364b2906f9/QIU-T900-s5101
146.00000000000523,3650,148,1.7724565987060168,1.7603831460977557,1.9140586012357153,5301.0,QIU,results/jerky_long_non_c_20260822/20260823T012450Z-364b2906f9/QIU-T900-s5101
148.00000000000483,3700,148,1.7708422307141112,1.7654724941500097,1.8968450046869527,5298.0,QIU,results/jerky_long_non_c_20260822/20260823T012450Z-364b2906f9/QIU-T900-s5101
150.00000000000443,3750,148,1.7686494351246047,1.760097581008476,1.902812471126699,5296.0,QIU,results/jerky_long_non_c_20260822/20260823T012450Z-364b2906f9/QIU-T900-s5101
152.00000000000404,3800,148,1.7722864888716818,1.7608895288618251,1.9155272856410541,5298.0,QIU,results/jerky_long_non_c_20260822/20260823T012450Z-364b2906f9/QIU-T900-s5101
154.00000000000364,3850,148,1.77027207582328,1.7675196321317719,1.9018914642549283,5295.0,QIU,results/jerky_long_non_c_20260822/20260823T012450Z-364b2906f9/QIU-T900-s5101
156.00000000000324,3900,148,1.7693953826363547,1.7654724941500097,1.8933942713226843,5292.0,QIU,results/jerky_long_non_c_20260822/20260823T012450Z-364b2906f9/QIU-T900-s5101
158.00000000000284,3950,148,1.767176994410081,1.7685441975046494,1.8920750564474358,5289.0,QIU,results/jerky_long_non_c_20260822/20260823T012450Z-364b2906f9/QIU-T900-s5101
160.00000000000244,4000,148,1.7707690785708614,1.768131766528279,1.8920750564474358,5292.0,QIU,results/jerky_long_non_c_20260822/20260823T012450Z-364b2906f9/QIU-T900-s5101
162.00000000000205,4050,148,1.7707610094174466,1.7685441975046494,1.8933942713226843,5292.0,QIU,results/jerky_long_non_c_20260822/20260823T012450Z-364b2906f9/QIU-T900-s5101
164.00000000000165,4100,148,1.7725994255110158,1.769893267858808,1.8926071405121414,5294.0,QIU,results/jerky_long_non_c_20260822/20260823T012450Z-364b2906f9/QIU-T900-s5101
166.00000000000125,4150,148,1.7730968823031568,1.7702033131014914,1.8984683477022732,5290.0,QIU,results/jerky_long_non_c_20260822/20260823T012450Z-364b2906f9/QIU-T900-s5101
168.00000000000085,4200,147,1.771941550284238,1.769893267858808,1.8955634253871805,5284.0,QIU,results/jerky_long_non_c_20260822/20260823T012450Z-364b2906f9/QIU-T900-s5101
170.00000000000045,4250,147,1.769806081272394,1.7609724348554874,1.9051436150852066,5276.0,QIU,results/jerky_long_non_c_20260822/20260823T012450Z-364b2906f9/QIU-T900-s5101
172.00000000000006,4300,147,1.769884854736412,1.7606039637725455,1.902633703430895,5275.0,QIU,results/jerky_long_non_c_20260822/20260823T012450Z-364b2906f9/QIU-T900-s5101
173.99999999999966,4350,147,1.7694552132061205,1.7637498611495286,1.8995951130548212,5273.0,QIU,results/jerky_long_non_c_20260822/20260823T012450Z-364b2906f9/QIU-T900-s5101
175.99999999999926,4400,147,1.7690434452640111,1.769893267858808,1.8935716326775862,5271.0,QIU,results/jerky_long_non_c_20260822/20260823T012450Z-364b2906f9/QIU-T900-s5101
177.99999999999886,4450,147,1.7704717470446554,1.7690684059060673,1.902633703430895,5272.0,QIU,results/jerky_long_non_c_20260822/20260823T012450Z-364b2906f9/QIU-T900-s5101
179.99999999999847,4500,147,1.7736559658369875,1.7690684059060673,1.9147166924017196,5276.0,QIU,results/jerky_long_non_c_20260822/20260823T012450Z-364b2906f9/QIU-T900-s5101
181.99999999999807,4550,145,1.776504535587909,1.768388256576615,1.914759759919209,5276.0,QIU,results/jerky_long_non_c_20260822/20260823T012450Z-364b2906f9/QIU-T900-s5101
183.99999999999767,4600,145,1.7787301201606553,1.7705133583441748,1.914759759919209,5276.0,QIU,results/jerky_long_non_c_20260822/20260823T012450Z-364b2906f9/QIU-T900-s5101
185.99999999999727,4650,145,1.7800581745116208,1.776894427937363,1.9165891366328323,5276.0,QIU,results/jerky_long_non_c_20260822/20260823T012450Z-364b2906f9/QIU-T900-s5101
187.99999999999687,4700,145,1.7763786562590405,1.769893267858808,1.9165891366328323,5262.0,QIU,results/jerky_long_non_c_20260822/20260823T012450Z-364b2906f9/QIU-T900-s5101
189.99999999999648,4750,145,1.7745203669335419,1.7671951271504909,1.914759759919209,5254.0,QIU,results/jerky_long_non_c_20260822/20260823T012450Z-364b2906f9/QIU-T900-s5101
191.99999999999608,4800,145,1.773455697689636,1.769893267858808,1.914759759919209,5253.0,QIU,results/jerky_long_non_c_20260822/20260823T012450Z-364b2906f9/QIU-T900-s5101
193.99999999999568,4850,143,1.7764203034499046,1.7637498611495286,1.925255393606027,5242.0,QIU,results/jerky_long_non_c_20260822/20260823T012450Z-364b2906f9/QIU-T900-s5101
195.99999999999528,4900,143,1.7760273036669303,1.7671951271504909,1.9281843842271633,5235.0,QIU,results/jerky_long_non_c_20260822/20260823T012450Z-364b2906f9/QIU-T900-s5101
197.99999999999488,4950,143,1.7784361711554348,1.7705133583441748,1.927603303667615,5224.0,QIU,results/jerky_long_non_c_20260822/20260823T012450Z-364b2906f9/QIU-T900-s5101
199.9999999999945,5000,143,1.7773710269173053,1.769893267858808,1.9292696691532578,5223.0,QIU,results/jerky_long_non_c_20260822/20260823T012450Z-364b2906f9/QIU-T900-s5101
201.9999999999941,5050,143,1.7775575077235817,1.7705133583441748,1.9402430509484563,5220.0,QIU,results/jerky_long_non_c_20260822/20260823T012450Z-364b2906f9/QIU-T900-s5101
203.9999999999937,5100,143,1.7709105783259256,1.7637498611495286,1.9296407719142787,5209.0,QIU,results/jerky_long_non_c_20260822/20260823T012450Z-364b2906f9/QIU-T900-s5101
205.9999999999933,5150,142,1.7769553684904251,1.768131766528279,1.9298361429937343,5211.0,QIU,results/jerky_long_non_c_20260822/20260823T012450Z-364b2906f9/QIU-T900-s5101
207.9999999999929,5200,142,1.7804588093990354,1.7714200594164935,1.9291979797567937,5208.0,QIU,results/jerky_long_non_c_20260822/20260823T012450Z-364b2906f9/QIU-T900-s5101
209.9999999999925,5250,142,1.7808811103609277,1.7733981026759675,1.920236557562558,5201.0,QIU,results/jerky_long_non_c_20260822/20260823T012450Z-364b2906f9/QIU-T900-s5101
211.9999999999921,5300,141,1.7786225062121763,1.7705133583441748,1.920835520074599,5191.0,QIU,results/jerky_long_non_c_20260822/20260823T012450Z-364b2906f9/QIU-T900-s5101
213.9999999999917,5350,141,1.7797492869453373,1.7705133583441748,1.9200596339078797,5187.0,QIU,results/jerky_long_non_c_20260822/20260823T012450Z-364b2906f9/QIU-T900-s5101
215.9999999999913,5400,141,1.777130260729487,1.7690684059060673,1.9148458949541876,5182.0,QIU,results/jerky_long_non_c_20260822/20260823T012450Z-364b2906f9/QIU-T900-s5101
217.9999999999909,5450,141,1.7783529810394858,1.769893267858808,1.9196750404652398,5183.0,QIU,results/jerky_long_non_c_20260822/20260823T012450Z-364b2906f9/QIU-T900-s5101
219.9999999999905,5500,141,1.774840644171865,1.769893267858808,1.929872812940647,5179.0,QIU,results/jerky_long_non_c_20260822/20260823T012450Z-364b2906f9/QIU-T900-s5101
221.9999999999901,5550,141,1.7768980613390288,1.769893267858808,1.92411199857366,5181.0,QIU,results/jerky_long_non_c_20260822/20260823T012450Z-364b2906f9/QIU-T900-s5101
223.9999999999897,5600,141,1.7757641773612354,1.769893267858808,1.92411199857366,5179.0,QIU,results/jerky_long_non_c_20260822/20260823T012450Z-364b2906f9/QIU-T900-s5101
225.9999999999893,5650,141,1.7756141952435096,1.768388256576615,1.92411199857366,5178.0,QIU,results/jerky_long_non_c_20260822/20260823T012450Z-364b2906f9/QIU-T900-s5101
227.99999999998892,5700,141,1.773729679199231,1.769893267858808,1.914630557366741,5177.0,QIU,results/jerky_long_non_c_20260822/20260823T012450Z-364b2906f9/QIU-T900-s5101
229.99999999998852,5750,141,1.7714277071643674,1.7671951271504909,1.914630557366741,5174.0,QIU,results/jerky_long_non_c_20260822/20260823T012450Z-364b2906f9/QIU-T900-s5101
231.99999999998812,5800,141,1.7710348077415445,1.7672036902803434,1.8928621872579787,5172.0,QIU,results/jerky_long_non_c_20260822/20260823T012450Z-364b2906f9/QIU-T900-s5101
233.99999999998772,5850,141,1.7741093564292327,1.769893267858808,1.9148458949541876,5177.0,QIU,results/jerky_long_non_c_20260822/20260823T012450Z-364b2906f9/QIU-T900-s5101
235.99999999998732,5900,141,1.774271441634016,1.769893267858808,1.9148458949541876,5176.0,QIU,results/jerky_long_non_c_20260822/20260823T012450Z-364b2906f9/QIU-T900-s5101
237.99999999998693,5950,141,1.7723781815139097,1.7632034533112593,1.9148458949541876,5173.0,QIU,results/jerky_long_non_c_20260822/20260823T012450Z-364b2906f9/QIU-T900-s5101
239.99999999998653,6000,141,1.771053825419834,1.7671951271504909,1.8950542061174516,5171.0,QIU,results/jerky_long_non_c_20260822/20260823T012450Z-364b2906f9/QIU-T900-s5101
241.99999999998613,6050,141,1.7705726329047276,1.7637498611495286,1.9148458949541876,5170.0,QIU,results/jerky_long_non_c_20260822/20260823T012450Z-364b2906f9/QIU-T900-s5101
243.99999999998573,6100,141,1.7703561545611375,1.7637498611495286,1.9148458949541876,5170.0,QIU,results/jerky_long_non_c_20260822/20260823T012450Z-364b2906f9/QIU-T900-s5101
245.99999999998533,6150,141,1.771811248052136,1.7671951271504909,1.9148458949541876,5172.0,QIU,results/jerky_long_non_c_20260822/20260823T012450Z-364b2906f9/QIU-T900-s5101
247.99999999998494,6200,141,1.771731956704343,1.7671951271504909,1.9148458949541876,5172.0,QIU,results/jerky_long_non_c_20260822/20260823T012450Z-364b2906f9/QIU-T900-s5101
249.99999999998454,6250,141,1.7727485283575972,1.769893267858808,1.9148458949541876,5173.0,QIU,results/jerky_long_non_c_20260822/20260823T012450Z-364b2906f9/QIU-T900-s5101
251.99999999998414,6300,141,1.7727124723706453,1.768388256576615,1.9148458949541876,5172.0,QIU,results/jerky_long_non_c_20260822/20260823T012450Z-364b2906f9/QIU-T900-s5101
253.99999999998374,6350,141,1.7731783530603231,1.769893267858808,1.9148458949541876,5173.0,QIU,results/jerky_long_non_c_20260822/20260823T012450Z-364b2906f9/QIU-T900-s5101
255.99999999998334,6400,141,1.771001056182888,1.769893267858808,1.9148458949541876,5170.0,QIU,results/jerky_long_non_c_20260822/20260823T012450Z-364b2906f9/QIU-T900-s5101
257.99999999998437,6450,141,1.7695137417365563,1.768388256576615,1.914630557366741,5168.0,QIU,results/jerky_long_non_c_20260822/20260823T012450Z-364b2906f9/QIU-T900-s5101
259.9999999999854,6500,141,1.7716899773084704,1.7671951271504909,1.914630557366741,5170.0,QIU,results/jerky_long_non_c_20260822/20260823T012450Z-364b2906f9/QIU-T900-s5101
261.9999999999864,6550,141,1.7754603246149876,1.769893267858808,1.9148458949541876,5173.0,QIU,results/jerky_long_non_c_20260822/20260823T012450Z-364b2906f9/QIU-T900-s5101
263.99999999998744,6600,141,1.7729621287007031,1.768388256576615,1.9148458949541876,5170.0,QIU,results/jerky_long_non_c_20260822/20260823T012450Z-364b2906f9/QIU-T900-s5101
265.99999999998846,6650,141,1.774952998530452,1.769893267858808,1.920835520074599,5174.0,QIU,results/jerky_long_non_c_20260822/20260823T012450Z-364b2906f9/QIU-T900-s5101
267.9999999999895,6700,141,1.7733377607515495,1.768388256576615,1.9183854747683813,5172.0,QIU,results/jerky_long_non_c_20260822/20260823T012450Z-364b2906f9/QIU-T900-s5101
269.9999999999905,6750,141,1.774006191256828,1.768388256576615,1.92411199857366,5172.0,QIU,results/jerky_long_non_c_20260822/20260823T012450Z-364b2906f9/QIU-T900-s5101
271.99999999999153,6800,141,1.7726425255793565,1.7637498611495286,1.9183854747683813,5170.0,QIU,results/jerky_long_non_c_20260822/20260823T012450Z-364b2906f9/QIU-T900-s5101
273.99999999999255,6850,141,1.7743305219156864,1.7671951271504909,1.9183854747683813,5171.0,QIU,results/jerky_long_non_c_20260822/20260823T012450Z-364b2906f9/QIU-T900-s5101
275.9999999999936,6900,141,1.7728898533911048,1.7643873781680703,1.918927974828778,5168.0,QIU,results/jerky_long_non_c_20260822/20260823T012450Z-364b2906f9/QIU-T900-s5101
277.9999999999946,6950,141,1.7758501487302787,1.7629470619409946,1.9183854747683813,5171.0,QIU,results/jerky_long_non_c_20260822/20260823T012450Z-364b2906f9/QIU-T900-s5101
279.9999999999956,7000,141,1.7737909463770776,1.7671951271504909,1.915164481872474,5168.0,QIU,results/jerky_long_non_c_20260822/20260823T012450Z-364b2906f9/QIU-T900-s5101
281.99999999999665,7050,141,1.7752565238973033,1.7671951271504909,1.9197755129340148,5169.0,QIU,results/jerky_long_non_c_20260822/20260823T012450Z-364b2906f9/QIU-T900-s5101
283.99999999999767,7100,141,1.7714384089316328,1.7580218426587522,1.9148458949541876,5165.0,QIU,results/jerky_long_non_c_20260822/20260823T012450Z-364b2906f9/QIU-T900-s5101
285.9999999999987,7150,141,1.7685496178011684,1.750704374010849,1.9148458949541876,5162.0,QIU,results/jerky_long_non_c_20260822/20260823T012450Z-364b2906f9/QIU-T900-s5101
287.9999999999997,7200,141,1.7670514194601155,1.7480068326025116,1.914630557366741,5160.0,QIU,results/jerky_long_non_c_20260822/20260823T012450Z-364b2906f9/QIU-T900-s5101
290.00000000000074,7250,141,1.7705300167339724,1.750704374010849,1.9138134771795614,5165.0,QIU,results/jerky_long_non_c_20260822/20260823T012450Z-364b2906f9/QIU-T900-s5101
292.00000000000176,7300,141,1.7681831931970848,1.7486239172384057,1.9138134771795614,5161.0,QIU,results/jerky_long_non_c_20260822/20260823T012450Z-364b2906f9/QIU-T900-s5101
294.0000000000028,7350,141,1.767815823901131,1.7480068326025116,1.9138134771795614,5160.0,QIU,results/jerky_long_non_c_20260822/20260823T012450Z-364b2906f9/QIU-T900-s5101
296.0000000000038,7400,141,1.7677118768292461,1.7468225461305589,1.9138134771795614,5160.0,QIU,results/jerky_long_non_c_20260822/20260823T012450Z-364b2906f9/QIU-T900-s5101
298.00000000000483,7450,141,1.7671932331955547,1.7480068326025116,1.9138134771795614,5158.0,QIU,results/jerky_long_non_c_20260822/20260823T012450Z-364b2906f9/QIU-T900-s5101
300.00000000000585,7500,141,1.7684442959866316,1.7480068326025116,1.914630557366741,5160.0,QIU,results/jerky_long_non_c_20260822/20260823T012450Z-364b2906f9/QIU-T900-s5101
302.0000000000069,7550,141,1.7682673234788338,1.7480068326025116,1.914630557366741,5160.0,QIU,results/jerky_long_non_c_20260822/20260823T012450Z-364b2906f9/QIU-T900-s5101
304.0000000000079,7600,141,1.76884394296842,1.7480068326025116,1.9148458949541876,5161.0,QIU,results/jerky_long_non_c_20260822/20260823T012450Z-364b2906f9/QIU-T900-s5101
306.0000000000089,7650,141,1.7692086884538838,1.7480068326025116,1.9177512977519289,5161.0,QIU,results/jerky_long_non_c_20260822/20260823T012450Z-364b2906f9/QIU-T900-s5101
308.00000000000995,7700,141,1.7742958807072358,1.750704374010849,1.9197755129340148,5167.0,QIU,results/jerky_long_non_c_20260822/20260823T012450Z-364b2906f9/QIU-T900-s5101
310.00000000001097,7750,141,1.7674994030502125,1.7501574498077839,1.9197755129340148,5158.0,QIU,results/jerky_long_non_c_20260822/20260823T012450Z-364b2906f9/QIU-T900-s5101
312.000000000012,7800,141,1.7687568586212958,1.7522201353736286,1.9177512977519289,5158.0,QIU,results/jerky_long_non_c_20260822/20260823T012450Z-364b2906f9/QIU-T900-s5101
314.000000000013,7850,141,1.7713801262332174,1.7480068326025116,1.9148458949541876,5161.0,QIU,results/jerky_long_non_c_20260822/20260823T012450Z-364b2906f9/QIU-T900-s5101
316.00000000001404,7900,141,1.7695859891878392,1.7522201353736286,1.914630557366741,5157.0,QIU,results/jerky_long_non_c_20260822/20260823T012450Z-364b2906f9/QIU-T900-s5101
318.00000000001506,7950,141,1.773083835514552,1.7629470619409944,1.914630557366741,5162.0,QIU,results/jerky_long_non_c_20260822/20260823T012450Z-364b2906f9/QIU-T900-s5101
320.0000000000161,8000,141,1.7659205186091564,1.7522201353736286,1.9138134771795614,5152.0,QIU,results/jerky_long_non_c_20260822/20260823T012450Z-364b2906f9/QIU-T900-s5101
322.0000000000171,8050,140,1.7730676367092302,1.7650710945457426,1.9151364352339617,5159.0,QIU,results/jerky_long_non_c_20260822/20260823T012450Z-364b2906f9/QIU-T900-s5101
324.00000000001813,8100,140,1.7698752046057842,1.7616265526395711,1.9151364352339617,5153.0,QIU,results/jerky_long_non_c_20260822/20260823T012450Z-364b2906f9/QIU-T900-s5101
326.00000000001916,8150,140,1.7701490478758786,1.7600204339868903,1.9138951851982793,5152.0,QIU,results/jerky_long_non_c_20260822/20260823T012450Z-364b2906f9/QIU-T900-s5101
328.0000000000202,8200,140,1.7712295670348686,1.7584201664039825,1.915772505316135,5150.0,QIU,results/jerky_long_non_c_20260822/20260823T012450Z-364b2906f9/QIU-T900-s5101
330.0000000000212,8250,140,1.7731817163727348,1.7648050308409626,1.9166168255336087,5146.0,QIU,results/jerky_long_non_c_20260822/20260823T012450Z-364b2906f9/QIU-T900-s5101
332.0000000000222,8300,140,1.7713533255036875,1.7563063210059717,1.9151364352339617,5144.0,QIU,results/jerky_long_non_c_20260822/20260823T012450Z-364b2906f9/QIU-T900-s5101
334.00000000002325,8350,140,1.7718611605526393,1.7643063195018904,1.9153288095052927,5143.0,QIU,results/jerky_long_non_c_20260822/20260823T012450Z-364b2906f9/QIU-T900-s5101
336.0000000000243,8400,140,1.7705009728582877,1.7522988224389098,1.915772505316135,5140.0,QIU,results/jerky_long_non_c_20260822/20260823T012450Z-364b2906f9/QIU-T900-s5101
338.0000000000253,8450,140,1.7754874082984238,1.7605837467750745,1.9247800643008914,5144.0,QIU,results/jerky_long_non_c_20260822/20260823T012450Z-364b2906f9/QIU-T900-s5101
340.0000000000263,8500,140,1.7761920040438484,1.7678233383016373,1.915772505316135,5143.0,QIU,results/jerky_long_non_c_20260822/20260823T012450Z-364b2906f9/QIU-T900-s5101
342.00000000002734,8550,140,1.777759571970416,1.7694808368824377,1.9244073244059403,5144.0,QIU,results/jerky_long_non_c_20260822/20260823T012450Z-364b2906f9/QIU-T900-s5101
344.00000000002836,8600,139,1.7758309280464897,1.757093806032786,1.9254481300281225,5128.0,QIU,results/jerky_long_non_c_20260822/20260823T012450Z-364b2906f9/QIU-T900-s5101
346.0000000000294,8650,138,1.7781321864445156,1.769893267858808,1.9176257260400293,5131.0,QIU,results/jerky_long_non_c_20260822/20260823T012450Z-364b2906f9/QIU-T900-s5101
348.0000000000304,8700,138,1.7740335834017036,1.7703603403256953,1.9140586012357153,5123.0,QIU,results/jerky_long_non_c_20260822/20260823T012450Z-364b2906f9/QIU-T900-s5101
350.00000000003143,8750,137,1.7770223353479777,1.769893267858808,1.9149733297215021,5122.0,QIU,results/jerky_long_non_c_20260822/20260823T012450Z-364b2906f9/QIU-T900-s5101
352.00000000003246,8800,137,1.7787863580778733,1.769893267858808,1.9147166924017196,5123.0,QIU,results/jerky_long_non_c_20260822/20260823T012450Z-364b2906f9/QIU-T900-s5101
354.0000000000335,8850,137,1.7834235025245142,1.7781448814404859,1.9141403092544333,5118.0,QIU,results/jerky_long_non_c_20260822/20260823T012450Z-364b2906f9/QIU-T900-s5101
356.0000000000345,8900,136,1.784041470728047,1.7711883696726949,1.9150051884133308,5117.0,QIU,results/jerky_long_non_c_20260822/20260823T012450Z-364b2906f9/QIU-T900-s5101
358.0000000000355,8950,136,1.78432000216789,1.7703603403256953,1.927452327209816,5105.0,QIU,results/jerky_long_non_c_20260822/20260823T012450Z-364b2906f9/QIU-T900-s5101
360.00000000003655,9000,136,1.7836903227601895,1.7729621329695648,1.927452327209816,5096.0,QIU,results/jerky_long_non_c_20260822/20260823T012450Z-364b2906f9/QIU-T900-s5101
362.0000000000376,9050,135,1.7829491055792492,1.7759306618208033,1.9281203929370474,5093.0,QIU,results/jerky_long_non_c_20260822/20260823T012450Z-364b2906f9/QIU-T900-s5101
364.0000000000386,9100,135,1.781043811548153,1.769893267858808,1.9281203929370474,5082.0,QIU,results/jerky_long_non_c_20260822/20260823T012450Z-364b2906f9/QIU-T900-s5101
366.0000000000396,9150,135,1.7777302388718172,1.769893267858808,1.925559653131439,5077.0,QIU,results/jerky_long_non_c_20260822/20260823T012450Z-364b2906f9/QIU-T900-s5101
368.00000000004064,9200,135,1.7799462306530551,1.769893267858808,1.9281203929370474,5079.0,QIU,results/jerky_long_non_c_20260822/20260823T012450Z-364b2906f9/QIU-T900-s5101
370.00000000004167,9250,135,1.779381365812526,1.769893267858808,1.9204055571258711,5079.0,QIU,results/jerky_long_non_c_20260822/20260823T012450Z-364b2906f9/QIU-T900-s5101
372.0000000000427,9300,135,1.7803656330833793,1.769893267858808,1.9275684871938523,5080.0,QIU,results/jerky_long_non_c_20260822/20260823T012450Z-364b2906f9/QIU-T900-s5101
374.0000000000437,9350,135,1.7821017318122179,1.769893267858808,1.9278214124765496,5082.0,QIU,results/jerky_long_non_c_20260822/20260823T012450Z-364b2906f9/QIU-T900-s5101
376.00000000004474,9400,135,1.7804505957903085,1.769893267858808,1.9204055571258711,5080.0,QIU,results/jerky_long_non_c_20260822/20260823T012450Z-364b2906f9/QIU-T900-s5101
378.00000000004576,9450,135,1.778374225155594,1.769893267858808,1.922410631361425,5077.0,QIU,results/jerky_long_non_c_20260822/20260823T012450Z-364b2906f9/QIU-T900-s5101
380.0000000000468,9500,135,1.7788543732573419,1.769893267858808,1.9275684871938523,5078.0,QIU,results/jerky_long_non_c_20260822/20260823T012450Z-364b2906f9/QIU-T900-s5101
382.0000000000478,9550,135,1.7777107197500324,1.769893267858808,1.9304247186838421,5077.0,QIU,results/jerky_long_non_c_20260822/20260823T012450Z-364b2906f9/QIU-T900-s5101
384.00000000004883,9600,135,1.7764587365332347,1.769893267858808,1.92411199857366,5075.0,QIU,results/jerky_long_non_c_20260822/20260823T012450Z-364b2906f9/QIU-T900-s5101
386.00000000004985,9650,135,1.7777640743540075,1.769893267858808,1.9275684871938523,5077.0,QIU,results/jerky_long_non_c_20260822/20260823T012450Z-364b2906f9/QIU-T900-s5101
388.0000000000509,9700,135,1.779291249158128,1.769893267858808,1.9275684871938523,5080.0,QIU,results/jerky_long_non_c_20260822/20260823T012450Z-364b2906f9/QIU-T900-s5101
390.0000000000519,9750,135,1.7783613583141349,1.769893267858808,1.9268613323958605,5078.0,QIU,results/jerky_long_non_c_20260822/20260823T012450Z-364b2906f9/QIU-T900-s5101
392.0000000000529,9800,135,1.7788607382409043,1.769893267858808,1.9268613323958605,5079.0,QIU,results/jerky_long_non_c_20260822/20260823T012450Z-364b2906f9/QIU-T900-s5101
394.00000000005394,9850,135,1.779313988760011,1.768388256576615,1.9294013764086524,5080.0,QIU,results/jerky_long_non_c_20260822/20260823T012450Z-364b2906f9/QIU-T900-s5101
396.00000000005497,9900,135,1.7784583516169492,1.7657534087444664,1.9268613323958605,5078.0,QIU,results/jerky_long_non_c_20260822/20260823T012450Z-364b2906f9/QIU-T900-s5101
398.000000000056,9950,135,1.779174060839507,1.7657534087444664,1.9279426496341703,5079.0,QIU,results/jerky_long_non_c_20260822/20260823T012450Z-364b2906f9/QIU-T900-s5101
400.000000000057,10000,135,1.778606647908348,1.768388256576615,1.9268613323958605,5079.0,QIU,results/jerky_long_non_c_20260822/20260823T012450Z-364b2906f9/QIU-T900-s5101
0.0,0,190,1.7920895484123613,1.7854416702856883,1.956505991785691,6086.0,S,results/jerky_long_non_c_20260822/20260823T012450Z-364b2906f9/S-T900-s5101
0.8000000000000002,20,188,1.796051643713069,1.7904506397748141,1.9670892129980455,6049.0,S,results/jerky_long_non_c_20260822/20260823T012450Z-364b2906f9/S-T900-s5101
1.6000000000000008,40,186,1.7927501439610736,1.7804601948989913,1.9673676081348437,6006.0,S,results/jerky_long_non_c_20260822/20260823T012450Z-364b2906f9/S-T900-s5101
2.4000000000000012,60,183,1.7901089520592375,1.7862259120342572,1.944422695531132,5973.0,S,results/jerky_long_non_c_20260822/20260823T012450Z-364b2906f9/S-T900-s5101
3.200000000000002,80,180,1.7867590805864653,1.7884628629837378,1.9492368910053661,5945.0,S,results/jerky_long_non_c_20260822/20260823T012450Z-364b2906f9/S-T900-s5101
4.000000000000003,100,178,1.7843279105543184,1.7837596314222424,1.9408679741211314,5917.0,S,results/jerky_long_non_c_20260822/20260823T012450Z-364b2906f9/S-T900-s5101
4.800000000000003,120,177,1.7869885769732494,1.7776146300891886,1.9500963766590753,5879.0,S,results/jerky_long_non_c_20260822/20260823T012450Z-364b2906f9/S-T900-s5101
5.600000000000004,140,177,1.791417269762952,1.7793720345677742,1.9518136633658942,5862.0,S,results/jerky_long_non_c_20260822/20260823T012450Z-364b2906f9/S-T900-s5101
6.400000000000005,160,177,1.7862078734049067,1.7762828470077605,1.950454783188011,5837.0,S,results/jerky_long_non_c_20260822/20260823T012450Z-364b2906f9/S-T900-s5101
7.2000000000000055,180,177,1.7939781680920814,1.7799607973733294,1.9774109711904515,5829.0,S,results/jerky_long_non_c_20260822/20260823T012450Z-364b2906f9/S-T900-s5101
8.000000000000005,200,177,1.7854406518425077,1.769893267858808,1.9421354943731286,5803.0,S,results/jerky_long_non_c_20260822/20260823T012450Z-364b2906f9/S-T900-s5101
8.799999999999988,220,177,1.7792703243483987,1.7714637144141396,1.920406159255281,5776.0,S,results/jerky_long_non_c_20260822/20260823T012450Z-364b2906f9/S-T900-s5101
9.599999999999971,240,176,1.7770745621646873,1.7605735034963557,1.9373428151640908,5768.0,S,results/jerky_long_non_c_20260822/20260823T012450Z-364b2906f9/S-T900-s5101
10.399999999999954,260,175,1.7779349332146948,1.757539248867556,1.941685098964062,5759.0,S,results/jerky_long_non_c_20260822/20260823T012450Z-364b2906f9/S-T900-s5101
11.199999999999937,280,175,1.7797391325874758,1.7629470619409944,1.9401745443583431,5758.0,S,results/jerky_long_non_c_20260822/20260823T012450Z-364b2906f9/S-T900-s5101
11.99999999999992,300,175,1.7704405321076826,1.7605430432201659,1.9291734095657393,5736.0,S,results/jerky_long_non_c_20260822/20260823T012450Z-364b2906f9/S-T900-s5101
12.799999999999903,320,175,1.766953310534953,1.7451395158607825,1.93298899366609,5728.0,S,results/jerky_long_non_c_20260822/20260823T012450Z-364b2906f9/S-T900-s5101
13.599999999999886,340,174,1.7676049607652324,1.7569741543270427,1.906500135512445,5722.0,S,results/jerky_long_non_c_20260822/20260823T012450Z-364b2906f9/S-T900-s5101
14.399999999999869,360,173,1.7649020846579313,1.7496641456246271,1.9109761938963714,5710.0,S,results/jerky_long_non_c_20260822/20260823T012450Z-364b2906f9/S-T900-s5101
15.199999999999852,380,173,1.7623023135940763,1.7478315411030527,1.9093824483593975,5690.0,S,results/jerky_long_non_c_20260822/20260823T012450Z-364b2906f9/S-T900-s5101
15.999999999999835,400,173,1.7545927357041706,1.7361204549227467,1.914382668116935,5676.0,S,results/jerky_long_non_c_20260822/20260823T012450Z-364b2906f9/S-T900-s5101
16.79999999999982,420,172,1.7542386364397726,1.7450387038359172,1.910235683994606,5671.0,S,results/jerky_long_non_c_20260822/20260823T012450Z-364b2906f9/S-T900-s5101
17.599999999999802,440,172,1.7529973723584753,1.7425729572767854,1.9022000110179083,5665.0,S,results/jerky_long_non_c_20260822/20260823T012450Z-364b2906f9/S-T900-s5101
18.399999999999785,460,172,1.753831238647836,1.7425729572767854,1.9059661375029069,5662.0,S,results/jerky_long_non_c_20260822/20260823T012450Z-364b2906f9/S-T900-s5101
19.19999999999977,480,172,1.755159651040912,1.7422944438628583,1.9093733478108603,5653.0,S,results/jerky_long_non_c_20260822/20260823T012450Z-364b2906f9/S-T900-s5101
19.99999999999975,500,172,1.7594326561510911,1.7464539452635877,1.9089091383380163,5653.0,S,results/jerky_long_non_c_20260822/20260823T012450Z-364b2906f9/S-T900-s5101
20.799999999999734,520,172,1.7580076995910272,1.744252849674989,1.9002554441336366,5649.0,S,results/jerky_long_non_c_20260822/20260823T012450Z-364b2906f9/S-T900-s5101
21.599999999999717,540,171,1.7557996273004712,1.7451395158607825,1.8946358008069974,5642.0,S,results/jerky_long_non_c_20260822/20260823T012450Z-364b2906f9/S-T900-s5101
22.3999999999997,560,170,1.7572860368434091,1.745782814878188,1.8951652007511663,5638.0,S,results/jerky_long_non_c_20260822/20260823T012450Z-364b2906f9/S-T900-s5101
23.199999999999683,580,169,1.7527671783472276,1.7447211054735594,1.895099613097089,5629.0,S,results/jerky_long_non_c_20260822/20260823T012450Z-364b2906f9/S-T900-s5101
23.999999999999666,600,169,1.7552750250286457,1.7430445104395809,1.9002379711635373,5627.0,S,results/jerky_long_non_c_20260822/20260823T012450Z-364b2906f9/S-T900-s5101
24.79999999999965,620,167,1.7483328910165974,1.7407571900676053,1.8886157309342195,5626.0,S,results/jerky_long_non_c_20260822/20260823T012450Z-364b2906f9/S-T900-s5101
25.599999999999632,640,167,1.7442539027633097,1.7353022827438913,1.890948875678881,5618.0,S,results/jerky_long_non_c_20260822/20260823T012450Z-364b2906f9/S-T900-s5101
26.399999999999615,660,167,1.744194810574646,1.7406312763468048,1.8918961820863145,5609.0,S,results/jerky_long_non_c_20260822/20260823T012450Z-364b2906f9/S-T900-s5101
27.199999999999598,680,167,1.7449411118674205,1.7407571900676053,1.890762183663524,5603.0,S,results/jerky_long_non_c_20260822/20260823T012450Z-364b2906f9/S-T900-s5101
27.99999999999958,700,167,1.7455271849994671,1.7383858799634886,1.8972442709221884,5591.0,S,results/jerky_long_non_c_20260822/20260823T012450Z-364b2906f9/S-T900-s5101
28.799999999999564,720,167,1.744372611128609,1.7407571900676053,1.8918473543507426,5589.0,S,results/jerky_long_non_c_20260822/20260823T012450Z-364b2906f9/S-T900-s5101
29.599999999999547,740,167,1.747457155873758,1.741301346738461,1.898511227607949,5590.0,S,results/jerky_long_non_c_20260822/20260823T012450Z-364b2906f9/S-T900-s5101
30.39999999999953,760,166,1.7454187534134866,1.7365547782724362,1.8924791794825986,5583.0,S,results/jerky_long_non_c_20260822/20260823T012450Z-364b2906f9/S-T900-s5101
31.199999999999513,780,166,1.746551178023221,1.740836495634351,1.895717419852065,5576.0,S,results/jerky_long_non_c_20260822/20260823T012450Z-364b2906f9/S-T900-s5101
31.999999999999496,800,166,1.7456187703206816,1.7365547782724362,1.9004793250183207,5575.0,S,results/jerky_long_non_c_20260822/20260823T012450Z-364b2906f9/S-T900-s5101
33.99999999999945,850,166,1.7499019516641174,1.7411013614789934,1.8976789933803686,5570.0,S,results/jerky_long_non_c_20260822/20260823T012450Z-364b2906f9/S-T900-s5101
35.99999999999941,900,166,1.754247715884987,1.7469178522794935,1.9123518806390771,5569.0,S,results/jerky_long_non_c_20260822/20260823T012450Z-364b2906f9/S-T900-s5101
37.99999999999937,950,165,1.749795988393152,1.7372692164771173,1.9137607206312781,5560.0,S,results/jerky_long_non_c_20260822/20260823T012450Z-364b2906f9/S-T900-s5101
39.999999999999325,1000,165,1.7475431708032299,1.7369591743801849,1.9133059922224442,5555.0,S,results/jerky_long_non_c_20260822/20260823T012450Z-364b2906f9/S-T900-s5101
41.99999999999928,1050,165,1.754542827953922,1.7372692164771173,1.9105414097159952,5564.0,S,results/jerky_long_non_c_20260822/20260823T012450Z-364b2906f9/S-T900-s5101
43.99999999999924,1100,165,1.752455308555282,1.7372692164771173,1.9042255138074557,5555.0,S,results/jerky_long_non_c_20260822/20260823T012450Z-364b2906f9/S-T900-s5101
45.9999999999992,1150,164,1.7569821330958488,1.7401572626313397,1.9106550918182037,5563.0,S,results/jerky_long_non_c_20260822/20260823T012450Z-364b2906f9/S-T900-s5101
47.999999999999154,1200,165,1.7607651834893538,1.7380443217194481,1.9108873987227166,5571.0,S,results/jerky_long_non_c_20260822/20260823T012450Z-364b2906f9/S-T900-s5101
49.99999999999911,1250,165,1.750532241391113,1.7409158012010966,1.9105414097159952,5554.0,S,results/jerky_long_non_c_20260822/20260823T012450Z-364b2906f9/S-T900-s5101
51.99999999999907,1300,165,1.7551419296597266,1.7409158012010966,1.911223502329246,5562.0,S,results/jerky_long_non_c_20260822/20260823T012450Z-364b2906f9/S-T900-s5101
53.99999999999903,1350,165,1.764467617632943,1.741301346738461,1.9076057957846289,5577.0,S,results/jerky_long_non_c_20260822/20260823T012450Z-364b2906f9/S-T900-s5101
55.999999999998984,1400,165,1.7555469450408343,1.739557335195074,1.903098753148398,5564.0,S,results/jerky_long_non_c_20260822/20260823T012450Z-364b2906f9/S-T900-s5101
57.99999999999894,1450,164,1.757889193383562,1.7402365681980854,1.9002189207192641,5566.0,S,results/jerky_long_non_c_20260822/20260823T012450Z-364b2906f9/S-T900-s5101
59.9999999999989,1500,165,1.7626733354432667,1.739557335195074,1.903098753148398,5574.0,S,results/jerky_long_non_c_20260822/20260823T012450Z-364b2906f9/S-T900-s5101
61.999999999998856,1550,165,1.7608436030012284,1.7372692164771173,1.903098753148398,5572.0,S,results/jerky_long_non_c_20260822/20260823T012450Z-364b2906f9/S-T900-s5101
63.99999999999881,1600,164,1.7661603513163888,1.7409872105425819,1.9104647978645068,5578.0,S,results/jerky_long_non_c_20260822/20260823T012450Z-364b2906f9/S-T900-s5101
65.99999999999912,1650,165,1.758231795495443,1.7383858799634886,1.903098753148398,5568.0,S,results/jerky_long_non_c_20260822/20260823T012450Z-364b2906f9/S-T900-s5101
67.99999999999943,1700,165,1.7600117036315919,1.7374057129977794,1.903098753148398,5570.0,S,results/jerky_long_non_c_20260822/20260823T012450Z-364b2906f9/S-T900-s5101
69.99999999999974,1750,165,1.760185299575971,1.739557335195074,1.903098753148398,5570.0,S,results/jerky_long_non_c_20260822/20260823T012450Z-364b2906f9/S-T900-s5101
72.00000000000006,1800,165,1.759422651365056,1.739557335195074,1.903098753148398,5570.0,S,results/jerky_long_non_c_20260822/20260823T012450Z-364b2906f9/S-T900-s5101
74.00000000000037,1850,165,1.7597293534169562,1.7409158012010966,1.909070933483713,5571.0,S,results/jerky_long_non_c_20260822/20260823T012450Z-364b2906f9/S-T900-s5101
76.00000000000068,1900,165,1.7620877695264148,1.7406312763468048,1.9076057957846289,5575.0,S,results/jerky_long_non_c_20260822/20260823T012450Z-364b2906f9/S-T900-s5101
78.000000000001,1950,165,1.7639974465911405,1.7409158012010966,1.9076057957846289,5578.0,S,results/jerky_long_non_c_20260822/20260823T012450Z-364b2906f9/S-T900-s5101
80.00000000000131,2000,165,1.7660688179652142,1.7410586198840672,1.9076057957846289,5580.0,S,results/jerky_long_non_c_20260822/20260823T012450Z-364b2906f9/S-T900-s5101
82.00000000000162,2050,164,1.7648506377181645,1.7421729285890208,1.9104647978645068,5577.0,S,results/jerky_long_non_c_20260822/20260823T012450Z-364b2906f9/S-T900-s5101
84.00000000000193,2100,165,1.761584186060299,1.7409158012010966,1.9087292228322692,5574.0,S,results/jerky_long_non_c_20260822/20260823T012450Z-364b2906f9/S-T900-s5101
86.00000000000225,2150,165,1.7616825034934471,1.7383858799634886,1.9076057957846289,5575.0,S,results/jerky_long_non_c_20260822/20260823T012450Z-364b2906f9/S-T900-s5101
88.00000000000256,2200,164,1.7634414354230477,1.7402365681980854,1.9081691761141577,5575.0,S,results/jerky_long_non_c_20260822/20260823T012450Z-364b2906f9/S-T900-s5101
90.00000000000287,2250,165,1.7623762618890395,1.7410586198840672,1.9103783006128265,5576.0,S,results/jerky_long_non_c_20260822/20260823T012450Z-364b2906f9/S-T900-s5101
92.00000000000318,2300,165,1.757737465871247,1.7383858799634886,1.9076057957846289,5568.0,S,results/jerky_long_non_c_20260822/20260823T012450Z-364b2906f9/S-T900-s5101
94.0000000000035,2350,165,1.7567905236925794,1.739557335195074,1.9012285627761476,5566.0,S,results/jerky_long_non_c_20260822/20260823T012450Z-364b2906f9/S-T900-s5101
96.00000000000381,2400,165,1.7519965655714658,1.7356897567380285,1.8978681648106053,5559.0,S,results/jerky_long_non_c_20260822/20260823T012450Z-364b2906f9/S-T900-s5101
98.00000000000412,2450,164,1.7613574170177053,1.7421729285890208,1.8980573362408417,5570.0,S,results/jerky_long_non_c_20260822/20260823T012450Z-364b2906f9/S-T900-s5101
100.00000000000443,2500,165,1.7595153735030347,1.7362357428206767,1.9103783006128265,5571.0,S,results/jerky_long_non_c_20260822/20260823T012450Z-364b2906f9/S-T900-s5101
102.00000000000475,2550,165,1.7589182047545926,1.7409158012010966,1.9076057957846289,5569.0,S,results/jerky_long_non_c_20260822/20260823T012450Z-364b2906f9/S-T900-s5101
104.00000000000506,2600,165,1.7613771071329543,1.741301346738461,1.9076057957846289,5572.0,S,results/jerky_long_non_c_20260822/20260823T012450Z-364b2906f9/S-T900-s5101
106.00000000000537,2650,165,1.7569821576704434,1.7409158012010966,1.9012285627761476,5565.0,S,results/jerky_long_non_c_20260822/20260823T012450Z-364b2906f9/S-T900-s5101
108.00000000000568,2700,164,1.7588460000295107,1.7421729285890208,1.8961039356025293,5566.0,S,results/jerky_long_non_c_20260822/20260823T012450Z-364b2906f9/S-T900-s5101
110.000000000006,2750,164,1.755810613129832,1.737827548220303,1.8961039356025293,5561.0,S,results/jerky_long_non_c_20260822/20260823T012450Z-364b2906f9/S-T900-s5101
112.00000000000631,2800,165,1.7577061353201489,1.739557335195074,1.9012285627761476,5564.0,S,results/jerky_long_non_c_20260822/20260823T012450Z-364b2906f9/S-T900-s5101
114.00000000000662,2850,165,1.755403287360927,1.7383858799634886,1.8958942020603105,5562.0,S,results/jerky_long_non_c_20260822/20260823T012450Z-364b2906f9/S-T900-s5101
116.00000000000693,2900,165,1.7572391701831025,1.739557335195074,1.9012285627761476,5565.0,S,results/jerky_long_non_c_20260822/20260823T012450Z-364b2906f9/S-T900-s5101
118.00000000000725,2950,165,1.7567298098895634,1.7406312763468048,1.8958942020603105,5564.0,S,results/jerky_long_non_c_20260822/20260823T012450Z-364b2906f9/S-T900-s5101
120.00000000000756,3000,165,1.7547648227706987,1.7383858799634886,1.8958942020603105,5561.0,S,results/jerky_long_non_c_20260822/20260823T012450Z-364b2906f9/S-T900-s5101
122.00000000000787,3050,165,1.7576300595148306,1.739557335195074,1.9012285627761476,5566.0,S,results/jerky_long_non_c_20260822/20260823T012450Z-364b2906f9/S-T900-s5101
124.00000000000819,3100,165,1.7602235680643603,1.7406312763468048,1.9076057957846289,5569.0,S,results/jerky_long_non_c_20260822/20260823T012450Z-364b2906f9/S-T900-s5101
126.0000000000085,3150,165,1.7592647155858534,1.741301346738461,1.9076057957846289,5568.0,S,results/jerky_long_non_c_20260822/20260823T012450Z-364b2906f9/S-T900-s5101
128.0000000000088,3200,165,1.7579821105404694,1.7409158012010966,1.901985248497094,5565.0,S,results/jerky_long_non_c_20260822/20260823T012450Z-364b2906f9/S-T900-s5101
130.0000000000084,3250,165,1.7577907304168685,1.7383858799634886,1.9076057957846289,5565.0,S,results/jerky_long_non_c_20260822/20260823T012450Z-364b2906f9/S-T900-s5101
132.00000000000801,3300,165,1.7592707023120284,1.7409158012010966,1.9076057957846289,5567.0,S,results/jerky_long_non_c_20260822/20260823T012450Z-364b2906f9/S-T900-s5101
134.00000000000762,3350,165,1.7606270509124697,1.739557335195074,1.9162048641736626,5568.0,S,results/jerky_long_non_c_20260822/20260823T012450Z-364b2906f9/S-T900-s5101
136.00000000000722,3400,164,1.7630480953532108,1.7409872105425819,1.9104647978645068,5568.0,S,results/jerky_long_non_c_20260822/20260823T012450Z-364b2906f9/S-T900-s5101
138.00000000000682,3450,165,1.7646001652164474,1.741301346738461,1.910724289619548,5572.0,S,results/jerky_long_non_c_20260822/20260823T012450Z-364b2906f9/S-T900-s5101
140.00000000000642,3500,165,1.7593722446523363,1.739557335195074,1.9012285627761476,5566.0,S,results/jerky_long_non_c_20260822/20260823T012450Z-364b2906f9/S-T900-s5101
142.00000000000603,3550,165,1.7617733375690423,1.7409158012010966,1.9103783006128265,5569.0,S,results/jerky_long_non_c_20260822/20260823T012450Z-364b2906f9/S-T900-s5101
144.00000000000563,3600,165,1.7770406258354832,1.7406312763468048,1.9103783006128265,5575.0,S,results/jerky_long_non_c_20260822/20260823T012450Z-364b2906f9/S-T900-s5101
146.00000000000523,3650,165,1.76038549332694,1.741301346738461,1.9076057957846289,5565.0,S,results/jerky_long_non_c_20260822/20260823T012450Z-364b2906f9/S-T900-s5101
148.00000000000483,3700,165,1.7583389783835945,1.7409158012010966,1.9076057957846289,5564.0,S,results/jerky_long_non_c_20260822/20260823T012450Z-364b2906f9/S-T900-s5101
150.00000000000443,3750,165,1.7571675575779782,1.7409158012010966,1.9103783006128265,5565.0,S,results/jerky_long_non_c_20260822/20260823T012450Z-364b2906f9/S-T900-s5101
152.00000000000404,3800,165,1.7611348309971142,1.7410586198840672,1.9076057957846289,5572.0,S,results/jerky_long_non_c_20260822/20260823T012450Z-364b2906f9/S-T900-s5101
154.00000000000364,3850,165,1.766784797988499,1.7409158012010966,1.9103783006128265,5581.0,S,results/jerky_long_non_c_20260822/20260823T012450Z-364b2906f9/S-T900-s5101
156.00000000000324,3900,165,1.7635053523772968,1.7383858799634886,1.9103783006128265,5576.0,S,results/jerky_long_non_c_20260822/20260823T012450Z-364b2906f9/S-T900-s5101
158.00000000000284,3950,165,1.7683386412647033,1.7409158012010966,1.9198585805430726,5581.0,S,results/jerky_long_non_c_20260822/20260823T012450Z-364b2906f9/S-T900-s5101
160.00000000000244,4000,165,1.768384134942851,1.7383858799634886,1.9162048641736626,5578.0,S,results/jerky_long_non_c_20260822/20260823T012450Z-364b2906f9/S-T900-s5101
162.00000000000205,4050,165,1.762316193992641,1.7383858799634886,1.9162048641736626,5568.0,S,results/jerky_long_non_c_20260822/20260823T012450Z-364b2906f9/S-T900-s5101
164.00000000000165,4100,165,1.7613834619857704,1.7383858799634886,1.9103783006128265,5560.0,S,results/jerky_long_non_c_20260822/20260823T012450Z-364b2906f9/S-T900-s5101
166.00000000000125,4150,164,1.7620815012038298,1.7409872105425819,1.912760906727295,5554.0,S,results/jerky_long_non_c_20260822/20260823T012450Z-364b2906f9/S-T900-s5101
168.00000000000085,4200,164,1.7561066052083538,1.737827548220303,1.9051499766517097,5546.0,S,results/jerky_long_non_c_20260822/20260823T012450Z-364b2906f9/S-T900-s5101
170.00000000000045,4250,164,1.757014807885827,1.7389716075792814,1.9051499766517097,5545.0,S,results/jerky_long_non_c_20260822/20260823T012450Z-364b2906f9/S-T900-s5101
172.00000000000006,4300,163,1.7628125103003738,1.7406312763468048,1.9105512951161872,5554.0,S,results/jerky_long_non_c_20260822/20260823T012450Z-364b2906f9/S-T900-s5101
173.99999999999966,4350,164,1.7616435510224806,1.7367524796488971,1.9104647978645068,5554.0,S,results/jerky_long_non_c_20260822/20260823T012450Z-364b2906f9/S-T900-s5101
175.99999999999926,4400,163,1.7653841359562643,1.7383858799634886,1.9105512951161872,5557.0,S,results/jerky_long_non_c_20260822/20260823T012450Z-364b2906f9/S-T900-s5101
177.99999999999886,4450,164,1.765616680035927,1.7383858799634886,1.9104647978645068,5558.0,S,results/jerky_long_non_c_20260822/20260823T012450Z-364b2906f9/S-T900-s5101
179.99999999999847,4500,164,1.7620633978687037,1.7359627497793526,1.9104647978645068,5554.0,S,results/jerky_long_non_c_20260822/20260823T012450Z-364b2906f9/S-T900-s5101
181.99999999999807,4550,164,1.7702331053484435,1.7377859533053377,1.9104647978645068,5563.0,S,results/jerky_long_non_c_20260822/20260823T012450Z-364b2906f9/S-T900-s5101
183.99999999999767,4600,164,1.7583812816006932,1.737827548220303,1.9081691761141577,5544.0,S,results/jerky_long_non_c_20260822/20260823T012450Z-364b2906f9/S-T900-s5101
185.99999999999727,4650,162,1.7485650900928147,1.7383858799634886,1.9034762760496289,5514.0,S,results/jerky_long_non_c_20260822/20260823T012450Z-364b2906f9/S-T900-s5101
187.99999999999687,4700,163,1.7659216534917823,1.7356897567380285,1.9087325564436866,5536.0,S,results/jerky_long_non_c_20260822/20260823T012450Z-364b2906f9/S-T900-s5101
189.99999999999648,4750,163,1.761074211431839,1.7372692164771173,1.9105512951161872,5529.0,S,results/jerky_long_non_c_20260822/20260823T012450Z-364b2906f9/S-T900-s5101
191.99999999999608,4800,163,1.757532232871471,1.7356897567380285,1.9087325564436866,5524.0,S,results/jerky_long_non_c_20260822/20260823T012450Z-364b2906f9/S-T900-s5101
193.99999999999568,4850,162,1.7579310641423969,1.7389716075792814,1.9092959367732154,5521.0,S,results/jerky_long_non_c_20260822/20260823T012450Z-364b2906f9/S-T900-s5101
195.99999999999528,4900,163,1.7632280168246344,1.7380443217194481,1.9087325564436866,5531.0,S,results/jerky_long_non_c_20260822/20260823T012450Z-364b2906f9/S-T900-s5101
197.99999999999488,4950,163,1.7686109208883558,1.7372692164771173,1.9105512951161872,5540.0,S,results/jerky_long_non_c_20260822/20260823T012450Z-364b2906f9/S-T900-s5101
199.9999999999945,5000,163,1.7751638400853975,1.7362357428206767,1.9087325564436866,5550.0,S,results/jerky_long_non_c_20260822/20260823T012450Z-364b2906f9/S-T900-s5101
201.9999999999941,5050,163,1.7635062176165317,1.7362357428206767,1.9087325564436866,5531.0,S,results/jerky_long_non_c_20260822/20260823T012450Z-364b2906f9/S-T900-s5101
203.9999999999937,5100,163,1.7693679146083123,1.7362357428206767,1.9087325564436866,5542.0,S,results/jerky_long_non_c_20260822/20260823T012450Z-364b2906f9/S-T900-s5101
205.9999999999933,5150,163,1.763878077051875,1.7383858799634886,1.9105512951161872,5533.0,S,results/jerky_long_non_c_20260822/20260823T012450Z-364b2906f9/S-T900-s5101
207.9999999999929,5200,163,1.7748533230057835,1.7372692164771173,1.9087325564436866,5549.0,S,results/jerky_long_non_c_20260822/20260823T012450Z-364b2906f9/S-T900-s5101
209.9999999999925,5250,163,1.7738953731501759,1.7372692164771173,1.9087325564436866,5547.0,S,results/jerky_long_non_c_20260822/20260823T012450Z-364b2906f9/S-T900-s5101
211.9999999999921,5300,163,1.7717956978900395,1.7380443217194481,1.9087325564436866,5544.0,S,results/jerky_long_non_c_20260822/20260823T012450Z-364b2906f9/S-T900-s5101
213.9999999999917,5350,163,1.7814095816605278,1.7380443217194481,1.9105512951161872,5556.0,S,results/jerky_long_non_c_20260822/20260823T012450Z-364b2906f9/S-T900-s5101
215.9999999999913,5400,163,1.761390860470832,1.7380443217194481,1.9087325564436866,5529.0,S,results/jerky_long_non_c_20260822/20260823T012450Z-364b2906f9/S-T900-s5101
217.9999999999909,5450,163,1.758423484010279,1.7383858799634886,1.9087325564436866,5524.0,S,results/jerky_long_non_c_20260822/20260823T012450Z-364b2906f9/S-T900-s5101
219.9999999999905,5500,163,1.7578222192840578,1.7362357428206767,1.9087325564436866,5523.0,S,results/jerky_long_non_c_20260822/20260823T012450Z-364b2906f9/S-T900-s5101
221.9999999999901,5550,163,1.7639370908988004,1.7409158012010966,1.9105512951161872,5532.0,S,results/jerky_long_non_c_20260822/20260823T012450Z-364b2906f9/S-T900-s5101
223.9999999999897,5600,163,1.7636159103864177,1.739557335195074,1.9027270382918018,5531.0,S,results/jerky_long_non_c_20260822/20260823T012450Z-364b2906f9/S-T900-s5101
225.9999999999893,5650,163,1.7628112682524861,1.739557335195074,1.9027270382918018,5526.0,S,results/jerky_long_non_c_20260822/20260823T012450Z-364b2906f9/S-T900-s5101
227.99999999998892,5700,162,1.765888536993857,1.7402365681980854,1.9034762760496289,5525.0,S,results/jerky_long_non_c_20260822/20260823T012450Z-364b2906f9/S-T900-s5101
229.99999999998852,5750,163,1.769026541101133,1.7409158012010966,1.9105512951161872,5523.0,S,results/jerky_long_non_c_20260822/20260823T012450Z-364b2906f9/S-T900-s5101
231.99999999998812,5800,163,1.7730217036660663,1.739557335195074,1.9027270382918018,5516.0,S,results/jerky_long_non_c_20260822/20260823T012450Z-364b2906f9/S-T900-s5101
233.99999999998772,5850,163,1.7517266227762975,1.7383858799634886,1.9027270382918018,5506.0,S,results/jerky_long_non_c_20260822/20260823T012450Z-364b2906f9/S-T900-s5101
235.99999999998732,5900,163,1.760649818445219,1.7383858799634886,1.9027270382918018,5525.0,S,results/jerky_long_non_c_20260822/20260823T012450Z-364b2906f9/S-T900-s5101
237.99999999998693,5950,163,1.765789269952332,1.739557335195074,1.9087325564436866,5536.0,S,results/jerky_long_non_c_20260822/20260823T012450Z-364b2906f9/S-T900-s5101
239.99999999998653,6000,163,1.7709412230707149,1.7372692164771173,1.9039622749635274,5547.0,S,results/jerky_long_non_c_20260822/20260823T012450Z-364b2906f9/S-T900-s5101
241.99999999998613,6050,163,1.7706481944501926,1.7362357428206767,1.9105512951161872,5546.0,S,results/jerky_long_non_c_20260822/20260823T012450Z-364b2906f9/S-T900-s5101
243.99999999998573,6100,163,1.7754795322800545,1.7362357428206767,1.9087325564436866,5550.0,S,results/jerky_long_non_c_20260822/20260823T012450Z-364b2906f9/S-T900-s5101
245.99999999998533,6150,163,1.767714361693439,1.739557335195074,1.9105512951161872,5539.0,S,results/jerky_long_non_c_20260822/20260823T012450Z-364b2906f9/S-T900-s5101
247.99999999998494,6200,163,1.7580065973267764,1.7372692164771173,1.9087325564436866,5522.0,S,results/jerky_long_non_c_20260822/20260823T012450Z-364b2906f9/S-T900-s5101
249.99999999998454,6250,163,1.7581587704920747,1.7383858799634886,1.9027270382918018,5518.0,S,results/jerky_long_non_c_20260822/20260823T012450Z-364b2906f9/S-T900-s5101
251.99999999998414,6300,162,1.7603395382677591,1.7384132758360957,1.9034762760496289,5508.0,S,results/jerky_long_non_c_20260822/20260823T012450Z-364b2906f9/S-T900-s5101
253.99999999998374,6350,162,1.760410020969244,1.737827548220303,1.9106377923678677,5508.0,S,results/jerky_long_non_c_20260822/20260823T012450Z-364b2906f9/S-T900-s5101
255.99999999998334,6400,162,1.7567406958263712,1.737827548220303,1.9034762760496289,5502.0,S,results/jerky_long_non_c_20260822/20260823T012450Z-364b2906f9/S-T900-s5101
257.99999999998437,6450,162,1.7607406679723496,1.7384132758360957,1.9092959367732154,5507.0,S,results/jerky_long_non_c_20260822/20260823T012450Z-364b2906f9/S-T900-s5101
259.9999999999854,6500,162,1.7608212279548408,1.7389716075792814,1.9092959367732154,5507.0,S,results/jerky_long_non_c_20260822/20260823T012450Z-364b2906f9/S-T900-s5101
261.9999999999864,6550,162,1.7625087306802825,1.7389716075792814,1.9106377923678677,5510.0,S,results/jerky_long_non_c_20260822/20260823T012450Z-364b2906f9/S-T900-s5101
263.99999999998744,6600,162,1.7601870099734187,1.7402365681980854,1.9106377923678677,5505.0,S,results/jerky_long_non_c_20260822/20260823T012450Z-364b2906f9/S-T900-s5101
265.99999999998846,6650,162,1.7610542498643027,1.737827548220303,1.9106377923678677,5507.0,S,results/jerky_long_non_c_20260822/20260823T012450Z-364b2906f9/S-T900-s5101
267.9999999999895,6700,162,1.759995836585807,1.736479486607573,1.9106377923678677,5505.0,S,results/jerky_long_non_c_20260822/20260823T012450Z-364b2906f9/S-T900-s5101
269.9999999999905,6750,162,1.7594697143798455,1.737827548220303,1.9154099895123478,5504.0,S,results/jerky_long_non_c_20260822/20260823T012450Z-364b2906f9/S-T900-s5101
271.99999999999153,6800,162,1.7590752047793659,1.7389716075792814,1.9106377923678677,5503.0,S,results/jerky_long_non_c_20260822/20260823T012450Z-364b2906f9/S-T900-s5101
273.99999999999255,6850,162,1.7588800094496713,1.737827548220303,1.9092959367732154,5503.0,S,results/jerky_long_non_c_20260822/20260823T012450Z-364b2906f9/S-T900-s5101
275.9999999999936,6900,162,1.7584279587951233,1.7367524796488971,1.9092959367732154,5503.0,S,results/jerky_long_non_c_20260822/20260823T012450Z-364b2906f9/S-T900-s5101
277.9999999999946,6950,162,1.7591641462319485,1.7389716075792814,1.9092959367732154,5504.0,S,results/jerky_long_non_c_20260822/20260823T012450Z-364b2906f9/S-T900-s5101
279.9999999999956,7000,162,1.7591460199393558,1.7367524796488971,1.9092959367732154,5505.0,S,results/jerky_long_non_c_20260822/20260823T012450Z-364b2906f9/S-T900-s5101
281.99999999999665,7050,162,1.7609216602805016,1.737827548220303,1.9092959367732154,5507.0,S,results/jerky_long_non_c_20260822/20260823T012450Z-364b2906f9/S-T900-s5101
283.99999999999767,7100,162,1.7616744843350305,1.737827548220303,1.9092959367732154,5509.0,S,results/jerky_long_non_c_20260822/20260823T012450Z-364b2906f9/S-T900-s5101
285.9999999999987,7150,162,1.7617932713893258,1.737827548220303,1.9092959367732154,5509.0,S,results/jerky_long_non_c_20260822/20260823T012450Z-364b2906f9/S-T900-s5101
287.9999999999997,7200,162,1.7619567869503427,1.737827548220303,1.9092959367732154,5510.0,S,results/jerky_long_non_c_20260822/20260823T012450Z-364b2906f9/S-T900-s5101
290.00000000000074,7250,162,1.762227980660286,1.7367524796488971,1.9092959367732154,5510.0,S,results/jerky_long_non_c_20260822/20260823T012450Z-364b2906f9/S-T900-s5101
292.00000000000176,7300,162,1.7645831929054416,1.737827548220303,1.9092959367732154,5513.0,S,results/jerky_long_non_c_20260822/20260823T012450Z-364b2906f9/S-T900-s5101
294.0000000000028,7350,162,1.7602775862454356,1.7367524796488971,1.9092959367732154,5507.0,S,results/jerky_long_non_c_20260822/20260823T012450Z-364b2906f9/S-T900-s5101
296.0000000000038,7400,162,1.7622713970938217,1.7359627497793526,1.9092959367732154,5511.0,S,results/jerky_long_non_c_20260822/20260823T012450Z-364b2906f9/S-T900-s5101
298.00000000000483,7450,162,1.7629612105614387,1.7389716075792814,1.9092959367732154,5513.0,S,results/jerky_long_non_c_20260822/20260823T012450Z-364b2906f9/S-T900-s5101
300.00000000000585,7500,161,1.7635225968782493,1.7383858799634886,1.9098593171027443,5513.0,S,results/jerky_long_non_c_20260822/20260823T012450Z-364b2906f9/S-T900-s5101
302.0000000000069,7550,162,1.7643395416831975,1.7384132758360957,1.9092959367732154,5515.0,S,results/jerky_long_non_c_20260822/20260823T012450Z-364b2906f9/S-T900-s5101
304.0000000000079,7600,162,1.7626876020637872,1.7389716075792814,1.9092959367732154,5514.0,S,results/jerky_long_non_c_20260822/20260823T012450Z-364b2906f9/S-T900-s5101
306.0000000000089,7650,162,1.763988071066225,1.7402365681980854,1.9092959367732154,5515.0,S,results/jerky_long_non_c_20260822/20260823T012450Z-364b2906f9/S-T900-s5101
308.00000000000995,7700,162,1.7594548709696816,1.7359627497793526,1.9092959367732154,5509.0,S,results/jerky_long_non_c_20260822/20260823T012450Z-364b2906f9/S-T900-s5101
310.00000000001097,7750,162,1.7628160196914298,1.7389716075792814,1.9106377923678677,5514.0,S,results/jerky_long_non_c_20260822/20260823T012450Z-364b2906f9/S-T900-s5101
312.000000000012,7800,162,1.7592588911525884,1.7359627497793526,1.9092959367732154,5509.0,S,results/jerky_long_non_c_20260822/20260823T012450Z-364b2906f9/S-T900-s5101
314.000000000013,7850,161,1.764679810863991,1.7410586198840672,1.9098593171027443,5516.0,S,results/jerky_long_non_c_20260822/20260823T012450Z-364b2906f9/S-T900-s5101
316.00000000001404,7900,162,1.7614974665400878,1.737827548220303,1.9092959367732154,5513.0,S,results/jerky_long_non_c_20260822/20260823T012450Z-364b2906f9/S-T900-s5101
318.00000000001506,7950,162,1.7648150096705604,1.7376567690982827,1.9106377923678677,5518.0,S,results/jerky_long_non_c_20260822/20260823T012450Z-364b2906f9/S-T900-s5101
320.0000000000161,8000,162,1.764652456685053,1.7376567690982827,1.9092959367732154,5518.0,S,results/jerky_long_non_c_20260822/20260823T012450Z-364b2906f9/S-T900-s5101
322.0000000000171,8050,162,1.7663278374216407,1.7389716075792814,1.9106377923678677,5520.0,S,results/jerky_long_non_c_20260822/20260823T012450Z-364b2906f9/S-T900-s5101
324.00000000001813,8100,162,1.767280200270882,1.7382151008414684,1.9106377923678677,5521.0,S,results/jerky_long_non_c_20260822/20260823T012450Z-364b2906f9/S-T900-s5101
326.00000000001916,8150,162,1.7657284311593529,1.7389716075792814,1.9106377923678677,5520.0,S,results/jerky_long_non_c_20260822/20260823T012450Z-364b2906f9/S-T900-s5101
328.0000000000202,8200,162,1.763712245160865,1.7359627497793526,1.9092959367732154,5517.0,S,results/jerky_long_non_c_20260822/20260823T012450Z-364b2906f9/S-T900-s5101
330.0000000000212,8250,162,1.766222089485063,1.7376567690982827,1.9092959367732154,5520.0,S,results/jerky_long_non_c_20260822/20260823T012450Z-364b2906f9/S-T900-s5101
332.0000000000222,8300,162,1.7648318887627514,1.7376567690982827,1.9092959367732154,5519.0,S,results/jerky_long_non_c_20260822/20260823T012450Z-364b2906f9/S-T900-s5101
334.00000000002325,8350,162,1.7671874862646353,1.7402365681980854,1.9106377923678677,5522.0,S,results/jerky_long_non_c_20260822/20260823T012450Z-364b2906f9/S-T900-s5101
336.0000000000243,8400,162,1.7633741098241438,1.7367524796488971,1.9092959367732154,5516.0,S,results/jerky_long_non_c_20260822/20260823T012450Z-364b2906f9/S-T900-s5101
338.0000000000253,8450,162,1.764115458700896,1.7376567690982827,1.9092959367732154,5517.0,S,results/jerky_long_non_c_20260822/20260823T012450Z-364b2906f9/S-T900-s5101
340.0000000000263,8500,161,1.7664579473706927,1.7380443217194481,1.9098593171027443,5519.0,S,results/jerky_long_non_c_20260822/20260823T012450Z-364b2906f9/S-T900-s5101
342.00000000002734,8550,162,1.7683167288567951,1.7382151008414684,1.9092959367732154,5524.0,S,results/jerky_long_non_c_20260822/20260823T012450Z-364b2906f9/S-T900-s5101
344.00000000002836,8600,162,1.7653943453417749,1.7367524796488971,1.9092959367732154,5520.0,S,results/jerky_long_non_c_20260822/20260823T012450Z-364b2906f9/S-T900-s5101
346.0000000000294,8650,162,1.7675971885598223,1.738800828457261,1.9092959367732154,5522.0,S,results/jerky_long_non_c_20260822/20260823T012450Z-364b2906f9/S-T900-s5101
348.0000000000304,8700,162,1.76637222796918,1.7382151008414684,1.9092959367732154,5521.0,S,results/jerky_long_non_c_20260822/20260823T012450Z-364b2906f9/S-T900-s5101
350.00000000003143,8750,162,1.7655810963664427,1.7382151008414684,1.9092959367732154,5520.0,S,results/jerky_long_non_c_20260822/20260823T012450Z-364b2906f9/S-T900-s5101
352.00000000003246,8800,162,1.7653906488856617,1.7376567690982827,1.9092959367732154,5519.0,S,results/jerky_long_non_c_20260822/20260823T012450Z-364b2906f9/S-T900-s5101
354.0000000000335,8850,162,1.7669111517570588,1.7381154456087256,1.9092959367732154,5522.0,S,results/jerky_long_non_c_20260822/20260823T012450Z-364b2906f9/S-T900-s5101
356.0000000000345,8900,162,1.7660084681454766,1.7367524796488971,1.9092959367732154,5521.0,S,results/jerky_long_non_c_20260822/20260823T012450Z-364b2906f9/S-T900-s5101
358.0000000000355,8950,162,1.767154151589125,1.7382151008414684,1.9092959367732154,5522.0,S,results/jerky_long_non_c_20260822/20260823T012450Z-364b2906f9/S-T900-s5101
360.00000000003655,9000,162,1.7657418290316758,1.7359627497793526,1.9093733478108605,5520.0,S,results/jerky_long_non_c_20260822/20260823T012450Z-364b2906f9/S-T900-s5101
362.0000000000376,9050,162,1.7663972502541982,1.7367524796488971,1.9092959367732154,5521.0,S,results/jerky_long_non_c_20260822/20260823T012450Z-364b2906f9/S-T900-s5101
364.0000000000386,9100,162,1.7650043020627946,1.7367524796488971,1.9092959367732154,5519.0,S,results/jerky_long_non_c_20260822/20260823T012450Z-364b2906f9/S-T900-s5101
366.0000000000396,9150,162,1.76609946987976,1.7367524796488971,1.9092959367732154,5520.0,S,results/jerky_long_non_c_20260822/20260823T012450Z-364b2906f9/S-T900-s5101
368.00000000004064,9200,162,1.766284159891958,1.7376567690982827,1.9092959367732154,5521.0,S,results/jerky_long_non_c_20260822/20260823T012450Z-364b2906f9/S-T900-s5101
370.00000000004167,9250,162,1.7661133076432387,1.7376567690982827,1.9092959367732154,5521.0,S,results/jerky_long_non_c_20260822/20260823T012450Z-364b2906f9/S-T900-s5101
372.0000000000427,9300,162,1.7657419270466264,1.7376567690982827,1.9092959367732154,5520.0,S,results/jerky_long_non_c_20260822/20260823T012450Z-364b2906f9/S-T900-s5101
374.0000000000437,9350,161,1.7694762493400624,1.7383858799634886,1.9098593171027443,5523.0,S,results/jerky_long_non_c_20260822/20260823T012450Z-364b2906f9/S-T900-s5101
376.00000000004474,9400,162,1.7661601314239916,1.7381154456087256,1.9092959367732154,5521.0,S,results/jerky_long_non_c_20260822/20260823T012450Z-364b2906f9/S-T900-s5101
378.00000000004576,9450,162,1.7680647326591368,1.7389716075792814,1.9092959367732154,5524.0,S,results/jerky_long_non_c_20260822/20260823T012450Z-364b2906f9/S-T900-s5101
380.0000000000468,9500,162,1.7675252113329358,1.7359627497793526,1.9106377923678677,5523.0,S,results/jerky_long_non_c_20260822/20260823T012450Z-364b2906f9/S-T900-s5101
382.0000000000478,9550,162,1.7662097565369337,1.7367524796488971,1.9092959367732154,5521.0,S,results/jerky_long_non_c_20260822/20260823T012450Z-364b2906f9/S-T900-s5101
384.00000000004883,9600,162,1.7659900726872422,1.73549601974096,1.9092959367732154,5521.0,S,results/jerky_long_non_c_20260822/20260823T012450Z-364b2906f9/S-T900-s5101
386.00000000004985,9650,162,1.765753474781596,1.7359627497793526,1.9092959367732154,5520.0,S,results/jerky_long_non_c_20260822/20260823T012450Z-364b2906f9/S-T900-s5101
388.0000000000509,9700,162,1.7664671244549117,1.73549601974096,1.9106377923678677,5522.0,S,results/jerky_long_non_c_20260822/20260823T012450Z-364b2906f9/S-T900-s5101
390.0000000000519,9750,162,1.7656227255494712,1.7359627497793526,1.9092959367732154,5520.0,S,results/jerky_long_non_c_20260822/20260823T012450Z-364b2906f9/S-T900-s5101
392.0000000000529,9800,162,1.7640501141204907,1.7359627497793526,1.9092959367732154,5518.0,S,results/jerky_long_non_c_20260822/20260823T012450Z-364b2906f9/S-T900-s5101
394.00000000005394,9850,162,1.7664186161822422,1.7377278929875601,1.9092959367732154,5521.0,S,results/jerky_long_non_c_20260822/20260823T012450Z-364b2906f9/S-T900-s5101
396.00000000005497,9900,162,1.7660984270096547,1.736479486607573,1.9092959367732154,5521.0,S,results/jerky_long_non_c_20260822/20260823T012450Z-364b2906f9/S-T900-s5101
398.000000000056,9950,161,1.769474666787042,1.7383858799634886,1.9098593171027443,5524.0,S,results/jerky_long_non_c_20260822/20260823T012450Z-364b2906f9/S-T900-s5101
400.000000000057,10000,162,1.766955373311236,1.737827548220303,1.9092959367732154,5523.0,S,results/jerky_long_non_c_20260822/20260823T012450Z-364b2906f9/S-T900-s5101
0.0,0,190,1.7920895484123613,1.7854416702856883,1.956505991785691,6086.0,T,results/jerky_long_non_c_20260822/20260823T012450Z-364b2906f9/T-T900-s5101
0.8000000000000002,20,188,1.797658914803675,1.7904506397748141,1.972947516862261,6050.0,T,results/jerky_long_non_c_20260822/20260823T012450Z-364b2906f9/T-T900-s5101
1.6000000000000008,40,186,1.7996768381336106,1.7951582849449914,1.9755834900493658,6026.0,T,results/jerky_long_non_c_20260822/20260823T012450Z-364b2906f9/T-T900-s5101
2.4000000000000012,60,182,1.7903264075834382,1.790955769502113,1.958744654721489,5985.0,T,results/jerky_long_non_c_20260822/20260823T012450Z-364b2906f9/T-T900-s5101
3.200000000000002,80,179,1.799949967306666,1.7954667017554444,1.9575021755939834,5966.0,T,results/jerky_long_non_c_20260822/20260823T012450Z-364b2906f9/T-T900-s5101
4.000000000000003,100,178,1.7979859265198475,1.784668367021181,1.9762660662328357,5921.0,T,results/jerky_long_non_c_20260822/20260823T012450Z-364b2906f9/T-T900-s5101
4.800000000000003,120,177,1.792233177551304,1.776894427937363,1.957726328476217,5882.0,T,results/jerky_long_non_c_20260822/20260823T012450Z-364b2906f9/T-T900-s5101
5.600000000000004,140,177,1.7954022150144802,1.7855332950752802,1.958317584212298,5863.0,T,results/jerky_long_non_c_20260822/20260823T012450Z-364b2906f9/T-T900-s5101
6.400000000000005,160,177,1.7964098489719464,1.782535362629228,1.9655846552675458,5828.0,T,results/jerky_long_non_c_20260822/20260823T012450Z-364b2906f9/T-T900-s5101
7.2000000000000055,180,175,1.787003548589006,1.781143844001102,1.9501146349593432,5790.0,T,results/jerky_long_non_c_20260822/20260823T012450Z-364b2906f9/T-T900-s5101
8.000000000000005,200,174,1.7875996338790008,1.7831534400781286,1.9397553730028032,5770.0,T,results/jerky_long_non_c_20260822/20260823T012450Z-364b2906f9/T-T900-s5101
8.799999999999988,220,173,1.7800818557702967,1.776894427937363,1.951440713127973,5734.0,T,results/jerky_long_non_c_20260822/20260823T012450Z-364b2906f9/T-T900-s5101
9.599999999999971,240,173,1.784066822576049,1.7825353626292277,1.948018152856102,5719.0,T,results/jerky_long_non_c_20260822/20260823T012450Z-364b2906f9/T-T900-s5101
10.399999999999954,260,170,1.7737112184901,1.786085508303958,1.929589193391794,5691.0,T,results/jerky_long_non_c_20260822/20260823T012450Z-364b2906f9/T-T900-s5101
11.199999999999937,280,168,1.77565764112021,1.7739873852098405,1.9401745443583431,5668.0,T,results/jerky_long_non_c_20260822/20260823T012450Z-364b2906f9/T-T900-s5101
11.99999999999992,300,166,1.7691496647855838,1.7608895288618251,1.9422746956441226,5645.0,T,results/jerky_long_non_c_20260822/20260823T012450Z-364b2906f9/T-T900-s5101
12.799999999999903,320,165,1.7735376394009508,1.7690684059060673,1.9504301212384287,5619.0,T,results/jerky_long_non_c_20260822/20260823T012450Z-364b2906f9/T-T900-s5101
13.599999999999886,340,165,1.7760369286623563,1.768388256576615,1.9389681124987423,5597.0,T,results/jerky_long_non_c_20260822/20260823T012450Z-364b2906f9/T-T900-s5101
14.399999999999869,360,163,1.7851783092738889,1.776894427937363,1.955289055767296,5586.0,T,results/jerky_long_non_c_20260822/20260823T012450Z-364b2906f9/T-T900-s5101
15.199999999999852,380,160,1.7843278163479372,1.761299763632624,1.9753614529547696,5555.0,T,results/jerky_long_non_c_20260822/20260823T012450Z-364b2906f9/T-T900-s5101
15.999999999999835,400,160,1.7866427835957126,1.7787514095904458,1.9540131796774778,5543.0,T,results/jerky_long_non_c_20260822/20260823T012450Z-364b2906f9/T-T900-s5101
16.79999999999982,420,160,1.786528150551615,1.7735766308193406,1.945811281926181,5520.0,T,results/jerky_long_non_c_20260822/20260823T012450Z-364b2906f9/T-T900-s5101
17.599999999999802,440,159,1.7845310542049702,1.774659654105093,1.9403492718929576,5499.0,T,results/jerky_long_non_c_20260822/20260823T012450Z-364b2906f9/T-T900-s5101
18.399999999999785,460,158,1.7949806869137992,1.7901020048782526,1.9527552160782424,5480.0,T,results/jerky_long_non_c_20260822/20260823T012450Z-364b2906f9/T-T900-s5101
19.19999999999977,480,157,1.7961011003578957,1.7810634093983202,1.9770735768477312,5455.0,T,results/jerky_long_non_c_20260822/20260823T012450Z-364b2906f9/T-T900-s5101
19.99999999999975,500,154,1.7972902420765624,1.7934510721370613,1.9694391895171965,5436.0,T,results/jerky_long_non_c_20260822/20260823T012450Z-364b2906f9/T-T900-s5101
20.799999999999734,520,153,1.7886053497965342,1.784394106490155,1.9664983880013878,5406.0,T,results/jerky_long_non_c_20260822/20260823T012450Z-364b2906f9/T-T900-s5101
21.599999999999717,540,150,1.79210034463227,1.7778721129769706,1.9523890546734115,5377.0,T,results/jerky_long_non_c_20260822/20260823T012450Z-364b2906f9/T-T900-s5101
22.3999999999997,560,150,1.7958537542259805,1.781839603315165,1.961495999780933,5357.0,T,results/jerky_long_non_c_20260822/20260823T012450Z-364b2906f9/T-T900-s5101
23.199999999999683,580,148,1.800402958647059,1.797817865116179,1.9526925352572524,5331.0,T,results/jerky_long_non_c_20260822/20260823T012450Z-364b2906f9/T-T900-s5101
23.999999999999666,600,148,1.802384921890368,1.7901020048782526,1.9504946217219512,5324.0,T,results/jerky_long_non_c_20260822/20260823T012450Z-364b2906f9/T-T900-s5101
24.79999999999965,620,147,1.812173463796965,1.79664122347469,1.9885783074828585,5316.0,T,results/jerky_long_non_c_20260822/20260823T012450Z-364b2906f9/T-T900-s5101
25.599999999999632,640,146,1.814813041831249,1.8069963922351129,1.9998770523716545,5310.0,T,results/jerky_long_non_c_20260822/20260823T012450Z-364b2906f9/T-T900-s5101
26.399999999999615,660,144,1.821564497710372,1.8136257737781207,2.0140595214955166,5288.0,T,results/jerky_long_non_c_20260822/20260823T012450Z-364b2906f9/T-T900-s5101
27.199999999999598,680,142,1.8247688021843504,1.8143026113660705,2.012308901909769,5279.0,T,results/jerky_long_non_c_20260822/20260823T012450Z-364b2906f9/T-T900-s5101
27.99999999999958,700,142,1.8195307211398855,1.7972093272012573,1.9989586010813427,5252.0,T,results/jerky_long_non_c_20260822/20260823T012450Z-364b2906f9/T-T900-s5101
28.799999999999564,720,141,1.8189468287349027,1.8128742736561203,1.9996891009337527,5235.0,T,results/jerky_long_non_c_20260822/20260823T012450Z-364b2906f9/T-T900-s5101
29.599999999999547,740,141,1.8265954588574895,1.8247063539198194,1.9998164588503373,5213.0,T,results/jerky_long_non_c_20260822/20260823T012450Z-364b2906f9/T-T900-s5101
29.799999999999542,745,141,1.8281478235421125,1.8230475299617102,2.004594402276491,5199.0,T,results/jerky_long_non_c_20260822/20260823T012450Z-364b2906f9/T-T900-s5101
29.999999999999538,750,140,1.826174427042048,1.8204593130414133,2.0010820502170295,5193.0,T,results/jerky_long_non_c_20260822/20260823T012450Z-364b2906f9/T-T900-s5101
31.999999999999496,800,136,1.83471798697364,1.8043475642994555,2.0069214161996323,5138.0,T,results/jerky_long_non_c_20260822/20260823T012450Z-364b2906f9/T-T900-s5101
33.99999999999945,850,131,1.8317152097529317,1.8349628732947931,2.039055682671459,5076.0,T,results/jerky_long_non_c_20260822/20260823T012450Z-364b2906f9/T-T900-s5101
35.99999999999941,900,129,1.8370363101567246,1.8306554487095943,2.0447186326181117,5025.0,T,results/jerky_long_non_c_20260822/20260823T012450Z-364b2906f9/T-T900-s5101
37.99999999999937,950,124,1.832902334924884,1.8176971902855377,2.0485976370567953,4953.0,T,results/jerky_long_non_c_20260822/20260823T012450Z-364b2906f9/T-T900-s5101
39.999999999999325,1000,120,1.8419312056021373,1.8108295747344536,2.046661135729735,4884.0,T,results/jerky_long_non_c_20260822/20260823T012450Z-364b2906f9/T-T900-s5101
41.99999999999928,1050,117,1.8534941722238512,1.8480446740268741,2.0526220344890915,4829.0,T,results/jerky_long_non_c_20260822/20260823T012450Z-364b2906f9/T-T900-s5101
43.99999999999924,1100,114,1.8476860905219015,1.8250982020989,2.0389580994845224,4770.0,T,results/jerky_long_non_c_20260822/20260823T012450Z-364b2906f9/T-T900-s5101
45.9999999999992,1150,112,1.841031882827723,1.8460084789408753,2.01136643288117,4704.0,T,results/jerky_long_non_c_20260822/20260823T012450Z-364b2906f9/T-T900-s5101
47.999999999999154,1200,109,1.8437720724084141,1.8340712489637463,2.0367484022960327,4662.0,T,results/jerky_long_non_c_20260822/20260823T012450Z-364b2906f9/T-T900-s5101
49.99999999999911,1250,109,1.8432313915850917,1.8386760936101665,2.0171285827764027,4623.0,T,results/jerky_long_non_c_20260822/20260823T012450Z-364b2906f9/T-T900-s5101
51.99999999999907,1300,108,1.8596297386215057,1.8448566667801682,2.06498224776743,4602.0,T,results/jerky_long_non_c_20260822/20260823T012450Z-364b2906f9/T-T900-s5101
53.99999999999903,1350,105,1.846148687011355,1.8386130609894047,2.0655534877778656,4550.0,T,results/jerky_long_non_c_20260822/20260823T012450Z-364b2906f9/T-T900-s5101
55.999999999998984,1400,104,1.8377112177524042,1.8312918832184568,2.0813007740893603,4509.0,T,results/jerky_long_non_c_20260822/20260823T012450Z-364b2906f9/T-T900-s5101
57.99999999999894,1450,102,1.8460882215151218,1.826270955006938,2.0852039540312535,4473.0,T,results/jerky_long_non_c_20260822/20260823T012450Z-364b2906f9/T-T900-s5101
59.9999999999989,1500,102,1.840958276937956,1.829975791735021,2.054189112937843,4442.0,T,results/jerky_long_non_c_20260822/20260823T012450Z-364b2906f9/T-T900-s5101
61.999999999998856,1550,99,1.8397169478334414,1.83348465400911,2.0554459142819512,4404.0,T,results/jerky_long_non_c_20260822/20260823T012450Z-364b2906f9/T-T900-s5101
63.99999999999881,1600,98,1.8410731732761587,1.8407669637368484,2.0485766101393645,4380.0,T,results/jerky_long_non_c_20260822/20260823T012450Z-364b2906f9/T-T900-s5101
65.99999999999912,1650,98,1.8413451576612174,1.8401877608340174,2.006308730787591,4342.0,T,results/jerky_long_non_c_20260822/20260823T012450Z-364b2906f9/T-T900-s5101
67.99999999999943,1700,98,1.820121733966138,1.8069367611056675,1.9942205417811796,4298.0,T,results/jerky_long_non_c_20260822/20260823T012450Z-364b2906f9/T-T900-s5101
69.99999999999974,1750,96,1.83566030955566,1.8355524283867737,2.025611041706926,4278.0,T,results/jerky_long_non_c_20260822/20260823T012450Z-364b2906f9/T-T900-s5101
72.00000000000006,1800,93,1.8363354443731232,1.8153118261570638,2.047570394623812,4258.0,T,results/jerky_long_non_c_20260822/20260823T012450Z-364b2906f9/T-T900-s5101
74.00000000000037,1850,92,1.8370089282123099,1.814336101368522,2.023930567259871,4223.0,T,results/jerky_long_non_c_20260822/20260823T012450Z-364b2906f9/T-T900-s5101
76.00000000000068,1900,92,1.8373670335393286,1.8349457266730425,2.0581509558665507,4202.0,T,results/jerky_long_non_c_20260822/20260823T012450Z-364b2906f9/T-T900-s5101
78.000000000001,1950,91,1.831136127494111,1.828509311020603,2.0123395731424036,4171.0,T,results/jerky_long_non_c_20260822/20260823T012450Z-364b2906f9/T-T900-s5101
80.00000000000131,2000,89,1.840561033212701,1.8251713657327449,2.004435263089755,4146.0,T,results/jerky_long_non_c_20260822/20260823T012450Z-364b2906f9/T-T900-s5101
82.00000000000162,2050,89,1.840802013353504,1.8283240785288932,2.038288219111745,4123.0,T,results/jerky_long_non_c_20260822/20260823T012450Z-364b2906f9/T-T900-s5101
84.00000000000193,2100,88,1.8390918636828502,1.8169154663304898,2.0013713194627454,4089.0,T,results/jerky_long_non_c_20260822/20260823T012450Z-364b2906f9/T-T900-s5101
86.00000000000225,2150,88,1.8389314232451688,1.8213509944370458,2.0373677990465118,4072.0,T,results/jerky_long_non_c_20260822/20260823T012450Z-364b2906f9/T-T900-s5101
88.00000000000256,2200,85,1.848760573704505,1.8395460885128918,2.0649578150308425,4053.0,T,results/jerky_long_non_c_20260822/20260823T012450Z-364b2906f9/T-T900-s5101
90.00000000000287,2250,85,1.8468767691084855,1.8340712489637463,2.052897558624904,4036.0,T,results/jerky_long_non_c_20260822/20260823T012450Z-364b2906f9/T-T900-s5101
92.00000000000318,2300,85,1.8487151970351727,1.8392906159204885,2.0324661491665488,4016.0,T,results/jerky_long_non_c_20260822/20260823T012450Z-364b2906f9/T-T900-s5101
94.0000000000035,2350,84,1.8510410797714552,1.8200299730963727,2.0420086061566263,3992.0,T,results/jerky_long_non_c_20260822/20260823T012450Z-364b2906f9/T-T900-s5101
96.00000000000381,2400,83,1.8619731030613005,1.8336681209417305,2.035620871402318,3984.0,T,results/jerky_long_non_c_20260822/20260823T012450Z-364b2906f9/T-T900-s5101
98.00000000000412,2450,79,1.8618605311078662,1.8284434221217416,2.0420936079042638,3957.0,T,results/jerky_long_non_c_20260822/20260823T012450Z-364b2906f9/T-T900-s5101
100.00000000000443,2500,79,1.8707706397455013,1.8487438189554564,2.048765149362707,3921.0,T,results/jerky_long_non_c_20260822/20260823T012450Z-364b2906f9/T-T900-s5101
102.00000000000475,2550,77,1.8648842574783717,1.846197339865986,2.04466892376924,3888.0,T,results/jerky_long_non_c_20260822/20260823T012450Z-364b2906f9/T-T900-s5101
104.00000000000506,2600,76,1.8636481684893287,1.8391790489726976,2.0437107399857024,3861.0,T,results/jerky_long_non_c_20260822/20260823T012450Z-364b2906f9/T-T900-s5101
106.00000000000537,2650,76,1.8483612085644197,1.8455217514397648,1.9896133683427228,3820.0,T,results/jerky_long_non_c_20260822/20260823T012450Z-364b2906f9/T-T900-s5101
108.00000000000568,2700,76,1.8533180668920228,1.8495044253844726,2.010994457126549,3803.0,T,results/jerky_long_non_c_20260822/20260823T012450Z-364b2906f9/T-T900-s5101
110.000000000006,2750,76,1.8616104305272392,1.8538153085558888,2.03634561398104,3782.0,T,results/jerky_long_non_c_20260822/20260823T012450Z-364b2906f9/T-T900-s5101
112.00000000000631,2800,74,1.849261464401114,1.841136478039205,2.0299241322821495,3750.0,T,results/jerky_long_non_c_20260822/20260823T012450Z-364b2906f9/T-T900-s5101
114.00000000000662,2850,73,1.8455120067230155,1.841650055777646,2.0010812481637066,3718.0,T,results/jerky_long_non_c_20260822/20260823T012450Z-364b2906f9/T-T900-s5101
116.00000000000693,2900,73,1.8558402453385419,1.8497392946756444,1.98334058118135,3706.0,T,results/jerky_long_non_c_20260822/20260823T012450Z-364b2906f9/T-T900-s5101
118.00000000000725,2950,70,1.858742862052571,1.8425902405866321,2.048643458835062,3690.0,T,results/jerky_long_non_c_20260822/20260823T012450Z-364b2906f9/T-T900-s5101
120.00000000000756,3000,70,1.8603035385766495,1.8630823564960948,2.033700817955541,3655.0,T,results/jerky_long_non_c_20260822/20260823T012450Z-364b2906f9/T-T900-s5101
122.00000000000787,3050,70,1.846939952171633,1.840740598959978,2.0206941369609432,3630.0,T,results/jerky_long_non_c_20260822/20260823T012450Z-364b2906f9/T-T900-s5101
123.36000000000809,3084,70,1.8497530185033488,1.8236361748643715,2.0330610463893604,3623.0,T,results/jerky_long_non_c_20260822/20260823T012450Z-364b2906f9/T-T900-s5101
0.0,0,190,1.7920895484123613,1.7854416702856883,1.956505991785691,6086.0,TS,results/jerky_long_non_c_20260822/20260823T012450Z-364b2906f9/TS-T900-s5101
0.8000000000000002,20,188,1.7973804646804767,1.7904506397748141,1.9736965107906126,6051.0,TS,results/jerky_long_non_c_20260822/20260823T012450Z-364b2906f9/TS-T900-s5101
1.6000000000000008,40,187,1.7968403214124915,1.7881728163370185,1.976322582950724,6026.0,TS,results/jerky_long_non_c_20260822/20260823T012450Z-364b2906f9/TS-T900-s5101
2.4000000000000012,60,183,1.7904495354171557,1.7862438273226313,1.9528863717366307,5997.0,TS,results/jerky_long_non_c_20260822/20260823T012450Z-364b2906f9/TS-T900-s5101
3.200000000000002,80,181,1.7942491868263604,1.7904931097838226,1.9714676821705748,5971.0,TS,results/jerky_long_non_c_20260822/20260823T012450Z-364b2906f9/TS-T900-s5101
4.000000000000003,100,179,1.7894350330715911,1.7865289183968474,1.9497149247005465,5944.0,TS,results/jerky_long_non_c_20260822/20260823T012450Z-364b2906f9/TS-T900-s5101
4.800000000000003,120,178,1.791207039800216,1.7852585976452686,1.9544757188304913,5920.0,TS,results/jerky_long_non_c_20260822/20260823T012450Z-364b2906f9/TS-T900-s5101
5.600000000000004,140,177,1.7922706067324934,1.7724834714865818,1.9447121950080317,5897.0,TS,results/jerky_long_non_c_20260822/20260823T012450Z-364b2906f9/TS-T900-s5101
6.400000000000005,160,177,1.787387947558715,1.77322978358998,1.9381463149774485,5871.0,TS,results/jerky_long_non_c_20260822/20260823T012450Z-364b2906f9/TS-T900-s5101
7.2000000000000055,180,177,1.79231930109589,1.776894427937363,1.9777521216668354,5858.0,TS,results/jerky_long_non_c_20260822/20260823T012450Z-364b2906f9/TS-T900-s5101
8.000000000000005,200,177,1.7879516827536188,1.7846574285371197,1.9648478410094647,5823.0,TS,results/jerky_long_non_c_20260822/20260823T012450Z-364b2906f9/TS-T900-s5101
8.799999999999988,220,177,1.7830159659144862,1.7713580689159039,1.9367905189902763,5808.0,TS,results/jerky_long_non_c_20260822/20260823T012450Z-364b2906f9/TS-T900-s5101
9.599999999999971,240,176,1.785898264372102,1.768728331241341,1.938865816848642,5805.0,TS,results/jerky_long_non_c_20260822/20260823T012450Z-364b2906f9/TS-T900-s5101
10.399999999999954,260,176,1.7813119676972973,1.768388256576615,1.9286600015843693,5794.0,TS,results/jerky_long_non_c_20260822/20260823T012450Z-364b2906f9/TS-T900-s5101
11.199999999999937,280,176,1.784158999266239,1.7714637144141396,1.9466700175465408,5790.0,TS,results/jerky_long_non_c_20260822/20260823T012450Z-364b2906f9/TS-T900-s5101
11.99999999999992,300,176,1.7770489743412603,1.7680183943500147,1.9324095260748144,5777.0,TS,results/jerky_long_non_c_20260822/20260823T012450Z-364b2906f9/TS-T900-s5101
12.799999999999903,320,176,1.7768432869906619,1.7614902127607357,1.9290060376068547,5771.0,TS,results/jerky_long_non_c_20260822/20260823T012450Z-364b2906f9/TS-T900-s5101
13.599999999999886,340,176,1.775217116150383,1.756885622904006,1.9183118323049695,5761.0,TS,results/jerky_long_non_c_20260822/20260823T012450Z-364b2906f9/TS-T900-s5101
14.399999999999869,360,174,1.7730727279135636,1.7560170754034843,1.910836584297168,5749.0,TS,results/jerky_long_non_c_20260822/20260823T012450Z-364b2906f9/TS-T900-s5101
15.199999999999852,380,174,1.7665444614543266,1.7511368602692508,1.9048954202421784,5728.0,TS,results/jerky_long_non_c_20260822/20260823T012450Z-364b2906f9/TS-T900-s5101
15.999999999999835,400,173,1.7667981284198866,1.7496641456246271,1.9172449895740915,5720.0,TS,results/jerky_long_non_c_20260822/20260823T012450Z-364b2906f9/TS-T900-s5101
16.79999999999982,420,173,1.7666463979141411,1.754164264078064,1.9172449895740915,5719.0,TS,results/jerky_long_non_c_20260822/20260823T012450Z-364b2906f9/TS-T900-s5101
17.599999999999802,440,173,1.7668059039054418,1.7580218426587522,1.9187423836939197,5714.0,TS,results/jerky_long_non_c_20260822/20260823T012450Z-364b2906f9/TS-T900-s5101
18.399999999999785,460,173,1.766175832819588,1.7606039637725455,1.924897032918322,5708.0,TS,results/jerky_long_non_c_20260822/20260823T012450Z-364b2906f9/TS-T900-s5101
19.19999999999977,480,173,1.7628089839648537,1.7503245292779326,1.93512287760963,5697.0,TS,results/jerky_long_non_c_20260822/20260823T012450Z-364b2906f9/TS-T900-s5101
19.99999999999975,500,173,1.761838994643105,1.7516517248625862,1.9243201386683086,5694.0,TS,results/jerky_long_non_c_20260822/20260823T012450Z-364b2906f9/TS-T900-s5101
20.799999999999734,520,173,1.765188842313958,1.74856327612172,1.9243201386683086,5689.0,TS,results/jerky_long_non_c_20260822/20260823T012450Z-364b2906f9/TS-T900-s5101
21.599999999999717,540,173,1.7640342771281086,1.7516517248625862,1.9299682142295531,5688.0,TS,results/jerky_long_non_c_20260822/20260823T012450Z-364b2906f9/TS-T900-s5101
22.3999999999997,560,171,1.7628593666796952,1.7457448715348973,1.931492027814264,5687.0,TS,results/jerky_long_non_c_20260822/20260823T012450Z-364b2906f9/TS-T900-s5101
23.199999999999683,580,171,1.7658179378763508,1.7479760035578449,1.9171171972437426,5687.0,TS,results/jerky_long_non_c_20260822/20260823T012450Z-364b2906f9/TS-T900-s5101
23.999999999999666,600,171,1.7659771785066982,1.7479760035578449,1.9238729598907096,5678.0,TS,results/jerky_long_non_c_20260822/20260823T012450Z-364b2906f9/TS-T900-s5101
24.79999999999965,620,170,1.760464996077057,1.7455102569987129,1.915484058191128,5667.0,TS,results/jerky_long_non_c_20260822/20260823T012450Z-364b2906f9/TS-T900-s5101
25.599999999999632,640,170,1.760484704490768,1.7409360043655062,1.918038579277118,5661.0,TS,results/jerky_long_non_c_20260822/20260823T012450Z-364b2906f9/TS-T900-s5101
26.399999999999615,660,169,1.7561253888250021,1.7407571900676053,1.9087433720178708,5654.0,TS,results/jerky_long_non_c_20260822/20260823T012450Z-364b2906f9/TS-T900-s5101
27.199999999999598,680,168,1.752018686038489,1.7343099911496616,1.907149314922216,5643.0,TS,results/jerky_long_non_c_20260822/20260823T012450Z-364b2906f9/TS-T900-s5101
27.99999999999958,700,168,1.7512848772683403,1.7343099911496616,1.908174857074055,5642.0,TS,results/jerky_long_non_c_20260822/20260823T012450Z-364b2906f9/TS-T900-s5101
28.799999999999564,720,168,1.7531260102921886,1.7409079049758363,1.9193515689057876,5637.0,TS,results/jerky_long_non_c_20260822/20260823T012450Z-364b2906f9/TS-T900-s5101
29.599999999999547,740,168,1.7522387209056614,1.7412941342476758,1.908174857074055,5635.0,TS,results/jerky_long_non_c_20260822/20260823T012450Z-364b2906f9/TS-T900-s5101
30.39999999999953,760,167,1.7519993927477395,1.741301346738461,1.9141062633295465,5636.0,TS,results/jerky_long_non_c_20260822/20260823T012450Z-364b2906f9/TS-T900-s5101
31.199999999999513,780,167,1.7475253697585464,1.7412869217568905,1.9020257666177016,5625.0,TS,results/jerky_long_non_c_20260822/20260823T012450Z-364b2906f9/TS-T900-s5101
31.999999999999496,800,167,1.752090488926955,1.7406312763468048,1.9164787269040238,5629.0,TS,results/jerky_long_non_c_20260822/20260823T012450Z-364b2906f9/TS-T900-s5101
33.99999999999945,850,167,1.7517468515082641,1.741301346738461,1.8988733405990508,5614.0,TS,results/jerky_long_non_c_20260822/20260823T012450Z-364b2906f9/TS-T900-s5101
35.99999999999941,900,167,1.7497105792269223,1.741301346738461,1.8988733405990508,5610.0,TS,results/jerky_long_non_c_20260822/20260823T012450Z-364b2906f9/TS-T900-s5101
37.99999999999937,950,167,1.745249561417007,1.7380443217194481,1.8869404157437786,5593.0,TS,results/jerky_long_non_c_20260822/20260823T012450Z-364b2906f9/TS-T900-s5101
39.999999999999325,1000,167,1.7468918477547264,1.7430445104395809,1.893605540045733,5587.0,TS,results/jerky_long_non_c_20260822/20260823T012450Z-364b2906f9/TS-T900-s5101
41.99999999999928,1050,167,1.7453628833663595,1.7430445104395809,1.9027564752393336,5577.0,TS,results/jerky_long_non_c_20260822/20260823T012450Z-364b2906f9/TS-T900-s5101
43.99999999999924,1100,167,1.7503715467143857,1.7429482851662144,1.9118798936528625,5583.0,TS,results/jerky_long_non_c_20260822/20260823T012450Z-364b2906f9/TS-T900-s5101
45.9999999999992,1150,167,1.7480354787711283,1.7410586198840672,1.9044041423964668,5573.0,TS,results/jerky_long_non_c_20260822/20260823T012450Z-364b2906f9/TS-T900-s5101
47.999999999999154,1200,165,1.7497227117741128,1.7468225461305587,1.9084811515529931,5574.0,TS,results/jerky_long_non_c_20260822/20260823T012450Z-364b2906f9/TS-T900-s5101
49.99999999999911,1250,166,1.7451359071845882,1.7429963978028975,1.8882821055145191,5567.0,TS,results/jerky_long_non_c_20260822/20260823T012450Z-364b2906f9/TS-T900-s5101
51.99999999999907,1300,166,1.7417053237104188,1.7384132758360957,1.8877290822541686,5554.0,TS,results/jerky_long_non_c_20260822/20260823T012450Z-364b2906f9/TS-T900-s5101
53.99999999999903,1350,164,1.7500188347109207,1.746433249184495,1.8887401115486022,5560.0,TS,results/jerky_long_non_c_20260822/20260823T012450Z-364b2906f9/TS-T900-s5101
55.999999999998984,1400,164,1.748312503806586,1.7424174692267438,1.9025242632465351,5558.0,TS,results/jerky_long_non_c_20260822/20260823T012450Z-364b2906f9/TS-T900-s5101
57.99999999999894,1450,165,1.7475059236287434,1.7430445104395809,1.912939068598938,5556.0,TS,results/jerky_long_non_c_20260822/20260823T012450Z-364b2906f9/TS-T900-s5101
59.9999999999989,1500,164,1.74631603718048,1.74298629214968,1.9002993122498184,5552.0,TS,results/jerky_long_non_c_20260822/20260823T012450Z-364b2906f9/TS-T900-s5101
61.999999999998856,1550,165,1.7466045502875975,1.7410586198840672,1.8912075769674184,5552.0,TS,results/jerky_long_non_c_20260822/20260823T012450Z-364b2906f9/TS-T900-s5101
63.99999999999881,1600,164,1.7457376741878439,1.74298629214968,1.8945247231947067,5543.0,TS,results/jerky_long_non_c_20260822/20260823T012450Z-364b2906f9/TS-T900-s5101
65.99999999999912,1650,164,1.7449724131259514,1.7434145521579998,1.8837532176229046,5540.0,TS,results/jerky_long_non_c_20260822/20260823T012450Z-364b2906f9/TS-T900-s5101
67.99999999999943,1700,164,1.7516814791499224,1.7450052424269284,1.8883101616907922,5546.0,TS,results/jerky_long_non_c_20260822/20260823T012450Z-364b2906f9/TS-T900-s5101
69.99999999999974,1750,163,1.7471154331330108,1.7437845938764185,1.8829885321410356,5538.0,TS,results/jerky_long_non_c_20260822/20260823T012450Z-364b2906f9/TS-T900-s5101
72.00000000000006,1800,163,1.7478753786862562,1.742928073859779,1.8890214643041403,5535.0,TS,results/jerky_long_non_c_20260822/20260823T012450Z-364b2906f9/TS-T900-s5101
74.00000000000037,1850,164,1.7478119991847745,1.7456722200373662,1.8840113576515642,5536.0,TS,results/jerky_long_non_c_20260822/20260823T012450Z-364b2906f9/TS-T900-s5101
76.00000000000068,1900,164,1.7467524076100094,1.7411799833112642,1.895287078464333,5535.0,TS,results/jerky_long_non_c_20260822/20260823T012450Z-364b2906f9/TS-T900-s5101
78.000000000001,1950,163,1.7483084400632039,1.7410586198840672,1.9066307627936891,5536.0,TS,results/jerky_long_non_c_20260822/20260823T012450Z-364b2906f9/TS-T900-s5101
80.00000000000131,2000,164,1.7479700851968576,1.7409872105425819,1.8838100695512912,5537.0,TS,results/jerky_long_non_c_20260822/20260823T012450Z-364b2906f9/TS-T900-s5101
82.00000000000162,2050,164,1.7429474263869809,1.7389716075792814,1.8821785779030036,5529.0,TS,results/jerky_long_non_c_20260822/20260823T012450Z-364b2906f9/TS-T900-s5101
84.00000000000193,2100,164,1.7455819569662467,1.7439675026253627,1.8831690454426597,5531.0,TS,results/jerky_long_non_c_20260822/20260823T012450Z-364b2906f9/TS-T900-s5101
86.00000000000225,2150,164,1.7466622260308429,1.7439675026253627,1.8831690454426597,5534.0,TS,results/jerky_long_non_c_20260822/20260823T012450Z-364b2906f9/TS-T900-s5101
88.00000000000256,2200,164,1.745115847040752,1.7409872105425819,1.8831690454426597,5528.0,TS,results/jerky_long_non_c_20260822/20260823T012450Z-364b2906f9/TS-T900-s5101
90.00000000000287,2250,164,1.7479551470724706,1.7446008001810447,1.8884038687110842,5532.0,TS,results/jerky_long_non_c_20260822/20260823T012450Z-364b2906f9/TS-T900-s5101
92.00000000000318,2300,164,1.7481038930443835,1.74211471029912,1.8884028311652041,5529.0,TS,results/jerky_long_non_c_20260822/20260823T012450Z-364b2906f9/TS-T900-s5101
94.0000000000035,2350,163,1.7491462361650565,1.741301346738461,1.890672712403882,5530.0,TS,results/jerky_long_non_c_20260822/20260823T012450Z-364b2906f9/TS-T900-s5101
96.00000000000381,2400,163,1.747173368016854,1.739557335195074,1.8891105466283757,5527.0,TS,results/jerky_long_non_c_20260822/20260823T012450Z-364b2906f9/TS-T900-s5101
98.00000000000412,2450,164,1.7480432292528316,1.7411799833112642,1.894194558087871,5530.0,TS,results/jerky_long_non_c_20260822/20260823T012450Z-364b2906f9/TS-T900-s5101
100.00000000000443,2500,164,1.747483784044364,1.74211471029912,1.8886472628209952,5526.0,TS,results/jerky_long_non_c_20260822/20260823T012450Z-364b2906f9/TS-T900-s5101
102.00000000000475,2550,164,1.7467413513627577,1.74211471029912,1.8906160909413112,5527.0,TS,results/jerky_long_non_c_20260822/20260823T012450Z-364b2906f9/TS-T900-s5101
104.00000000000506,2600,164,1.7485063421785823,1.74211471029912,1.8888818422227547,5529.0,TS,results/jerky_long_non_c_20260822/20260823T012450Z-364b2906f9/TS-T900-s5101
106.00000000000537,2650,163,1.7498964704757956,1.742928073859779,1.8895006376596364,5528.0,TS,results/jerky_long_non_c_20260822/20260823T012450Z-364b2906f9/TS-T900-s5101
108.00000000000568,2700,163,1.7459195423379943,1.7410586198840672,1.8935625487465715,5523.0,TS,results/jerky_long_non_c_20260822/20260823T012450Z-364b2906f9/TS-T900-s5101
110.000000000006,2750,164,1.7496942400054647,1.7439675026253627,1.8942928322821473,5529.0,TS,results/jerky_long_non_c_20260822/20260823T012450Z-364b2906f9/TS-T900-s5101
112.00000000000631,2800,164,1.7466715231043097,1.7411799833112642,1.8922955735900349,5524.0,TS,results/jerky_long_non_c_20260822/20260823T012450Z-364b2906f9/TS-T900-s5101
114.00000000000662,2850,164,1.7443032834105519,1.740844948115436,1.8933278980911867,5521.0,TS,results/jerky_long_non_c_20260822/20260823T012450Z-364b2906f9/TS-T900-s5101
116.00000000000693,2900,164,1.7483970688069512,1.7411799833112642,1.8886716279331608,5526.0,TS,results/jerky_long_non_c_20260822/20260823T012450Z-364b2906f9/TS-T900-s5101
118.00000000000725,2950,164,1.747140512499044,1.7434145521579998,1.8938545401036535,5524.0,TS,results/jerky_long_non_c_20260822/20260823T012450Z-364b2906f9/TS-T900-s5101
120.00000000000756,3000,164,1.742788708906464,1.7410586198840672,1.8839869925393986,5518.0,TS,results/jerky_long_non_c_20260822/20260823T012450Z-364b2906f9/TS-T900-s5101
122.00000000000787,3050,164,1.7442576050868435,1.7409079049758363,1.888740969841287,5521.0,TS,results/jerky_long_non_c_20260822/20260823T012450Z-364b2906f9/TS-T900-s5101
124.00000000000819,3100,164,1.7434085386742761,1.7401572626313397,1.8886321376185156,5519.0,TS,results/jerky_long_non_c_20260822/20260823T012450Z-364b2906f9/TS-T900-s5101
126.0000000000085,3150,163,1.744370007617615,1.739557335195074,1.8837582593570645,5518.0,TS,results/jerky_long_non_c_20260822/20260823T012450Z-364b2906f9/TS-T900-s5101
128.0000000000088,3200,163,1.7462959552459283,1.7410586198840672,1.8837582593570645,5521.0,TS,results/jerky_long_non_c_20260822/20260823T012450Z-364b2906f9/TS-T900-s5101
130.0000000000084,3250,164,1.7446339550784293,1.7409079049758363,1.895870014798627,5520.0,TS,results/jerky_long_non_c_20260822/20260823T012450Z-364b2906f9/TS-T900-s5101
132.00000000000801,3300,164,1.7459864556739007,1.7410586198840672,1.8837532176229046,5521.0,TS,results/jerky_long_non_c_20260822/20260823T012450Z-364b2906f9/TS-T900-s5101
134.00000000000762,3350,163,1.7441991763593743,1.7407571900676053,1.8837582593570645,5516.0,TS,results/jerky_long_non_c_20260822/20260823T012450Z-364b2906f9/TS-T900-s5101
136.00000000000722,3400,163,1.7470802233422311,1.7407571900676053,1.8966615567282485,5519.0,TS,results/jerky_long_non_c_20260822/20260823T012450Z-364b2906f9/TS-T900-s5101
138.00000000000682,3450,164,1.7477564236530676,1.7411799833112642,1.888740969841287,5521.0,TS,results/jerky_long_non_c_20260822/20260823T012450Z-364b2906f9/TS-T900-s5101
140.00000000000642,3500,164,1.748129621464233,1.74211471029912,1.8939238820117799,5522.0,TS,results/jerky_long_non_c_20260822/20260823T012450Z-364b2906f9/TS-T900-s5101
142.00000000000603,3550,163,1.7488005405083895,1.7410586198840672,1.889360494799907,5520.0,TS,results/jerky_long_non_c_20260822/20260823T012450Z-364b2906f9/TS-T900-s5101
144.00000000000563,3600,164,1.746144799545397,1.7373108113920828,1.9004287451449564,5519.0,TS,results/jerky_long_non_c_20260822/20260823T012450Z-364b2906f9/TS-T900-s5101
146.00000000000523,3650,163,1.74410269407243,1.739557335195074,1.8859170433519212,5516.0,TS,results/jerky_long_non_c_20260822/20260823T012450Z-364b2906f9/TS-T900-s5101
148.00000000000483,3700,163,1.7414771516221155,1.7410586198840672,1.8837582593570645,5515.0,TS,results/jerky_long_non_c_20260822/20260823T012450Z-364b2906f9/TS-T900-s5101
150.00000000000443,3750,163,1.7419654500668371,1.7383858799634886,1.8837582593570645,5517.0,TS,results/jerky_long_non_c_20260822/20260823T012450Z-364b2906f9/TS-T900-s5101
152.00000000000404,3800,163,1.7436323893135395,1.739557335195074,1.8833520054563682,5517.0,TS,results/jerky_long_non_c_20260822/20260823T012450Z-364b2906f9/TS-T900-s5101
154.00000000000364,3850,163,1.7424253097549578,1.7383858799634886,1.8837582593570645,5516.0,TS,results/jerky_long_non_c_20260822/20260823T012450Z-364b2906f9/TS-T900-s5101
156.00000000000324,3900,163,1.7430377056850836,1.7383858799634886,1.8837582593570645,5517.0,TS,results/jerky_long_non_c_20260822/20260823T012450Z-364b2906f9/TS-T900-s5101
158.00000000000284,3950,163,1.7428008128435868,1.7383858799634886,1.8837582593570645,5516.0,TS,results/jerky_long_non_c_20260822/20260823T012450Z-364b2906f9/TS-T900-s5101
160.00000000000244,4000,162,1.7450916647749617,1.7378965390078753,1.8900361982284382,5518.0,TS,results/jerky_long_non_c_20260822/20260823T012450Z-364b2906f9/TS-T900-s5101
162.00000000000205,4050,163,1.743512810981939,1.739557335195074,1.8837582593570645,5516.0,TS,results/jerky_long_non_c_20260822/20260823T012450Z-364b2906f9/TS-T900-s5101
164.00000000000165,4100,163,1.742355044570278,1.739557335195074,1.8833520054563682,5516.0,TS,results/jerky_long_non_c_20260822/20260823T012450Z-364b2906f9/TS-T900-s5101
166.00000000000125,4150,163,1.745819640992186,1.7410586198840672,1.886833564896096,5520.0,TS,results/jerky_long_non_c_20260822/20260823T012450Z-364b2906f9/TS-T900-s5101
168.00000000000085,4200,163,1.7449157488729619,1.741301346738461,1.8900949390727593,5517.0,TS,results/jerky_long_non_c_20260822/20260823T012450Z-364b2906f9/TS-T900-s5101
170.00000000000045,4250,163,1.7429186027810193,1.7410586198840672,1.8867610100809151,5514.0,TS,results/jerky_long_non_c_20260822/20260823T012450Z-364b2906f9/TS-T900-s5101
172.00000000000006,4300,163,1.7428493540614238,1.7383858799634886,1.8900949390727593,5508.0,TS,results/jerky_long_non_c_20260822/20260823T012450Z-364b2906f9/TS-T900-s5101
173.99999999999966,4350,163,1.7436576251004263,1.7337729970861788,1.8900949390727593,5509.0,TS,results/jerky_long_non_c_20260822/20260823T012450Z-364b2906f9/TS-T900-s5101
175.99999999999926,4400,163,1.7453805386337033,1.739557335195074,1.8966615567282485,5512.0,TS,results/jerky_long_non_c_20260822/20260823T012450Z-364b2906f9/TS-T900-s5101
177.99999999999886,4450,162,1.7489239829306968,1.7389716075792814,1.9010819898215265,5515.0,TS,results/jerky_long_non_c_20260822/20260823T012450Z-364b2906f9/TS-T900-s5101
179.99999999999847,4500,163,1.7478073447086797,1.7410586198840672,1.8966615567282485,5514.0,TS,results/jerky_long_non_c_20260822/20260823T012450Z-364b2906f9/TS-T900-s5101
181.99999999999807,4550,163,1.7480150554248524,1.741301346738461,1.896755580463401,5515.0,TS,results/jerky_long_non_c_20260822/20260823T012450Z-364b2906f9/TS-T900-s5101
183.99999999999767,4600,163,1.7460282675823098,1.742928073859779,1.8952675795866456,5512.0,TS,results/jerky_long_non_c_20260822/20260823T012450Z-364b2906f9/TS-T900-s5101
185.99999999999727,4650,162,1.7438906567056522,1.7389716075792814,1.8850531506646544,5508.0,TS,results/jerky_long_non_c_20260822/20260823T012450Z-364b2906f9/TS-T900-s5101
187.99999999999687,4700,162,1.7461066534025496,1.7378965390078753,1.8905170436204957,5510.0,TS,results/jerky_long_non_c_20260822/20260823T012450Z-364b2906f9/TS-T900-s5101
189.99999999999648,4750,162,1.7456616879094755,1.7411799833112642,1.8880818114198927,5511.0,TS,results/jerky_long_non_c_20260822/20260823T012450Z-364b2906f9/TS-T900-s5101
191.99999999999608,4800,163,1.7444140600547475,1.7407571900676053,1.890671953648202,5509.0,TS,results/jerky_long_non_c_20260822/20260823T012450Z-364b2906f9/TS-T900-s5101
193.99999999999568,4850,163,1.7447347961695174,1.7362357428206767,1.89111432347401,5510.0,TS,results/jerky_long_non_c_20260822/20260823T012450Z-364b2906f9/TS-T900-s5101
195.99999999999528,4900,162,1.74580707131127,1.7401572626313397,1.8905170436204957,5511.0,TS,results/jerky_long_non_c_20260822/20260823T012450Z-364b2906f9/TS-T900-s5101
197.99999999999488,4950,163,1.7458639326394982,1.7410586198840672,1.8966615567282485,5513.0,TS,results/jerky_long_non_c_20260822/20260823T012450Z-364b2906f9/TS-T900-s5101
199.9999999999945,5000,163,1.7480552205883364,1.742928073859779,1.8962191869024405,5515.0,TS,results/jerky_long_non_c_20260822/20260823T012450Z-364b2906f9/TS-T900-s5101
201.9999999999941,5050,163,1.7446923803592087,1.741301346738461,1.8840081447445096,5510.0,TS,results/jerky_long_non_c_20260822/20260823T012450Z-364b2906f9/TS-T900-s5101
203.9999999999937,5100,162,1.7452060652084544,1.7403079775395707,1.8971807878397007,5511.0,TS,results/jerky_long_non_c_20260822/20260823T012450Z-364b2906f9/TS-T900-s5101
205.9999999999933,5150,163,1.7446714109780708,1.7383858799634886,1.8962191869024405,5512.0,TS,results/jerky_long_non_c_20260822/20260823T012450Z-364b2906f9/TS-T900-s5101
207.9999999999929,5200,163,1.746926023046517,1.741301346738461,1.8902958587075915,5513.0,TS,results/jerky_long_non_c_20260822/20260823T012450Z-364b2906f9/TS-T900-s5101
209.9999999999925,5250,162,1.7485691311337053,1.7403079775395707,1.8905170436204957,5514.0,TS,results/jerky_long_non_c_20260822/20260823T012450Z-364b2906f9/TS-T900-s5101
211.9999999999921,5300,162,1.7440804330759265,1.7389716075792814,1.8905170436204957,5508.0,TS,results/jerky_long_non_c_20260822/20260823T012450Z-364b2906f9/TS-T900-s5101
213.9999999999917,5350,163,1.742744187392049,1.7362357428206767,1.8966615567282485,5507.0,TS,results/jerky_long_non_c_20260822/20260823T012450Z-364b2906f9/TS-T900-s5101
215.9999999999913,5400,163,1.7466084602319127,1.739557335195074,1.890671953648202,5513.0,TS,results/jerky_long_non_c_20260822/20260823T012450Z-364b2906f9/TS-T900-s5101
217.9999999999909,5450,163,1.7462483815606504,1.7410586198840672,1.8902958587075915,5512.0,TS,results/jerky_long_non_c_20260822/20260823T012450Z-364b2906f9/TS-T900-s5101
219.9999999999905,5500,162,1.7474248262102499,1.7411799833112642,1.8905170436204957,5512.0,TS,results/jerky_long_non_c_20260822/20260823T012450Z-364b2906f9/TS-T900-s5101
221.9999999999901,5550,163,1.7451005069262282,1.7410586198840672,1.885890716475491,5510.0,TS,results/jerky_long_non_c_20260822/20260823T012450Z-364b2906f9/TS-T900-s5101
223.9999999999897,5600,163,1.7461171856595281,1.7410586198840672,1.8881078863681713,5512.0,TS,results/jerky_long_non_c_20260822/20260823T012450Z-364b2906f9/TS-T900-s5101
225.9999999999893,5650,163,1.742184851683826,1.739557335195074,1.8876372434354258,5507.0,TS,results/jerky_long_non_c_20260822/20260823T012450Z-364b2906f9/TS-T900-s5101
227.99999999998892,5700,163,1.7440976505195844,1.739557335195074,1.8881078863681713,5510.0,TS,results/jerky_long_non_c_20260822/20260823T012450Z-364b2906f9/TS-T900-s5101
229.99999999998852,5750,163,1.7473799657883153,1.741301346738461,1.8939503100874304,5514.0,TS,results/jerky_long_non_c_20260822/20260823T012450Z-364b2906f9/TS-T900-s5101
231.99999999998812,5800,162,1.7467359781713903,1.7403079775395707,1.894293055447214,5513.0,TS,results/jerky_long_non_c_20260822/20260823T012450Z-364b2906f9/TS-T900-s5101
233.99999999998772,5850,163,1.7439682815903064,1.7410586198840672,1.890671953648202,5509.0,TS,results/jerky_long_non_c_20260822/20260823T012450Z-364b2906f9/TS-T900-s5101
235.99999999998732,5900,162,1.7464033606213862,1.7409079049758363,1.8880818114198927,5511.0,TS,results/jerky_long_non_c_20260822/20260823T012450Z-364b2906f9/TS-T900-s5101
237.99999999998693,5950,163,1.7428031572226985,1.7383858799634886,1.8974410711829681,5509.0,TS,results/jerky_long_non_c_20260822/20260823T012450Z-364b2906f9/TS-T900-s5101
239.99999999998653,6000,163,1.7438473706203763,1.739557335195074,1.8939503100874304,5510.0,TS,results/jerky_long_non_c_20260822/20260823T012450Z-364b2906f9/TS-T900-s5101
241.99999999998613,6050,163,1.7456086712220258,1.739557335195074,1.89111432347401,5511.0,TS,results/jerky_long_non_c_20260822/20260823T012450Z-364b2906f9/TS-T900-s5101
243.99999999998573,6100,162,1.7467677203271306,1.7409079049758363,1.8911613353415861,5512.0,TS,results/jerky_long_non_c_20260822/20260823T012450Z-364b2906f9/TS-T900-s5101
245.99999999998533,6150,163,1.7432188458677393,1.7407571900676053,1.8938562863522779,5509.0,TS,results/jerky_long_non_c_20260822/20260823T012450Z-364b2906f9/TS-T900-s5101
247.99999999998494,6200,163,1.7420727032403265,1.7337729970861788,1.8902958587075915,5507.0,TS,results/jerky_long_non_c_20260822/20260823T012450Z-364b2906f9/TS-T900-s5101
249.99999999998454,6250,163,1.7437592878482553,1.7383858799634886,1.8902958587075915,5508.0,TS,results/jerky_long_non_c_20260822/20260823T012450Z-364b2906f9/TS-T900-s5101
251.99999999998414,6300,163,1.743387763612199,1.7383858799634886,1.8902958587075915,5509.0,TS,results/jerky_long_non_c_20260822/20260823T012450Z-364b2906f9/TS-T900-s5101
253.99999999998374,6350,162,1.7427914361927292,1.7389716075792814,1.8880455340123024,5507.0,TS,results/jerky_long_non_c_20260822/20260823T012450Z-364b2906f9/TS-T900-s5101
255.99999999998334,6400,163,1.7465729212893666,1.739557335195074,1.8974410711829681,5514.0,TS,results/jerky_long_non_c_20260822/20260823T012450Z-364b2906f9/TS-T900-s5101
257.99999999998437,6450,162,1.747850600020335,1.7409079049758363,1.8911613353415861,5513.0,TS,results/jerky_long_non_c_20260822/20260823T012450Z-364b2906f9/TS-T900-s5101
259.9999999999854,6500,163,1.7466454913734697,1.7407571900676053,1.8939503100874304,5513.0,TS,results/jerky_long_non_c_20260822/20260823T012450Z-364b2906f9/TS-T900-s5101
261.9999999999864,6550,163,1.742253920911936,1.739557335195074,1.89111432347401,5508.0,TS,results/jerky_long_non_c_20260822/20260823T012450Z-364b2906f9/TS-T900-s5101
263.99999999998744,6600,163,1.7428388533822812,1.739557335195074,1.89111432347401,5509.0,TS,results/jerky_long_non_c_20260822/20260823T012450Z-364b2906f9/TS-T900-s5101
265.99999999998846,6650,162,1.7453634546751284,1.7389716075792814,1.8909401504286822,5510.0,TS,results/jerky_long_non_c_20260822/20260823T012450Z-364b2906f9/TS-T900-s5101
267.9999999999895,6700,162,1.745039586949131,1.7373108113920828,1.8909401504286822,5511.0,TS,results/jerky_long_non_c_20260822/20260823T012450Z-364b2906f9/TS-T900-s5101
269.9999999999905,6750,162,1.7433650472037951,1.7389716075792814,1.8905170436204957,5508.0,TS,results/jerky_long_non_c_20260822/20260823T012450Z-364b2906f9/TS-T900-s5101
271.99999999999153,6800,163,1.7425641136095862,1.7410586198840672,1.8902958587075915,5508.0,TS,results/jerky_long_non_c_20260822/20260823T012450Z-364b2906f9/TS-T900-s5101
273.99999999999255,6850,163,1.7450173169819652,1.739557335195074,1.89341391652647,5511.0,TS,results/jerky_long_non_c_20260822/20260823T012450Z-364b2906f9/TS-T900-s5101
275.9999999999936,6900,163,1.7427485889595984,1.7410586198840672,1.8876372434354258,5507.0,TS,results/jerky_long_non_c_20260822/20260823T012450Z-364b2906f9/TS-T900-s5101
277.9999999999946,6950,163,1.7456798541345786,1.7410586198840672,1.8938562863522779,5512.0,TS,results/jerky_long_non_c_20260822/20260823T012450Z-364b2906f9/TS-T900-s5101
279.9999999999956,7000,163,1.743253735089948,1.7362357428206767,1.89111432347401,5508.0,TS,results/jerky_long_non_c_20260822/20260823T012450Z-364b2906f9/TS-T900-s5101
281.99999999999665,7050,163,1.741911532442412,1.7383858799634886,1.8902958587075915,5506.0,TS,results/jerky_long_non_c_20260822/20260823T012450Z-364b2906f9/TS-T900-s5101
283.99999999999767,7100,163,1.7429924952904852,1.7362357428206767,1.8939503100874304,5508.0,TS,results/jerky_long_non_c_20260822/20260823T012450Z-364b2906f9/TS-T900-s5101
285.9999999999987,7150,163,1.7407628516564817,1.7383858799634886,1.8902958587075915,5506.0,TS,results/jerky_long_non_c_20260822/20260823T012450Z-364b2906f9/TS-T900-s5101
287.9999999999997,7200,162,1.7453101577669028,1.7389716075792814,1.894293055447214,5509.0,TS,results/jerky_long_non_c_20260822/20260823T012450Z-364b2906f9/TS-T900-s5101
290.00000000000074,7250,162,1.7444748142621547,1.7401572626313397,1.894293055447214,5509.0,TS,results/jerky_long_non_c_20260822/20260823T012450Z-364b2906f9/TS-T900-s5101
292.00000000000176,7300,163,1.7418531499900782,1.7383858799634886,1.89111432347401,5507.0,TS,results/jerky_long_non_c_20260822/20260823T012450Z-364b2906f9/TS-T900-s5101
294.0000000000028,7350,162,1.7477825779551417,1.7409079049758363,1.894293055447214,5513.0,TS,results/jerky_long_non_c_20260822/20260823T012450Z-364b2906f9/TS-T900-s5101
296.0000000000038,7400,162,1.745635413345008,1.7403079775395707,1.8909401504286822,5511.0,TS,results/jerky_long_non_c_20260822/20260823T012450Z-364b2906f9/TS-T900-s5101
298.00000000000483,7450,162,1.745319781430963,1.7373108113920828,1.8977917299799643,5511.0,TS,results/jerky_long_non_c_20260822/20260823T012450Z-364b2906f9/TS-T900-s5101
300.00000000000585,7500,163,1.7452733701622256,1.7362357428206767,1.8938562863522779,5513.0,TS,results/jerky_long_non_c_20260822/20260823T012450Z-364b2906f9/TS-T900-s5101
302.0000000000069,7550,163,1.7430483754921162,1.7353022827438913,1.8902958587075915,5508.0,TS,results/jerky_long_non_c_20260822/20260823T012450Z-364b2906f9/TS-T900-s5101
304.0000000000079,7600,163,1.7421989508459856,1.739557335195074,1.8902958587075915,5508.0,TS,results/jerky_long_non_c_20260822/20260823T012450Z-364b2906f9/TS-T900-s5101
306.0000000000089,7650,162,1.742322148309265,1.7373108113920828,1.8905170436204957,5506.0,TS,results/jerky_long_non_c_20260822/20260823T012450Z-364b2906f9/TS-T900-s5101
308.00000000000995,7700,163,1.7431985306709272,1.7383858799634886,1.89111432347401,5509.0,TS,results/jerky_long_non_c_20260822/20260823T012450Z-364b2906f9/TS-T900-s5101
310.00000000001097,7750,162,1.7438604713616,1.7373108113920828,1.8942460435796378,5509.0,TS,results/jerky_long_non_c_20260822/20260823T012450Z-364b2906f9/TS-T900-s5101
312.000000000012,7800,162,1.7451865390821182,1.7373108113920828,1.8906814102593004,5511.0,TS,results/jerky_long_non_c_20260822/20260823T012450Z-364b2906f9/TS-T900-s5101
314.000000000013,7850,163,1.7417138330894895,1.7362357428206767,1.89111432347401,5507.0,TS,results/jerky_long_non_c_20260822/20260823T012450Z-364b2906f9/TS-T900-s5101
316.00000000001404,7900,163,1.7444517320912973,1.7337729970861788,1.890671953648202,5511.0,TS,results/jerky_long_non_c_20260822/20260823T012450Z-364b2906f9/TS-T900-s5101
318.00000000001506,7950,163,1.7446140033956479,1.739557335195074,1.890624591985201,5510.0,TS,results/jerky_long_non_c_20260822/20260823T012450Z-364b2906f9/TS-T900-s5101
320.0000000000161,8000,163,1.7408252008967688,1.7337729970861788,1.890624591985201,5506.0,TS,results/jerky_long_non_c_20260822/20260823T012450Z-364b2906f9/TS-T900-s5101
322.0000000000171,8050,163,1.7463779525060006,1.7353022827438913,1.8939503100874304,5513.0,TS,results/jerky_long_non_c_20260822/20260823T012450Z-364b2906f9/TS-T900-s5101
324.00000000001813,8100,163,1.7429660996102523,1.7362357428206767,1.89111432347401,5508.0,TS,results/jerky_long_non_c_20260822/20260823T012450Z-364b2906f9/TS-T900-s5101
326.00000000001916,8150,163,1.742559397360326,1.7383858799634886,1.8918230608236326,5507.0,TS,results/jerky_long_non_c_20260822/20260823T012450Z-364b2906f9/TS-T900-s5101
328.0000000000202,8200,163,1.7422849779253895,1.7362357428206767,1.890624591985201,5508.0,TS,results/jerky_long_non_c_20260822/20260823T012450Z-364b2906f9/TS-T900-s5101
330.0000000000212,8250,163,1.7418545802215837,1.7337729970861788,1.89111432347401,5507.0,TS,results/jerky_long_non_c_20260822/20260823T012450Z-364b2906f9/TS-T900-s5101
332.0000000000222,8300,163,1.7423174162906925,1.7383858799634886,1.89111432347401,5508.0,TS,results/jerky_long_non_c_20260822/20260823T012450Z-364b2906f9/TS-T900-s5101
334.00000000002325,8350,162,1.7452724451133814,1.7389716075792814,1.8942460435796378,5511.0,TS,results/jerky_long_non_c_20260822/20260823T012450Z-364b2906f9/TS-T900-s5101
336.0000000000243,8400,163,1.743575160386695,1.7337729970861788,1.8938562863522779,5509.0,TS,results/jerky_long_non_c_20260822/20260823T012450Z-364b2906f9/TS-T900-s5101
338.0000000000253,8450,163,1.7430661221879118,1.7337729970861788,1.89111432347401,5509.0,TS,results/jerky_long_non_c_20260822/20260823T012450Z-364b2906f9/TS-T900-s5101
340.0000000000263,8500,162,1.745619568877978,1.7389716075792814,1.893792702114417,5511.0,TS,results/jerky_long_non_c_20260822/20260823T012450Z-364b2906f9/TS-T900-s5101
342.00000000002734,8550,163,1.7447580337371371,1.7410586198840672,1.894524611177487,5511.0,TS,results/jerky_long_non_c_20260822/20260823T012450Z-364b2906f9/TS-T900-s5101
344.00000000002836,8600,163,1.743565676759567,1.7383858799634886,1.8902958587075915,5508.0,TS,results/jerky_long_non_c_20260822/20260823T012450Z-364b2906f9/TS-T900-s5101
346.0000000000294,8650,163,1.7435401584518766,1.739557335195074,1.8875646886202448,5508.0,TS,results/jerky_long_non_c_20260822/20260823T012450Z-364b2906f9/TS-T900-s5101
348.0000000000304,8700,163,1.7414710700986415,1.739557335195074,1.8875646886202448,5505.0,TS,results/jerky_long_non_c_20260822/20260823T012450Z-364b2906f9/TS-T900-s5101
350.00000000003143,8750,163,1.7424523667129472,1.7383858799634886,1.8876372434354258,5507.0,TS,results/jerky_long_non_c_20260822/20260823T012450Z-364b2906f9/TS-T900-s5101
352.00000000003246,8800,163,1.7404489340715983,1.7362357428206767,1.8898413125147973,5505.0,TS,results/jerky_long_non_c_20260822/20260823T012450Z-364b2906f9/TS-T900-s5101
354.0000000000335,8850,163,1.7416423518660316,1.7362357428206767,1.890671953648202,5507.0,TS,results/jerky_long_non_c_20260822/20260823T012450Z-364b2906f9/TS-T900-s5101
356.0000000000345,8900,163,1.740857228480552,1.7362357428206767,1.89341391652647,5506.0,TS,results/jerky_long_non_c_20260822/20260823T012450Z-364b2906f9/TS-T900-s5101
358.0000000000355,8950,163,1.742128980297498,1.7383858799634886,1.890671953648202,5507.0,TS,results/jerky_long_non_c_20260822/20260823T012450Z-364b2906f9/TS-T900-s5101
360.00000000003655,9000,163,1.741404423968391,1.7383858799634886,1.8902958587075915,5507.0,TS,results/jerky_long_non_c_20260822/20260823T012450Z-364b2906f9/TS-T900-s5101
362.0000000000376,9050,163,1.7414403612315457,1.7383858799634886,1.8902958587075915,5507.0,TS,results/jerky_long_non_c_20260822/20260823T012450Z-364b2906f9/TS-T900-s5101
364.0000000000386,9100,163,1.7452677137230128,1.739557335195074,1.8902958587075915,5511.0,TS,results/jerky_long_non_c_20260822/20260823T012450Z-364b2906f9/TS-T900-s5101
366.0000000000396,9150,163,1.7437939979729637,1.7337729970861788,1.8902958587075915,5509.0,TS,results/jerky_long_non_c_20260822/20260823T012450Z-364b2906f9/TS-T900-s5101
368.00000000004064,9200,163,1.7419959469885873,1.7353022827438913,1.8875646886202448,5507.0,TS,results/jerky_long_non_c_20260822/20260823T012450Z-364b2906f9/TS-T900-s5101
370.00000000004167,9250,163,1.742355784367096,1.7353022827438913,1.89111432347401,5507.0,TS,results/jerky_long_non_c_20260822/20260823T012450Z-364b2906f9/TS-T900-s5101
372.0000000000427,9300,163,1.741158447844253,1.7362357428206767,1.89172903708848,5506.0,TS,results/jerky_long_non_c_20260822/20260823T012450Z-364b2906f9/TS-T900-s5101
374.0000000000437,9350,163,1.74148607536305,1.7410586198840672,1.8902958587075915,5505.0,TS,results/jerky_long_non_c_20260822/20260823T012450Z-364b2906f9/TS-T900-s5101
376.00000000004474,9400,163,1.7410329140613536,1.739557335195074,1.8902958587075915,5505.0,TS,results/jerky_long_non_c_20260822/20260823T012450Z-364b2906f9/TS-T900-s5101
378.00000000004576,9450,163,1.743613481336649,1.7353022827438913,1.8939503100874304,5509.0,TS,results/jerky_long_non_c_20260822/20260823T012450Z-364b2906f9/TS-T900-s5101
380.0000000000468,9500,163,1.7430915785532601,1.7337729970861788,1.8974410711829681,5508.0,TS,results/jerky_long_non_c_20260822/20260823T012450Z-364b2906f9/TS-T900-s5101
382.0000000000478,9550,163,1.7430462526335837,1.739557335195074,1.8876372434354258,5508.0,TS,results/jerky_long_non_c_20260822/20260823T012450Z-364b2906f9/TS-T900-s5101
384.00000000004883,9600,163,1.7436237079244121,1.7353022827438913,1.8938562863522779,5509.0,TS,results/jerky_long_non_c_20260822/20260823T012450Z-364b2906f9/TS-T900-s5101
386.00000000004985,9650,162,1.7442877751008703,1.735769012782284,1.8905170436204957,5509.0,TS,results/jerky_long_non_c_20260822/20260823T012450Z-364b2906f9/TS-T900-s5101
388.0000000000509,9700,162,1.7456269109424722,1.7373108113920828,1.8970392061325618,5511.0,TS,results/jerky_long_non_c_20260822/20260823T012450Z-364b2906f9/TS-T900-s5101
390.0000000000519,9750,163,1.7435410754172183,1.7353022827438913,1.9007553674832416,5509.0,TS,results/jerky_long_non_c_20260822/20260823T012450Z-364b2906f9/TS-T900-s5101
392.0000000000529,9800,163,1.7429640291177964,1.7337729970861788,1.8939503100874304,5509.0,TS,results/jerky_long_non_c_20260822/20260823T012450Z-364b2906f9/TS-T900-s5101
394.00000000005394,9850,163,1.742470295808055,1.7383858799634886,1.8939503100874304,5508.0,TS,results/jerky_long_non_c_20260822/20260823T012450Z-364b2906f9/TS-T900-s5101
396.00000000005497,9900,163,1.7417204442979513,1.7362357428206767,1.89111432347401,5507.0,TS,results/jerky_long_non_c_20260822/20260823T012450Z-364b2906f9/TS-T900-s5101
398.000000000056,9950,162,1.743435834248395,1.7373108113920828,1.894293055447214,5509.0,TS,results/jerky_long_non_c_20260822/20260823T012450Z-364b2906f9/TS-T900-s5101
400.000000000057,10000,163,1.7421328156398608,1.7330204914450826,1.8902958587075915,5508.0,TS,results/jerky_long_non_c_20260822/20260823T012450Z-364b2906f9/TS-T900-s5101
