time,step,grains_used,isoperimetric_q_mean,isoperimetric_q_median,isoperimetric_q_p90,boundary_edges_total,regime,run_dir
0.0,0,190,1.7920895484123613,1.7854416702856883,1.956505991785691,6086.0,C_GB,results/jerky_area_loss_factorial_long_20260822/20260823T012141Z-b907865386/C_GB-T900-s5101
2.000000000000001,50,183,1.792772217008281,1.7862259120342572,1.9582886226042788,5991.0,C_GB,results/jerky_area_loss_factorial_long_20260822/20260823T012141Z-b907865386/C_GB-T900-s5101
4.000000000000003,100,177,1.7865498098549344,1.776894427937363,1.9435634673380928,5888.0,C_GB,results/jerky_area_loss_factorial_long_20260822/20260823T012141Z-b907865386/C_GB-T900-s5101
6.000000000000004,150,177,1.790036017302364,1.7793720345677742,1.946431033523025,5823.0,C_GB,results/jerky_area_loss_factorial_long_20260822/20260823T012141Z-b907865386/C_GB-T900-s5101
8.000000000000005,200,175,1.7770520196062722,1.7605430432201659,1.9462914977070105,5733.0,C_GB,results/jerky_area_loss_factorial_long_20260822/20260823T012141Z-b907865386/C_GB-T900-s5101
9.999999999999963,250,170,1.781412339139993,1.7684498449017227,1.9497327097603412,5688.0,C_GB,results/jerky_area_loss_factorial_long_20260822/20260823T012141Z-b907865386/C_GB-T900-s5101
11.99999999999992,300,166,1.7780948218359225,1.7606039637725455,1.9508791782256858,5629.0,C_GB,results/jerky_area_loss_factorial_long_20260822/20260823T012141Z-b907865386/C_GB-T900-s5101
13.999999999999877,350,163,1.7863282121581563,1.7793720345677742,1.9521989794087076,5582.0,C_GB,results/jerky_area_loss_factorial_long_20260822/20260823T012141Z-b907865386/C_GB-T900-s5101
15.999999999999835,400,161,1.770655358428359,1.7643873781680703,1.920835520074599,5481.0,C_GB,results/jerky_area_loss_factorial_long_20260822/20260823T012141Z-b907865386/C_GB-T900-s5101
17.999999999999794,450,158,1.785857060913911,1.7825681948150636,1.975022010924488,5450.0,C_GB,results/jerky_area_loss_factorial_long_20260822/20260823T012141Z-b907865386/C_GB-T900-s5101
19.99999999999975,500,151,1.78329911040134,1.7862259120342572,1.9401745443583431,5407.0,C_GB,results/jerky_area_loss_factorial_long_20260822/20260823T012141Z-b907865386/C_GB-T900-s5101
21.99999999999971,550,150,1.8047366965258718,1.7909163942069393,1.9594561788909877,5385.0,C_GB,results/jerky_area_loss_factorial_long_20260822/20260823T012141Z-b907865386/C_GB-T900-s5101
23.999999999999666,600,148,1.8008699675583963,1.7931982169670355,1.9813275644703756,5304.0,C_GB,results/jerky_area_loss_factorial_long_20260822/20260823T012141Z-b907865386/C_GB-T900-s5101
25.999999999999623,650,142,1.8009156762669274,1.7869241156708533,1.9654470283051433,5236.0,C_GB,results/jerky_area_loss_factorial_long_20260822/20260823T012141Z-b907865386/C_GB-T900-s5101
27.99999999999958,700,140,1.8204210596938577,1.8117355470432417,2.029313063808908,5204.0,C_GB,results/jerky_area_loss_factorial_long_20260822/20260823T012141Z-b907865386/C_GB-T900-s5101
29.999999999999538,750,140,1.8248630216096735,1.812567729752219,2.00885996852715,5146.0,C_GB,results/jerky_area_loss_factorial_long_20260822/20260823T012141Z-b907865386/C_GB-T900-s5101
31.999999999999496,800,136,1.820415855523008,1.8205326374107427,2.002374680597005,5092.0,C_GB,results/jerky_area_loss_factorial_long_20260822/20260823T012141Z-b907865386/C_GB-T900-s5101
33.99999999999945,850,134,1.8323662463370975,1.8218349838523489,2.0241161518805457,5059.0,C_GB,results/jerky_area_loss_factorial_long_20260822/20260823T012141Z-b907865386/C_GB-T900-s5101
35.99999999999941,900,133,1.837567728823392,1.8199963220236466,2.03493788990041,5013.0,C_GB,results/jerky_area_loss_factorial_long_20260822/20260823T012141Z-b907865386/C_GB-T900-s5101
37.99999999999937,950,127,1.8381151884439535,1.8165277146723118,2.014957251819821,4957.0,C_GB,results/jerky_area_loss_factorial_long_20260822/20260823T012141Z-b907865386/C_GB-T900-s5101
39.999999999999325,1000,121,1.8309967959885676,1.8054618624701182,2.0000662704075367,4858.0,C_GB,results/jerky_area_loss_factorial_long_20260822/20260823T012141Z-b907865386/C_GB-T900-s5101
41.99999999999928,1050,117,1.8282065378682297,1.810034323210786,2.0281160517456565,4810.0,C_GB,results/jerky_area_loss_factorial_long_20260822/20260823T012141Z-b907865386/C_GB-T900-s5101
43.99999999999924,1100,114,1.8307117402223185,1.8160752761563748,2.0208561196729167,4750.0,C_GB,results/jerky_area_loss_factorial_long_20260822/20260823T012141Z-b907865386/C_GB-T900-s5101
45.9999999999992,1150,112,1.8313131587019247,1.8182597190643235,2.0125399255491283,4690.0,C_GB,results/jerky_area_loss_factorial_long_20260822/20260823T012141Z-b907865386/C_GB-T900-s5101
47.999999999999154,1200,110,1.8254865396710012,1.8182504897397305,1.9954297574405402,4634.0,C_GB,results/jerky_area_loss_factorial_long_20260822/20260823T012141Z-b907865386/C_GB-T900-s5101
49.99999999999911,1250,109,1.8406879830651448,1.8317113809737893,2.044069486039027,4603.0,C_GB,results/jerky_area_loss_factorial_long_20260822/20260823T012141Z-b907865386/C_GB-T900-s5101
51.99999999999907,1300,108,1.8330875794387114,1.8285318243236044,2.0087233978172017,4560.0,C_GB,results/jerky_area_loss_factorial_long_20260822/20260823T012141Z-b907865386/C_GB-T900-s5101
53.99999999999903,1350,106,1.838653855897573,1.8252002547757589,2.015962612497341,4532.0,C_GB,results/jerky_area_loss_factorial_long_20260822/20260823T012141Z-b907865386/C_GB-T900-s5101
55.999999999998984,1400,106,1.8231128700426638,1.8155022342985516,2.0151401298585556,4488.0,C_GB,results/jerky_area_loss_factorial_long_20260822/20260823T012141Z-b907865386/C_GB-T900-s5101
57.99999999999894,1450,104,1.8292875217643447,1.8126574533655426,2.003035891066102,4466.0,C_GB,results/jerky_area_loss_factorial_long_20260822/20260823T012141Z-b907865386/C_GB-T900-s5101
59.9999999999989,1500,103,1.8208656730580766,1.8063282228086222,1.9970801727835503,4434.0,C_GB,results/jerky_area_loss_factorial_long_20260822/20260823T012141Z-b907865386/C_GB-T900-s5101
61.999999999998856,1550,101,1.8210003173557447,1.8052296785886277,1.9935557053953765,4400.0,C_GB,results/jerky_area_loss_factorial_long_20260822/20260823T012141Z-b907865386/C_GB-T900-s5101
63.99999999999881,1600,99,1.8308165151709375,1.804620055058266,2.0012731590440493,4371.0,C_GB,results/jerky_area_loss_factorial_long_20260822/20260823T012141Z-b907865386/C_GB-T900-s5101
65.99999999999912,1650,98,1.8444582880397056,1.8271488742360897,2.030705386173222,4342.0,C_GB,results/jerky_area_loss_factorial_long_20260822/20260823T012141Z-b907865386/C_GB-T900-s5101
67.99999999999943,1700,96,1.8367901055535063,1.8356830314083312,2.0085464202146497,4305.0,C_GB,results/jerky_area_loss_factorial_long_20260822/20260823T012141Z-b907865386/C_GB-T900-s5101
69.99999999999974,1750,95,1.825752160917548,1.82396617321188,1.9982157979651487,4254.0,C_GB,results/jerky_area_loss_factorial_long_20260822/20260823T012141Z-b907865386/C_GB-T900-s5101
72.00000000000006,1800,95,1.8344488647741914,1.8314656426541742,2.0254654182124314,4237.0,C_GB,results/jerky_area_loss_factorial_long_20260822/20260823T012141Z-b907865386/C_GB-T900-s5101
74.00000000000037,1850,92,1.8368024001160586,1.8294553733003847,2.0375952020172043,4203.0,C_GB,results/jerky_area_loss_factorial_long_20260822/20260823T012141Z-b907865386/C_GB-T900-s5101
76.00000000000068,1900,91,1.8409040361779387,1.8284434221217416,2.032165578789127,4164.0,C_GB,results/jerky_area_loss_factorial_long_20260822/20260823T012141Z-b907865386/C_GB-T900-s5101
78.000000000001,1950,90,1.841870491434315,1.8163109054737077,2.0195435867066656,4135.0,C_GB,results/jerky_area_loss_factorial_long_20260822/20260823T012141Z-b907865386/C_GB-T900-s5101
80.00000000000131,2000,89,1.8364633839325188,1.8175550443077961,2.013295945604238,4110.0,C_GB,results/jerky_area_loss_factorial_long_20260822/20260823T012141Z-b907865386/C_GB-T900-s5101
82.00000000000162,2050,88,1.8420261779164677,1.8126415193520298,2.0197205567061953,4099.0,C_GB,results/jerky_area_loss_factorial_long_20260822/20260823T012141Z-b907865386/C_GB-T900-s5101
84.00000000000193,2100,88,1.846255915629969,1.8241906597908861,2.0588051964386693,4080.0,C_GB,results/jerky_area_loss_factorial_long_20260822/20260823T012141Z-b907865386/C_GB-T900-s5101
86.00000000000225,2150,87,1.8506972078437223,1.8435721036912744,2.0333667094971584,4068.0,C_GB,results/jerky_area_loss_factorial_long_20260822/20260823T012141Z-b907865386/C_GB-T900-s5101
88.00000000000256,2200,87,1.8399034863081953,1.8365004824060827,1.9920768925537717,4048.0,C_GB,results/jerky_area_loss_factorial_long_20260822/20260823T012141Z-b907865386/C_GB-T900-s5101
90.00000000000287,2250,85,1.8392640703359793,1.8209947722184823,2.0227647657305727,4022.0,C_GB,results/jerky_area_loss_factorial_long_20260822/20260823T012141Z-b907865386/C_GB-T900-s5101
92.00000000000318,2300,84,1.845641582763142,1.8206492686897509,2.0503819941295975,4004.0,C_GB,results/jerky_area_loss_factorial_long_20260822/20260823T012141Z-b907865386/C_GB-T900-s5101
94.0000000000035,2350,83,1.8528258642992765,1.8414014193451123,2.0384746062566443,3980.0,C_GB,results/jerky_area_loss_factorial_long_20260822/20260823T012141Z-b907865386/C_GB-T900-s5101
96.00000000000381,2400,83,1.8529518412494788,1.8453252579860302,2.0290261629192927,3961.0,C_GB,results/jerky_area_loss_factorial_long_20260822/20260823T012141Z-b907865386/C_GB-T900-s5101
98.00000000000412,2450,82,1.840846908770051,1.8404515745908765,1.9989586010813427,3932.0,C_GB,results/jerky_area_loss_factorial_long_20260822/20260823T012141Z-b907865386/C_GB-T900-s5101
100.00000000000443,2500,78,1.8579028703574796,1.8451894847592107,2.0640952418442144,3920.0,C_GB,results/jerky_area_loss_factorial_long_20260822/20260823T012141Z-b907865386/C_GB-T900-s5101
102.00000000000475,2550,77,1.8607090701114732,1.8450997195688006,2.047879851762291,3883.0,C_GB,results/jerky_area_loss_factorial_long_20260822/20260823T012141Z-b907865386/C_GB-T900-s5101
104.00000000000506,2600,77,1.8492570629294953,1.8175859611495702,2.0453914184785655,3846.0,C_GB,results/jerky_area_loss_factorial_long_20260822/20260823T012141Z-b907865386/C_GB-T900-s5101
106.00000000000537,2650,76,1.8541762444056606,1.8492271784122538,2.0274049544538264,3828.0,C_GB,results/jerky_area_loss_factorial_long_20260822/20260823T012141Z-b907865386/C_GB-T900-s5101
108.00000000000568,2700,76,1.8441738166795993,1.833135787309537,2.0355024272927817,3799.0,C_GB,results/jerky_area_loss_factorial_long_20260822/20260823T012141Z-b907865386/C_GB-T900-s5101
110.000000000006,2750,75,1.8295759572696795,1.8210437276787534,1.999514105411234,3762.0,C_GB,results/jerky_area_loss_factorial_long_20260822/20260823T012141Z-b907865386/C_GB-T900-s5101
112.00000000000631,2800,75,1.8197478756994803,1.8208083370394217,2.0113467351746794,3730.0,C_GB,results/jerky_area_loss_factorial_long_20260822/20260823T012141Z-b907865386/C_GB-T900-s5101
114.00000000000662,2850,75,1.82441957924239,1.8253217321542035,2.000377987209272,3716.0,C_GB,results/jerky_area_loss_factorial_long_20260822/20260823T012141Z-b907865386/C_GB-T900-s5101
116.00000000000693,2900,74,1.831556923967024,1.8382761617792345,1.994599317523678,3708.0,C_GB,results/jerky_area_loss_factorial_long_20260822/20260823T012141Z-b907865386/C_GB-T900-s5101
118.00000000000725,2950,73,1.8349734759627354,1.8305844214942335,2.0206459181077165,3684.0,C_GB,results/jerky_area_loss_factorial_long_20260822/20260823T012141Z-b907865386/C_GB-T900-s5101
120.00000000000756,3000,73,1.8315153146016505,1.8305360866799465,1.9970200820726172,3659.0,C_GB,results/jerky_area_loss_factorial_long_20260822/20260823T012141Z-b907865386/C_GB-T900-s5101
122.00000000000787,3050,70,1.8394655145408798,1.8474662039677825,1.9836194010736088,3642.0,C_GB,results/jerky_area_loss_factorial_long_20260822/20260823T012141Z-b907865386/C_GB-T900-s5101
124.00000000000819,3100,68,1.8348725466410747,1.8343958002202474,2.0124926384268176,3614.0,C_GB,results/jerky_area_loss_factorial_long_20260822/20260823T012141Z-b907865386/C_GB-T900-s5101
125.96000000000849,3149,68,1.8214608305715922,1.8224335160434717,2.0123631051244946,3558.0,C_GB,results/jerky_area_loss_factorial_long_20260822/20260823T012141Z-b907865386/C_GB-T900-s5101
0.0,0,190,1.7920895484123613,1.7854416702856883,1.956505991785691,6086.0,C_GBTJ,results/jerky_area_loss_factorial_long_20260822/20260823T012141Z-b907865386/C_GBTJ-T900-s5101
2.000000000000001,50,183,1.7918227444920034,1.7843189956121541,1.9498885737791247,5994.0,C_GBTJ,results/jerky_area_loss_factorial_long_20260822/20260823T012141Z-b907865386/C_GBTJ-T900-s5101
4.000000000000003,100,177,1.7889576610299305,1.776894427937363,1.9563244334246537,5889.0,C_GBTJ,results/jerky_area_loss_factorial_long_20260822/20260823T012141Z-b907865386/C_GBTJ-T900-s5101
6.000000000000004,150,177,1.784046312151022,1.7713580689159039,1.9414135145157458,5808.0,C_GBTJ,results/jerky_area_loss_factorial_long_20260822/20260823T012141Z-b907865386/C_GBTJ-T900-s5101
8.000000000000005,200,173,1.77412533097957,1.7678441371130529,1.9349327488019732,5724.0,C_GBTJ,results/jerky_area_loss_factorial_long_20260822/20260823T012141Z-b907865386/C_GBTJ-T900-s5101
9.999999999999963,250,167,1.781648676332597,1.7724834714865818,1.9461381804880356,5671.0,C_GBTJ,results/jerky_area_loss_factorial_long_20260822/20260823T012141Z-b907865386/C_GBTJ-T900-s5101
11.99999999999992,300,163,1.7704633145310444,1.7708173613246598,1.9467396254200655,5576.0,C_GBTJ,results/jerky_area_loss_factorial_long_20260822/20260823T012141Z-b907865386/C_GBTJ-T900-s5101
13.999999999999877,350,160,1.7828554623605863,1.781839603315165,1.9337325585665286,5521.0,C_GBTJ,results/jerky_area_loss_factorial_long_20260822/20260823T012141Z-b907865386/C_GBTJ-T900-s5101
15.999999999999835,400,158,1.772304004105006,1.7718482017674648,1.9227499373499384,5461.0,C_GBTJ,results/jerky_area_loss_factorial_long_20260822/20260823T012141Z-b907865386/C_GBTJ-T900-s5101
17.999999999999794,450,154,1.785878350206023,1.7909163942069393,1.9688432576735424,5411.0,C_GBTJ,results/jerky_area_loss_factorial_long_20260822/20260823T012141Z-b907865386/C_GBTJ-T900-s5101
19.99999999999975,500,149,1.7923378525117188,1.785658964316078,1.9581880742123565,5360.0,C_GBTJ,results/jerky_area_loss_factorial_long_20260822/20260823T012141Z-b907865386/C_GBTJ-T900-s5101
21.99999999999971,550,146,1.80641342854617,1.7993681893768345,1.9323106413633564,5318.0,C_GBTJ,results/jerky_area_loss_factorial_long_20260822/20260823T012141Z-b907865386/C_GBTJ-T900-s5101
23.999999999999666,600,142,1.8161570856271796,1.8096873644435352,1.9991244808368944,5237.0,C_GBTJ,results/jerky_area_loss_factorial_long_20260822/20260823T012141Z-b907865386/C_GBTJ-T900-s5101
25.999999999999623,650,141,1.816650988914922,1.8203884301754085,1.9825553664972682,5190.0,C_GBTJ,results/jerky_area_loss_factorial_long_20260822/20260823T012141Z-b907865386/C_GBTJ-T900-s5101
27.99999999999958,700,138,1.8154007953322269,1.8094077694839776,1.99102796006502,5131.0,C_GBTJ,results/jerky_area_loss_factorial_long_20260822/20260823T012141Z-b907865386/C_GBTJ-T900-s5101
29.999999999999538,750,134,1.8222000517753039,1.8064629725116936,2.024810875610196,5067.0,C_GBTJ,results/jerky_area_loss_factorial_long_20260822/20260823T012141Z-b907865386/C_GBTJ-T900-s5101
31.999999999999496,800,129,1.8360972925583858,1.8293671619758085,2.02030206169433,5025.0,C_GBTJ,results/jerky_area_loss_factorial_long_20260822/20260823T012141Z-b907865386/C_GBTJ-T900-s5101
33.99999999999945,850,126,1.842490545478173,1.832465293536404,2.0213445154267102,4957.0,C_GBTJ,results/jerky_area_loss_factorial_long_20260822/20260823T012141Z-b907865386/C_GBTJ-T900-s5101
35.99999999999941,900,122,1.8419219887640563,1.834710224121528,2.02663864067172,4895.0,C_GBTJ,results/jerky_area_loss_factorial_long_20260822/20260823T012141Z-b907865386/C_GBTJ-T900-s5101
37.99999999999937,950,119,1.8406040797167604,1.8305360866799465,2.033225346112768,4827.0,C_GBTJ,results/jerky_area_loss_factorial_long_20260822/20260823T012141Z-b907865386/C_GBTJ-T900-s5101
39.999999999999325,1000,114,1.8401859456454246,1.8237328861759816,2.053206850736446,4760.0,C_GBTJ,results/jerky_area_loss_factorial_long_20260822/20260823T012141Z-b907865386/C_GBTJ-T900-s5101
41.99999999999928,1050,111,1.8299843766330592,1.8196715160173367,2.0395969958316824,4668.0,C_GBTJ,results/jerky_area_loss_factorial_long_20260822/20260823T012141Z-b907865386/C_GBTJ-T900-s5101
43.99999999999924,1100,110,1.8300446900279101,1.8309977873641858,1.9969414966403307,4621.0,C_GBTJ,results/jerky_area_loss_factorial_long_20260822/20260823T012141Z-b907865386/C_GBTJ-T900-s5101
45.9999999999992,1150,107,1.8376419932857389,1.8417339540080584,2.0041474470028513,4600.0,C_GBTJ,results/jerky_area_loss_factorial_long_20260822/20260823T012141Z-b907865386/C_GBTJ-T900-s5101
47.999999999999154,1200,105,1.8303036021773857,1.8309505638050818,2.01017007287441,4543.0,C_GBTJ,results/jerky_area_loss_factorial_long_20260822/20260823T012141Z-b907865386/C_GBTJ-T900-s5101
49.99999999999911,1250,105,1.8308873313026106,1.8065429750580992,2.018330989626685,4505.0,C_GBTJ,results/jerky_area_loss_factorial_long_20260822/20260823T012141Z-b907865386/C_GBTJ-T900-s5101
51.99999999999907,1300,103,1.8453644239540805,1.8307700509037041,2.0585762712820848,4479.0,C_GBTJ,results/jerky_area_loss_factorial_long_20260822/20260823T012141Z-b907865386/C_GBTJ-T900-s5101
53.99999999999903,1350,101,1.834779260766005,1.8235379920359533,2.0159626124973413,4436.0,C_GBTJ,results/jerky_area_loss_factorial_long_20260822/20260823T012141Z-b907865386/C_GBTJ-T900-s5101
55.999999999998984,1400,98,1.8156175861855397,1.8122620974014076,1.99373681175007,4377.0,C_GBTJ,results/jerky_area_loss_factorial_long_20260822/20260823T012141Z-b907865386/C_GBTJ-T900-s5101
57.99999999999894,1450,98,1.8174203796520196,1.8024571474424478,1.998508096644207,4346.0,C_GBTJ,results/jerky_area_loss_factorial_long_20260822/20260823T012141Z-b907865386/C_GBTJ-T900-s5101
59.9999999999989,1500,97,1.8310442954587156,1.8201102890434047,2.021025119506303,4322.0,C_GBTJ,results/jerky_area_loss_factorial_long_20260822/20260823T012141Z-b907865386/C_GBTJ-T900-s5101
61.999999999998856,1550,96,1.8347647013010393,1.8437567367559409,2.005226964105053,4293.0,C_GBTJ,results/jerky_area_loss_factorial_long_20260822/20260823T012141Z-b907865386/C_GBTJ-T900-s5101
63.99999999999881,1600,93,1.8291716122842219,1.82396617321188,1.9779579296867598,4251.0,C_GBTJ,results/jerky_area_loss_factorial_long_20260822/20260823T012141Z-b907865386/C_GBTJ-T900-s5101
65.99999999999912,1650,93,1.8313092155843929,1.8253217321542035,1.9998958040676664,4228.0,C_GBTJ,results/jerky_area_loss_factorial_long_20260822/20260823T012141Z-b907865386/C_GBTJ-T900-s5101
67.99999999999943,1700,91,1.8218777280306595,1.8269786297567758,1.9490714045311819,4197.0,C_GBTJ,results/jerky_area_loss_factorial_long_20260822/20260823T012141Z-b907865386/C_GBTJ-T900-s5101
69.99999999999974,1750,91,1.827541513721027,1.82396617321188,1.9735212943395022,4172.0,C_GBTJ,results/jerky_area_loss_factorial_long_20260822/20260823T012141Z-b907865386/C_GBTJ-T900-s5101
72.00000000000006,1800,88,1.825540610954854,1.8166238433739177,1.9556045224293321,4138.0,C_GBTJ,results/jerky_area_loss_factorial_long_20260822/20260823T012141Z-b907865386/C_GBTJ-T900-s5101
74.00000000000037,1850,88,1.8336404186163535,1.8199123709216742,2.0027563391542493,4125.0,C_GBTJ,results/jerky_area_loss_factorial_long_20260822/20260823T012141Z-b907865386/C_GBTJ-T900-s5101
76.00000000000068,1900,88,1.8359284052854419,1.8279269250607553,2.0213000471257674,4094.0,C_GBTJ,results/jerky_area_loss_factorial_long_20260822/20260823T012141Z-b907865386/C_GBTJ-T900-s5101
78.000000000001,1950,87,1.8249865257301645,1.8158437389050002,2.0001808618378085,4068.0,C_GBTJ,results/jerky_area_loss_factorial_long_20260822/20260823T012141Z-b907865386/C_GBTJ-T900-s5101
80.00000000000131,2000,86,1.8332111390230084,1.8114959300195972,2.0029249724094598,4051.0,C_GBTJ,results/jerky_area_loss_factorial_long_20260822/20260823T012141Z-b907865386/C_GBTJ-T900-s5101
82.00000000000162,2050,85,1.8361049152234015,1.81943631166794,2.0255599387007934,4036.0,C_GBTJ,results/jerky_area_loss_factorial_long_20260822/20260823T012141Z-b907865386/C_GBTJ-T900-s5101
84.00000000000193,2100,85,1.8510852693149933,1.810601395604573,2.052503833655249,4029.0,C_GBTJ,results/jerky_area_loss_factorial_long_20260822/20260823T012141Z-b907865386/C_GBTJ-T900-s5101
86.00000000000225,2150,83,1.862141237266843,1.8535697754145308,2.0315088012401623,4013.0,C_GBTJ,results/jerky_area_loss_factorial_long_20260822/20260823T012141Z-b907865386/C_GBTJ-T900-s5101
88.00000000000256,2200,81,1.8696163769356726,1.8449038544627656,2.0535213011325966,3995.0,C_GBTJ,results/jerky_area_loss_factorial_long_20260822/20260823T012141Z-b907865386/C_GBTJ-T900-s5101
90.00000000000287,2250,80,1.8686503514656123,1.8479757411800795,2.036752129906919,3956.0,C_GBTJ,results/jerky_area_loss_factorial_long_20260822/20260823T012141Z-b907865386/C_GBTJ-T900-s5101
92.00000000000318,2300,79,1.8655794383712168,1.8395460885128918,2.0790049960564887,3915.0,C_GBTJ,results/jerky_area_loss_factorial_long_20260822/20260823T012141Z-b907865386/C_GBTJ-T900-s5101
94.0000000000035,2350,78,1.8499197954791526,1.8402984586781694,2.027599483207414,3869.0,C_GBTJ,results/jerky_area_loss_factorial_long_20260822/20260823T012141Z-b907865386/C_GBTJ-T900-s5101
96.00000000000381,2400,78,1.8386841191568402,1.8120728324681383,2.027785047551821,3836.0,C_GBTJ,results/jerky_area_loss_factorial_long_20260822/20260823T012141Z-b907865386/C_GBTJ-T900-s5101
98.00000000000412,2450,77,1.8423981353728,1.8371683575175033,2.032256528760987,3821.0,C_GBTJ,results/jerky_area_loss_factorial_long_20260822/20260823T012141Z-b907865386/C_GBTJ-T900-s5101
100.00000000000443,2500,76,1.8406854504764993,1.8336409385458863,2.0017693453843997,3791.0,C_GBTJ,results/jerky_area_loss_factorial_long_20260822/20260823T012141Z-b907865386/C_GBTJ-T900-s5101
102.00000000000475,2550,74,1.8551577708072367,1.84568441248007,2.033872246755436,3777.0,C_GBTJ,results/jerky_area_loss_factorial_long_20260822/20260823T012141Z-b907865386/C_GBTJ-T900-s5101
104.00000000000506,2600,73,1.8513678569398884,1.8503948328706075,2.0338436268687583,3731.0,C_GBTJ,results/jerky_area_loss_factorial_long_20260822/20260823T012141Z-b907865386/C_GBTJ-T900-s5101
106.00000000000537,2650,72,1.8352588447801534,1.818313790733213,2.017730782784208,3692.0,C_GBTJ,results/jerky_area_loss_factorial_long_20260822/20260823T012141Z-b907865386/C_GBTJ-T900-s5101
108.00000000000568,2700,71,1.8337249495097137,1.8233127390873956,2.009532109746153,3666.0,C_GBTJ,results/jerky_area_loss_factorial_long_20260822/20260823T012141Z-b907865386/C_GBTJ-T900-s5101
110.000000000006,2750,69,1.8459447289599258,1.8349628732947934,2.0168723572808713,3642.0,C_GBTJ,results/jerky_area_loss_factorial_long_20260822/20260823T012141Z-b907865386/C_GBTJ-T900-s5101
112.00000000000631,2800,67,1.8434754643581241,1.8349628732947934,2.0231897992545353,3610.0,C_GBTJ,results/jerky_area_loss_factorial_long_20260822/20260823T012141Z-b907865386/C_GBTJ-T900-s5101
112.76000000000643,2819,66,1.8532665031224225,1.844437568193868,2.041556049211822,3597.0,C_GBTJ,results/jerky_area_loss_factorial_long_20260822/20260823T012141Z-b907865386/C_GBTJ-T900-s5101
0.0,0,190,1.7920895484123613,1.7854416702856883,1.956505991785691,6086.0,GC_GB,results/jerky_area_loss_factorial_long_20260822/20260823T012141Z-b907865386/GC_GB-T900-s5101
2.000000000000001,50,186,1.8014121506122462,1.7862348696784442,1.9643627528376009,6022.0,GC_GB,results/jerky_area_loss_factorial_long_20260822/20260823T012141Z-b907865386/GC_GB-T900-s5101
4.000000000000003,100,179,1.7908645711518039,1.7931456921686877,1.9638177335223417,5953.0,GC_GB,results/jerky_area_loss_factorial_long_20260822/20260823T012141Z-b907865386/GC_GB-T900-s5101
6.000000000000004,150,177,1.7961017201307627,1.7825353626292277,1.9663336517482555,5888.0,GC_GB,results/jerky_area_loss_factorial_long_20260822/20260823T012141Z-b907865386/GC_GB-T900-s5101
8.000000000000005,200,176,1.7914545617599615,1.7714637144141396,1.9794408287382774,5834.0,GC_GB,results/jerky_area_loss_factorial_long_20260822/20260823T012141Z-b907865386/GC_GB-T900-s5101
9.999999999999963,250,175,1.7957339615775754,1.7800630528336256,1.960643236799536,5787.0,GC_GB,results/jerky_area_loss_factorial_long_20260822/20260823T012141Z-b907865386/GC_GB-T900-s5101
11.99999999999992,300,174,1.7919475408448717,1.7902976860860207,1.9488040307315937,5734.0,GC_GB,results/jerky_area_loss_factorial_long_20260822/20260823T012141Z-b907865386/GC_GB-T900-s5101
13.999999999999877,350,170,1.7807107504452933,1.7647516349469976,1.9613325280547937,5697.0,GC_GB,results/jerky_area_loss_factorial_long_20260822/20260823T012141Z-b907865386/GC_GB-T900-s5101
15.999999999999835,400,169,1.7991372694536563,1.7846574285371197,1.9764793256050488,5675.0,GC_GB,results/jerky_area_loss_factorial_long_20260822/20260823T012141Z-b907865386/GC_GB-T900-s5101
17.999999999999794,450,166,1.7936647249827862,1.7739953412925895,1.973878507616364,5625.0,GC_GB,results/jerky_area_loss_factorial_long_20260822/20260823T012141Z-b907865386/GC_GB-T900-s5101
19.99999999999975,500,161,1.7797867228077016,1.765718991283669,1.9439998096271884,5560.0,GC_GB,results/jerky_area_loss_factorial_long_20260822/20260823T012141Z-b907865386/GC_GB-T900-s5101
21.99999999999971,550,159,1.7827602923542776,1.7714637144141396,1.950207011040213,5525.0,GC_GB,results/jerky_area_loss_factorial_long_20260822/20260823T012141Z-b907865386/GC_GB-T900-s5101
23.999999999999666,600,159,1.7749461086261753,1.7678441371130529,1.921517454832582,5463.0,GC_GB,results/jerky_area_loss_factorial_long_20260822/20260823T012141Z-b907865386/GC_GB-T900-s5101
25.999999999999623,650,155,1.7861542548929785,1.7799607973733294,1.9423792103039619,5426.0,GC_GB,results/jerky_area_loss_factorial_long_20260822/20260823T012141Z-b907865386/GC_GB-T900-s5101
27.99999999999958,700,153,1.800799187564237,1.7904931097838226,1.9808405952174268,5413.0,GC_GB,results/jerky_area_loss_factorial_long_20260822/20260823T012141Z-b907865386/GC_GB-T900-s5101
29.999999999999538,750,151,1.800111921495112,1.7931456921686877,1.987495874708547,5375.0,GC_GB,results/jerky_area_loss_factorial_long_20260822/20260823T012141Z-b907865386/GC_GB-T900-s5101
31.999999999999496,800,149,1.7958745658522872,1.7932951334298066,1.9932019121253457,5323.0,GC_GB,results/jerky_area_loss_factorial_long_20260822/20260823T012141Z-b907865386/GC_GB-T900-s5101
33.99999999999945,850,148,1.800761413869138,1.7784819984182518,1.9750061098054843,5293.0,GC_GB,results/jerky_area_loss_factorial_long_20260822/20260823T012141Z-b907865386/GC_GB-T900-s5101
35.99999999999941,900,144,1.810857245938681,1.8079923842345396,1.9993695956645443,5265.0,GC_GB,results/jerky_area_loss_factorial_long_20260822/20260823T012141Z-b907865386/GC_GB-T900-s5101
37.99999999999937,950,143,1.7960224388420336,1.781409507726327,1.953460946674042,5210.0,GC_GB,results/jerky_area_loss_factorial_long_20260822/20260823T012141Z-b907865386/GC_GB-T900-s5101
39.999999999999325,1000,142,1.8003946606893018,1.7907339748834126,1.9891220754843857,5171.0,GC_GB,results/jerky_area_loss_factorial_long_20260822/20260823T012141Z-b907865386/GC_GB-T900-s5101
41.99999999999928,1050,141,1.82127105564161,1.8178405299463682,1.9741053491765368,5162.0,GC_GB,results/jerky_area_loss_factorial_long_20260822/20260823T012141Z-b907865386/GC_GB-T900-s5101
43.99999999999924,1100,139,1.830330415963684,1.8286289010439727,2.0020781690694944,5134.0,GC_GB,results/jerky_area_loss_factorial_long_20260822/20260823T012141Z-b907865386/GC_GB-T900-s5101
45.9999999999992,1150,135,1.821129474503026,1.8317113809737893,2.009072788121068,5085.0,GC_GB,results/jerky_area_loss_factorial_long_20260822/20260823T012141Z-b907865386/GC_GB-T900-s5101
47.999999999999154,1200,133,1.8221047597027422,1.8126415193520298,2.022336030364842,5039.0,GC_GB,results/jerky_area_loss_factorial_long_20260822/20260823T012141Z-b907865386/GC_GB-T900-s5101
49.99999999999911,1250,128,1.8365602468193392,1.8296421748767835,2.024622306320271,4998.0,GC_GB,results/jerky_area_loss_factorial_long_20260822/20260823T012141Z-b907865386/GC_GB-T900-s5101
51.99999999999907,1300,127,1.8326929089718542,1.8209459410737523,2.047245347005778,4942.0,GC_GB,results/jerky_area_loss_factorial_long_20260822/20260823T012141Z-b907865386/GC_GB-T900-s5101
53.99999999999903,1350,124,1.8445093517481113,1.8222769815040678,2.0356443192501574,4910.0,GC_GB,results/jerky_area_loss_factorial_long_20260822/20260823T012141Z-b907865386/GC_GB-T900-s5101
55.999999999998984,1400,121,1.848480402797336,1.8148663144196233,2.0535213011325966,4879.0,GC_GB,results/jerky_area_loss_factorial_long_20260822/20260823T012141Z-b907865386/GC_GB-T900-s5101
57.99999999999894,1450,119,1.8499347288494306,1.8209947722184823,2.0244536781051217,4838.0,GC_GB,results/jerky_area_loss_factorial_long_20260822/20260823T012141Z-b907865386/GC_GB-T900-s5101
59.9999999999989,1500,118,1.8440464392064508,1.816414547772629,2.0558537020403946,4788.0,GC_GB,results/jerky_area_loss_factorial_long_20260822/20260823T012141Z-b907865386/GC_GB-T900-s5101
61.999999999998856,1550,115,1.8520077740075773,1.8230475299617102,2.0677899914016247,4757.0,GC_GB,results/jerky_area_loss_factorial_long_20260822/20260823T012141Z-b907865386/GC_GB-T900-s5101
63.99999999999881,1600,112,1.8407095988453166,1.834353511680905,2.060020476658991,4711.0,GC_GB,results/jerky_area_loss_factorial_long_20260822/20260823T012141Z-b907865386/GC_GB-T900-s5101
65.99999999999912,1650,112,1.8397084815393485,1.8310748990104053,1.9977251247058516,4670.0,GC_GB,results/jerky_area_loss_factorial_long_20260822/20260823T012141Z-b907865386/GC_GB-T900-s5101
67.99999999999943,1700,111,1.8426180961329075,1.8247063539198194,2.0513303776288736,4641.0,GC_GB,results/jerky_area_loss_factorial_long_20260822/20260823T012141Z-b907865386/GC_GB-T900-s5101
69.99999999999974,1750,110,1.8227000300184624,1.8076508986266258,2.0359047598180897,4595.0,GC_GB,results/jerky_area_loss_factorial_long_20260822/20260823T012141Z-b907865386/GC_GB-T900-s5101
72.00000000000006,1800,108,1.832508085599299,1.8295167635022629,2.0263354986008153,4576.0,GC_GB,results/jerky_area_loss_factorial_long_20260822/20260823T012141Z-b907865386/GC_GB-T900-s5101
74.00000000000037,1850,106,1.8424991741437327,1.8330694238726821,2.0177708990486574,4552.0,GC_GB,results/jerky_area_loss_factorial_long_20260822/20260823T012141Z-b907865386/GC_GB-T900-s5101
76.00000000000068,1900,105,1.8463027787974606,1.830677753375433,2.0630182838303686,4519.0,GC_GB,results/jerky_area_loss_factorial_long_20260822/20260823T012141Z-b907865386/GC_GB-T900-s5101
78.000000000001,1950,105,1.8337282759143703,1.8259986388730203,2.0488798967590456,4488.0,GC_GB,results/jerky_area_loss_factorial_long_20260822/20260823T012141Z-b907865386/GC_GB-T900-s5101
80.00000000000131,2000,105,1.835346983007034,1.8357516939335687,2.0194605233345255,4453.0,GC_GB,results/jerky_area_loss_factorial_long_20260822/20260823T012141Z-b907865386/GC_GB-T900-s5101
82.00000000000162,2050,104,1.8370846794572224,1.831411545060916,2.055941922856815,4441.0,GC_GB,results/jerky_area_loss_factorial_long_20260822/20260823T012141Z-b907865386/GC_GB-T900-s5101
84.00000000000193,2100,103,1.8395710561429282,1.82396617321188,2.0392784758903812,4425.0,GC_GB,results/jerky_area_loss_factorial_long_20260822/20260823T012141Z-b907865386/GC_GB-T900-s5101
86.00000000000225,2150,98,1.831156360960364,1.8335085485126323,1.977803903981814,4401.0,GC_GB,results/jerky_area_loss_factorial_long_20260822/20260823T012141Z-b907865386/GC_GB-T900-s5101
88.00000000000256,2200,98,1.84148708573334,1.8300911618240066,2.02199683139849,4370.0,GC_GB,results/jerky_area_loss_factorial_long_20260822/20260823T012141Z-b907865386/GC_GB-T900-s5101
90.00000000000287,2250,98,1.8318717794069308,1.822148882538837,1.983306658065487,4327.0,GC_GB,results/jerky_area_loss_factorial_long_20260822/20260823T012141Z-b907865386/GC_GB-T900-s5101
92.00000000000318,2300,97,1.8321506539798529,1.821614992220109,2.019389551230583,4306.0,GC_GB,results/jerky_area_loss_factorial_long_20260822/20260823T012141Z-b907865386/GC_GB-T900-s5101
94.0000000000035,2350,97,1.8317032275428664,1.8302818455567966,2.0156682259515364,4283.0,GC_GB,results/jerky_area_loss_factorial_long_20260822/20260823T012141Z-b907865386/GC_GB-T900-s5101
96.00000000000381,2400,97,1.8216090938600131,1.8167568207485918,1.988940416844108,4259.0,GC_GB,results/jerky_area_loss_factorial_long_20260822/20260823T012141Z-b907865386/GC_GB-T900-s5101
98.00000000000412,2450,97,1.8234171910123238,1.8251713657327449,1.95653065133862,4243.0,GC_GB,results/jerky_area_loss_factorial_long_20260822/20260823T012141Z-b907865386/GC_GB-T900-s5101
100.00000000000443,2500,96,1.8331368526401217,1.8356830314083312,1.99680052121517,4234.0,GC_GB,results/jerky_area_loss_factorial_long_20260822/20260823T012141Z-b907865386/GC_GB-T900-s5101
102.00000000000475,2550,96,1.8332421807388428,1.823026552968718,2.0125399255491283,4216.0,GC_GB,results/jerky_area_loss_factorial_long_20260822/20260823T012141Z-b907865386/GC_GB-T900-s5101
104.00000000000506,2600,96,1.827069878251703,1.8236484919651594,1.9926307395444613,4190.0,GC_GB,results/jerky_area_loss_factorial_long_20260822/20260823T012141Z-b907865386/GC_GB-T900-s5101
106.00000000000537,2650,94,1.8258807582376089,1.8185287495074065,2.0114975288233596,4169.0,GC_GB,results/jerky_area_loss_factorial_long_20260822/20260823T012141Z-b907865386/GC_GB-T900-s5101
108.00000000000568,2700,91,1.8399339306794296,1.8452747025147285,2.0159626124973413,4156.0,GC_GB,results/jerky_area_loss_factorial_long_20260822/20260823T012141Z-b907865386/GC_GB-T900-s5101
110.000000000006,2750,91,1.831436545528657,1.8182510074177916,1.9926566863413022,4132.0,GC_GB,results/jerky_area_loss_factorial_long_20260822/20260823T012141Z-b907865386/GC_GB-T900-s5101
112.00000000000631,2800,90,1.816409669840752,1.7981550604515144,2.0005858445737585,4097.0,GC_GB,results/jerky_area_loss_factorial_long_20260822/20260823T012141Z-b907865386/GC_GB-T900-s5101
114.00000000000662,2850,90,1.8268407884048838,1.8230475299617102,2.0021165886664467,4076.0,GC_GB,results/jerky_area_loss_factorial_long_20260822/20260823T012141Z-b907865386/GC_GB-T900-s5101
116.00000000000693,2900,87,1.8322769550573983,1.8253522676734193,1.9955786838884677,4057.0,GC_GB,results/jerky_area_loss_factorial_long_20260822/20260823T012141Z-b907865386/GC_GB-T900-s5101
118.00000000000725,2950,87,1.8297229975959823,1.8158437389050002,1.995702731290105,4035.0,GC_GB,results/jerky_area_loss_factorial_long_20260822/20260823T012141Z-b907865386/GC_GB-T900-s5101
120.00000000000756,3000,85,1.831899932872612,1.8120209099809894,2.020648445100608,4019.0,GC_GB,results/jerky_area_loss_factorial_long_20260822/20260823T012141Z-b907865386/GC_GB-T900-s5101
122.00000000000787,3050,85,1.8463126035691726,1.8275731367737238,2.014224817344244,4005.0,GC_GB,results/jerky_area_loss_factorial_long_20260822/20260823T012141Z-b907865386/GC_GB-T900-s5101
124.00000000000819,3100,85,1.84124810869773,1.8392906159204885,2.000092350736287,3979.0,GC_GB,results/jerky_area_loss_factorial_long_20260822/20260823T012141Z-b907865386/GC_GB-T900-s5101
126.0000000000085,3150,85,1.8318798319189067,1.82396617321188,2.0104315788225655,3954.0,GC_GB,results/jerky_area_loss_factorial_long_20260822/20260823T012141Z-b907865386/GC_GB-T900-s5101
128.0000000000088,3200,84,1.828296921016363,1.8329634973376598,2.0135777294406214,3931.0,GC_GB,results/jerky_area_loss_factorial_long_20260822/20260823T012141Z-b907865386/GC_GB-T900-s5101
130.0000000000084,3250,82,1.8420798556755174,1.839027121348386,2.0298658614587417,3929.0,GC_GB,results/jerky_area_loss_factorial_long_20260822/20260823T012141Z-b907865386/GC_GB-T900-s5101
132.00000000000801,3300,82,1.8547154951275626,1.852152118480231,2.0504840775346542,3922.0,GC_GB,results/jerky_area_loss_factorial_long_20260822/20260823T012141Z-b907865386/GC_GB-T900-s5101
134.00000000000762,3350,81,1.8638112036158567,1.8352024141598509,2.0511211009121184,3904.0,GC_GB,results/jerky_area_loss_factorial_long_20260822/20260823T012141Z-b907865386/GC_GB-T900-s5101
136.00000000000722,3400,80,1.8594019657010368,1.8405801065803895,2.0463278398778617,3878.0,GC_GB,results/jerky_area_loss_factorial_long_20260822/20260823T012141Z-b907865386/GC_GB-T900-s5101
138.00000000000682,3450,78,1.8679292990284462,1.8502217315925549,2.0451533813235305,3868.0,GC_GB,results/jerky_area_loss_factorial_long_20260822/20260823T012141Z-b907865386/GC_GB-T900-s5101
140.00000000000642,3500,78,1.8659901806710582,1.8437684692485194,2.0433430831485784,3837.0,GC_GB,results/jerky_area_loss_factorial_long_20260822/20260823T012141Z-b907865386/GC_GB-T900-s5101
142.00000000000603,3550,77,1.8535234281852897,1.8460435669741098,2.0141091200591363,3811.0,GC_GB,results/jerky_area_loss_factorial_long_20260822/20260823T012141Z-b907865386/GC_GB-T900-s5101
144.00000000000563,3600,74,1.8647155665559008,1.858983619514592,2.0284686642741483,3791.0,GC_GB,results/jerky_area_loss_factorial_long_20260822/20260823T012141Z-b907865386/GC_GB-T900-s5101
146.00000000000523,3650,73,1.8665981344990148,1.862248864041066,2.0387977647912674,3773.0,GC_GB,results/jerky_area_loss_factorial_long_20260822/20260823T012141Z-b907865386/GC_GB-T900-s5101
148.00000000000483,3700,73,1.8673025293876848,1.8519847923420552,2.0797535907011437,3748.0,GC_GB,results/jerky_area_loss_factorial_long_20260822/20260823T012141Z-b907865386/GC_GB-T900-s5101
150.00000000000443,3750,73,1.8567467065931365,1.8573579977010606,1.9935778539503022,3726.0,GC_GB,results/jerky_area_loss_factorial_long_20260822/20260823T012141Z-b907865386/GC_GB-T900-s5101
152.00000000000404,3800,72,1.8515741884233232,1.839109382091283,2.0285134497155246,3708.0,GC_GB,results/jerky_area_loss_factorial_long_20260822/20260823T012141Z-b907865386/GC_GB-T900-s5101
154.00000000000364,3850,70,1.8561957510917617,1.8443184298630193,2.015247799186619,3690.0,GC_GB,results/jerky_area_loss_factorial_long_20260822/20260823T012141Z-b907865386/GC_GB-T900-s5101
156.00000000000324,3900,70,1.8477003441267283,1.8333863690271142,2.008569468742889,3669.0,GC_GB,results/jerky_area_loss_factorial_long_20260822/20260823T012141Z-b907865386/GC_GB-T900-s5101
158.00000000000284,3950,70,1.8481342556074658,1.83629086176607,1.985746647490278,3649.0,GC_GB,results/jerky_area_loss_factorial_long_20260822/20260823T012141Z-b907865386/GC_GB-T900-s5101
160.00000000000244,4000,70,1.8635373121710566,1.856311274122218,2.050965207287317,3636.0,GC_GB,results/jerky_area_loss_factorial_long_20260822/20260823T012141Z-b907865386/GC_GB-T900-s5101
162.00000000000205,4050,69,1.8646484951980837,1.8549245631836322,2.019049657617142,3619.0,GC_GB,results/jerky_area_loss_factorial_long_20260822/20260823T012141Z-b907865386/GC_GB-T900-s5101
162.88000000000187,4072,69,1.8723652537390276,1.8621128341751756,2.0232600765546964,3607.0,GC_GB,results/jerky_area_loss_factorial_long_20260822/20260823T012141Z-b907865386/GC_GB-T900-s5101
0.0,0,190,1.7920895484123613,1.7854416702856883,1.956505991785691,6086.0,GC_GBTJ,results/jerky_area_loss_factorial_long_20260822/20260823T012141Z-b907865386/GC_GBTJ-T900-s5101
2.000000000000001,50,186,1.8001920780113405,1.7825723754066911,1.9636797971484792,6019.0,GC_GBTJ,results/jerky_area_loss_factorial_long_20260822/20260823T012141Z-b907865386/GC_GBTJ-T900-s5101
4.000000000000003,100,179,1.793608945167721,1.7949572118461563,1.9621063900482352,5949.0,GC_GBTJ,results/jerky_area_loss_factorial_long_20260822/20260823T012141Z-b907865386/GC_GBTJ-T900-s5101
6.000000000000004,150,177,1.794460538773414,1.7862438273226313,1.9590635354613204,5883.0,GC_GBTJ,results/jerky_area_loss_factorial_long_20260822/20260823T012141Z-b907865386/GC_GBTJ-T900-s5101
8.000000000000005,200,176,1.7879033462481326,1.7781448814404859,1.9420871769927657,5823.0,GC_GBTJ,results/jerky_area_loss_factorial_long_20260822/20260823T012141Z-b907865386/GC_GBTJ-T900-s5101
9.999999999999963,250,175,1.7950257608234697,1.782535362629228,1.9715567462512953,5775.0,GC_GBTJ,results/jerky_area_loss_factorial_long_20260822/20260823T012141Z-b907865386/GC_GBTJ-T900-s5101
11.99999999999992,300,174,1.7805343497617907,1.7776146300891886,1.9499505682737517,5717.0,GC_GBTJ,results/jerky_area_loss_factorial_long_20260822/20260823T012141Z-b907865386/GC_GBTJ-T900-s5101
13.999999999999877,350,170,1.7839237325580972,1.7644784310278627,1.9596852477142115,5691.0,GC_GBTJ,results/jerky_area_loss_factorial_long_20260822/20260823T012141Z-b907865386/GC_GBTJ-T900-s5101
15.999999999999835,400,165,1.7940214395905278,1.7818616909124367,1.9562382545989805,5658.0,GC_GBTJ,results/jerky_area_loss_factorial_long_20260822/20260823T012141Z-b907865386/GC_GBTJ-T900-s5101
17.999999999999794,450,161,1.7870651961226176,1.781143844001102,1.9337325585665286,5580.0,GC_GBTJ,results/jerky_area_loss_factorial_long_20260822/20260823T012141Z-b907865386/GC_GBTJ-T900-s5101
19.99999999999975,500,161,1.779444610849121,1.776894427937363,1.9453208959348907,5529.0,GC_GBTJ,results/jerky_area_loss_factorial_long_20260822/20260823T012141Z-b907865386/GC_GBTJ-T900-s5101
21.99999999999971,550,159,1.7838420234106327,1.782535362629228,1.9367978997664297,5481.0,GC_GBTJ,results/jerky_area_loss_factorial_long_20260822/20260823T012141Z-b907865386/GC_GBTJ-T900-s5101
23.999999999999666,600,156,1.7848314923963067,1.7766421178025893,1.9509878687160667,5446.0,GC_GBTJ,results/jerky_area_loss_factorial_long_20260822/20260823T012141Z-b907865386/GC_GBTJ-T900-s5101
25.999999999999623,650,153,1.7890942503169076,1.7805005049093312,1.9563103528190997,5402.0,GC_GBTJ,results/jerky_area_loss_factorial_long_20260822/20260823T012141Z-b907865386/GC_GBTJ-T900-s5101
27.99999999999958,700,152,1.8065224246537015,1.7941261726379816,1.9874094518243846,5384.0,GC_GBTJ,results/jerky_area_loss_factorial_long_20260822/20260823T012141Z-b907865386/GC_GBTJ-T900-s5101
29.999999999999538,750,149,1.801402776010087,1.79664122347469,1.9816141134031857,5341.0,GC_GBTJ,results/jerky_area_loss_factorial_long_20260822/20260823T012141Z-b907865386/GC_GBTJ-T900-s5101
31.999999999999496,800,147,1.8046069404207603,1.7954667017554444,1.978669106251936,5295.0,GC_GBTJ,results/jerky_area_loss_factorial_long_20260822/20260823T012141Z-b907865386/GC_GBTJ-T900-s5101
33.99999999999945,850,145,1.8151369285004029,1.797514651390818,1.9809253427845168,5257.0,GC_GBTJ,results/jerky_area_loss_factorial_long_20260822/20260823T012141Z-b907865386/GC_GBTJ-T900-s5101
35.99999999999941,900,142,1.8172154497493314,1.799264777778516,2.013298942520001,5229.0,GC_GBTJ,results/jerky_area_loss_factorial_long_20260822/20260823T012141Z-b907865386/GC_GBTJ-T900-s5101
37.99999999999937,950,142,1.8132850735058377,1.7970082541024222,1.9795112991237154,5191.0,GC_GBTJ,results/jerky_area_loss_factorial_long_20260822/20260823T012141Z-b907865386/GC_GBTJ-T900-s5101
39.999999999999325,1000,139,1.8162551219495118,1.8054618624701182,1.983440529617771,5150.0,GC_GBTJ,results/jerky_area_loss_factorial_long_20260822/20260823T012141Z-b907865386/GC_GBTJ-T900-s5101
41.99999999999928,1050,137,1.8064173400382875,1.798328743171339,1.9904346328932956,5104.0,GC_GBTJ,results/jerky_area_loss_factorial_long_20260822/20260823T012141Z-b907865386/GC_GBTJ-T900-s5101
43.99999999999924,1100,131,1.8355679064151644,1.82396617321188,1.9894367886486917,5071.0,GC_GBTJ,results/jerky_area_loss_factorial_long_20260822/20260823T012141Z-b907865386/GC_GBTJ-T900-s5101
45.9999999999992,1150,129,1.8340313611526373,1.8209459410737523,2.018389812065191,5023.0,GC_GBTJ,results/jerky_area_loss_factorial_long_20260822/20260823T012141Z-b907865386/GC_GBTJ-T900-s5101
47.999999999999154,1200,125,1.857521731094564,1.8371683575175033,2.0422830294323426,4984.0,GC_GBTJ,results/jerky_area_loss_factorial_long_20260822/20260823T012141Z-b907865386/GC_GBTJ-T900-s5101
49.99999999999911,1250,125,1.849477872074404,1.8386130609894047,2.03547085288439,4924.0,GC_GBTJ,results/jerky_area_loss_factorial_long_20260822/20260823T012141Z-b907865386/GC_GBTJ-T900-s5101
51.99999999999907,1300,120,1.8456673305570155,1.8315699018160592,2.030949060032884,4866.0,GC_GBTJ,results/jerky_area_loss_factorial_long_20260822/20260823T012141Z-b907865386/GC_GBTJ-T900-s5101
53.99999999999903,1350,118,1.8481739486602413,1.8471939563313144,2.0775583676658886,4829.0,GC_GBTJ,results/jerky_area_loss_factorial_long_20260822/20260823T012141Z-b907865386/GC_GBTJ-T900-s5101
55.999999999998984,1400,117,1.8492431762727026,1.8286289010439727,2.0730935713573833,4788.0,GC_GBTJ,results/jerky_area_loss_factorial_long_20260822/20260823T012141Z-b907865386/GC_GBTJ-T900-s5101
57.99999999999894,1450,114,1.834781392628804,1.81990812643219,2.0025323725562783,4739.0,GC_GBTJ,results/jerky_area_loss_factorial_long_20260822/20260823T012141Z-b907865386/GC_GBTJ-T900-s5101
59.9999999999989,1500,112,1.848229568489554,1.8391054859558889,2.010577819114222,4713.0,GC_GBTJ,results/jerky_area_loss_factorial_long_20260822/20260823T012141Z-b907865386/GC_GBTJ-T900-s5101
61.999999999998856,1550,108,1.8362308858981833,1.8369511955530282,2.0165474658742104,4663.0,GC_GBTJ,results/jerky_area_loss_factorial_long_20260822/20260823T012141Z-b907865386/GC_GBTJ-T900-s5101
63.99999999999881,1600,108,1.8440556722481507,1.8293805296569339,2.0248898044420383,4626.0,GC_GBTJ,results/jerky_area_loss_factorial_long_20260822/20260823T012141Z-b907865386/GC_GBTJ-T900-s5101
65.99999999999912,1650,107,1.8566042323688277,1.858656654445834,2.0635921878775036,4605.0,GC_GBTJ,results/jerky_area_loss_factorial_long_20260822/20260823T012141Z-b907865386/GC_GBTJ-T900-s5101
67.99999999999943,1700,107,1.8636990591334055,1.8503948328706075,2.058606827406569,4583.0,GC_GBTJ,results/jerky_area_loss_factorial_long_20260822/20260823T012141Z-b907865386/GC_GBTJ-T900-s5101
69.99999999999974,1750,106,1.8581559730601482,1.8374705453518803,2.0701944169528144,4545.0,GC_GBTJ,results/jerky_area_loss_factorial_long_20260822/20260823T012141Z-b907865386/GC_GBTJ-T900-s5101
72.00000000000006,1800,105,1.8400802519808936,1.8201102890434047,2.044036678685121,4511.0,GC_GBTJ,results/jerky_area_loss_factorial_long_20260822/20260823T012141Z-b907865386/GC_GBTJ-T900-s5101
74.00000000000037,1850,104,1.8414444883634349,1.817901465741722,2.063898565595257,4490.0,GC_GBTJ,results/jerky_area_loss_factorial_long_20260822/20260823T012141Z-b907865386/GC_GBTJ-T900-s5101
76.00000000000068,1900,102,1.8388462186462184,1.818033395658757,1.9893641291775015,4459.0,GC_GBTJ,results/jerky_area_loss_factorial_long_20260822/20260823T012141Z-b907865386/GC_GBTJ-T900-s5101
78.000000000001,1950,100,1.82981084044167,1.8156577400402387,1.9873589122345916,4433.0,GC_GBTJ,results/jerky_area_loss_factorial_long_20260822/20260823T012141Z-b907865386/GC_GBTJ-T900-s5101
80.00000000000131,2000,99,1.8305179955263078,1.8312977281722767,1.9915043743296164,4395.0,GC_GBTJ,results/jerky_area_loss_factorial_long_20260822/20260823T012141Z-b907865386/GC_GBTJ-T900-s5101
82.00000000000162,2050,99,1.8387180120618754,1.8498108744670707,2.010081635858774,4367.0,GC_GBTJ,results/jerky_area_loss_factorial_long_20260822/20260823T012141Z-b907865386/GC_GBTJ-T900-s5101
84.00000000000193,2100,98,1.8194999798311,1.8079542484983284,1.9965422341387835,4331.0,GC_GBTJ,results/jerky_area_loss_factorial_long_20260822/20260823T012141Z-b907865386/GC_GBTJ-T900-s5101
86.00000000000225,2150,98,1.8307958779830147,1.8137455684041386,2.0018082454568993,4321.0,GC_GBTJ,results/jerky_area_loss_factorial_long_20260822/20260823T012141Z-b907865386/GC_GBTJ-T900-s5101
88.00000000000256,2200,98,1.8380997917655633,1.8202957327682023,2.0159626124973413,4309.0,GC_GBTJ,results/jerky_area_loss_factorial_long_20260822/20260823T012141Z-b907865386/GC_GBTJ-T900-s5101
90.00000000000287,2250,96,1.8338756097466622,1.822652857464333,2.0231795319367536,4289.0,GC_GBTJ,results/jerky_area_loss_factorial_long_20260822/20260823T012141Z-b907865386/GC_GBTJ-T900-s5101
92.00000000000318,2300,96,1.825874058209351,1.8181985906876799,2.009999852572814,4268.0,GC_GBTJ,results/jerky_area_loss_factorial_long_20260822/20260823T012141Z-b907865386/GC_GBTJ-T900-s5101
94.0000000000035,2350,95,1.837697344582378,1.8392343111057154,2.0125399255491283,4246.0,GC_GBTJ,results/jerky_area_loss_factorial_long_20260822/20260823T012141Z-b907865386/GC_GBTJ-T900-s5101
96.00000000000381,2400,94,1.8295025528383564,1.8364830486394101,1.9865883423456663,4214.0,GC_GBTJ,results/jerky_area_loss_factorial_long_20260822/20260823T012141Z-b907865386/GC_GBTJ-T900-s5101
98.00000000000412,2450,92,1.8396643890146367,1.8406366629322397,1.9850068247154469,4205.0,GC_GBTJ,results/jerky_area_loss_factorial_long_20260822/20260823T012141Z-b907865386/GC_GBTJ-T900-s5101
100.00000000000443,2500,90,1.8545305824749792,1.866331902220394,1.9922475779662354,4186.0,GC_GBTJ,results/jerky_area_loss_factorial_long_20260822/20260823T012141Z-b907865386/GC_GBTJ-T900-s5101
102.00000000000475,2550,89,1.8469061948329268,1.8272544417479832,2.005215984258264,4159.0,GC_GBTJ,results/jerky_area_loss_factorial_long_20260822/20260823T012141Z-b907865386/GC_GBTJ-T900-s5101
104.00000000000506,2600,88,1.8415963326133542,1.8235675797607118,2.0173115538239896,4129.0,GC_GBTJ,results/jerky_area_loss_factorial_long_20260822/20260823T012141Z-b907865386/GC_GBTJ-T900-s5101
106.00000000000537,2650,87,1.842304574319396,1.8391237868396795,2.023321506885489,4105.0,GC_GBTJ,results/jerky_area_loss_factorial_long_20260822/20260823T012141Z-b907865386/GC_GBTJ-T900-s5101
108.00000000000568,2700,86,1.8501271605464618,1.8457134561713735,2.0237537771784675,4086.0,GC_GBTJ,results/jerky_area_loss_factorial_long_20260822/20260823T012141Z-b907865386/GC_GBTJ-T900-s5101
110.000000000006,2750,85,1.844993151154964,1.8595489399551541,2.0128321391383825,4062.0,GC_GBTJ,results/jerky_area_loss_factorial_long_20260822/20260823T012141Z-b907865386/GC_GBTJ-T900-s5101
112.00000000000631,2800,84,1.854277777319388,1.8479381558711452,2.019158431713985,4050.0,GC_GBTJ,results/jerky_area_loss_factorial_long_20260822/20260823T012141Z-b907865386/GC_GBTJ-T900-s5101
114.00000000000662,2850,84,1.8573323525020613,1.8459634629701542,2.0290799867431066,4038.0,GC_GBTJ,results/jerky_area_loss_factorial_long_20260822/20260823T012141Z-b907865386/GC_GBTJ-T900-s5101
116.00000000000693,2900,84,1.8582754625023366,1.8317113809737893,2.0099360010268574,4020.0,GC_GBTJ,results/jerky_area_loss_factorial_long_20260822/20260823T012141Z-b907865386/GC_GBTJ-T900-s5101
118.00000000000725,2950,84,1.8615651235419164,1.8323204594346025,2.0510995195194295,4002.0,GC_GBTJ,results/jerky_area_loss_factorial_long_20260822/20260823T012141Z-b907865386/GC_GBTJ-T900-s5101
120.00000000000756,3000,82,1.8633131774832548,1.844058574892233,2.0200502326634093,3989.0,GC_GBTJ,results/jerky_area_loss_factorial_long_20260822/20260823T012141Z-b907865386/GC_GBTJ-T900-s5101
122.00000000000787,3050,82,1.8521746938718444,1.8385483413494295,2.030129721094869,3972.0,GC_GBTJ,results/jerky_area_loss_factorial_long_20260822/20260823T012141Z-b907865386/GC_GBTJ-T900-s5101
124.00000000000819,3100,81,1.8599749296188401,1.8399747405872051,2.0371832715762603,3954.0,GC_GBTJ,results/jerky_area_loss_factorial_long_20260822/20260823T012141Z-b907865386/GC_GBTJ-T900-s5101
126.0000000000085,3150,80,1.8533726877802639,1.8422816327496798,2.032384254181688,3930.0,GC_GBTJ,results/jerky_area_loss_factorial_long_20260822/20260823T012141Z-b907865386/GC_GBTJ-T900-s5101
128.0000000000088,3200,78,1.8507532161546765,1.8341335358740454,2.0078789376245054,3900.0,GC_GBTJ,results/jerky_area_loss_factorial_long_20260822/20260823T012141Z-b907865386/GC_GBTJ-T900-s5101
130.0000000000084,3250,78,1.8496711534332162,1.8223500924217961,2.0110433097196676,3879.0,GC_GBTJ,results/jerky_area_loss_factorial_long_20260822/20260823T012141Z-b907865386/GC_GBTJ-T900-s5101
132.00000000000801,3300,77,1.8539071269846827,1.8470349974612066,1.9802047074377704,3854.0,GC_GBTJ,results/jerky_area_loss_factorial_long_20260822/20260823T012141Z-b907865386/GC_GBTJ-T900-s5101
134.00000000000762,3350,76,1.8426978703632708,1.8255772817130695,1.9954682883266956,3833.0,GC_GBTJ,results/jerky_area_loss_factorial_long_20260822/20260823T012141Z-b907865386/GC_GBTJ-T900-s5101
136.00000000000722,3400,76,1.8511864587067601,1.857615441918526,1.9886666840853437,3823.0,GC_GBTJ,results/jerky_area_loss_factorial_long_20260822/20260823T012141Z-b907865386/GC_GBTJ-T900-s5101
138.00000000000682,3450,76,1.8517381875909307,1.841302978687576,2.051463853178431,3801.0,GC_GBTJ,results/jerky_area_loss_factorial_long_20260822/20260823T012141Z-b907865386/GC_GBTJ-T900-s5101
140.00000000000642,3500,76,1.8508836374847135,1.8414305528411858,2.016401378990743,3786.0,GC_GBTJ,results/jerky_area_loss_factorial_long_20260822/20260823T012141Z-b907865386/GC_GBTJ-T900-s5101
142.00000000000603,3550,76,1.8649284641890942,1.8325659870345277,2.0460987401278916,3778.0,GC_GBTJ,results/jerky_area_loss_factorial_long_20260822/20260823T012141Z-b907865386/GC_GBTJ-T900-s5101
144.00000000000563,3600,74,1.857436457398129,1.8079930443661678,2.0344229699814504,3756.0,GC_GBTJ,results/jerky_area_loss_factorial_long_20260822/20260823T012141Z-b907865386/GC_GBTJ-T900-s5101
146.00000000000523,3650,73,1.8512107933168955,1.8364031895218693,2.014073499117705,3742.0,GC_GBTJ,results/jerky_area_loss_factorial_long_20260822/20260823T012141Z-b907865386/GC_GBTJ-T900-s5101
148.00000000000483,3700,72,1.8456084558821264,1.8142275289797773,2.0182775569740374,3708.0,GC_GBTJ,results/jerky_area_loss_factorial_long_20260822/20260823T012141Z-b907865386/GC_GBTJ-T900-s5101
150.00000000000443,3750,70,1.8577323677646527,1.8288291077845455,2.040090378725258,3693.0,GC_GBTJ,results/jerky_area_loss_factorial_long_20260822/20260823T012141Z-b907865386/GC_GBTJ-T900-s5101
152.00000000000404,3800,69,1.853754813179532,1.8689029660587801,2.0262223983850207,3658.0,GC_GBTJ,results/jerky_area_loss_factorial_long_20260822/20260823T012141Z-b907865386/GC_GBTJ-T900-s5101
154.00000000000364,3850,68,1.8567884655391644,1.8488103996386664,2.0334778409236303,3628.0,GC_GBTJ,results/jerky_area_loss_factorial_long_20260822/20260823T012141Z-b907865386/GC_GBTJ-T900-s5101
155.88000000000326,3897,65,1.847704114128059,1.8391237868396795,2.039049533784403,3594.0,GC_GBTJ,results/jerky_area_loss_factorial_long_20260822/20260823T012141Z-b907865386/GC_GBTJ-T900-s5101
0.0,0,190,1.7920895484123613,1.7854416702856883,1.956505991785691,6086.0,GSC_GB,results/jerky_area_loss_factorial_long_20260822/20260823T012141Z-b907865386/GSC_GB-T900-s5101
2.000000000000001,50,186,1.8007863646315454,1.7815483552302083,1.958409297465745,6022.0,GSC_GB,results/jerky_area_loss_factorial_long_20260822/20260823T012141Z-b907865386/GSC_GB-T900-s5101
4.000000000000003,100,181,1.7918376261287183,1.7862438273226313,1.9496480528757179,5958.0,GSC_GB,results/jerky_area_loss_factorial_long_20260822/20260823T012141Z-b907865386/GSC_GB-T900-s5101
6.000000000000004,150,178,1.7859212379558362,1.7796664159705518,1.939131010064708,5899.0,GSC_GB,results/jerky_area_loss_factorial_long_20260822/20260823T012141Z-b907865386/GSC_GB-T900-s5101
8.000000000000005,200,177,1.791855413074206,1.7762828470077605,1.9525545994198703,5857.0,GSC_GB,results/jerky_area_loss_factorial_long_20260822/20260823T012141Z-b907865386/GSC_GB-T900-s5101
9.999999999999963,250,176,1.7880961974778804,1.7726229129827158,1.9611333924194998,5811.0,GSC_GB,results/jerky_area_loss_factorial_long_20260822/20260823T012141Z-b907865386/GSC_GB-T900-s5101
11.99999999999992,300,176,1.7770933743226527,1.7528668053028582,1.9484292863945103,5761.0,GSC_GB,results/jerky_area_loss_factorial_long_20260822/20260823T012141Z-b907865386/GSC_GB-T900-s5101
13.999999999999877,350,175,1.7702581841023324,1.7606039637725455,1.92679923139962,5738.0,GSC_GB,results/jerky_area_loss_factorial_long_20260822/20260823T012141Z-b907865386/GSC_GB-T900-s5101
15.999999999999835,400,174,1.7795388868152449,1.768728331241341,1.9334185120990548,5722.0,GSC_GB,results/jerky_area_loss_factorial_long_20260822/20260823T012141Z-b907865386/GSC_GB-T900-s5101
17.999999999999794,450,172,1.7801186787599566,1.7629470619409946,1.9393835046523389,5699.0,GSC_GB,results/jerky_area_loss_factorial_long_20260822/20260823T012141Z-b907865386/GSC_GB-T900-s5101
19.99999999999975,500,170,1.781637277491189,1.7699428836153634,1.9169086785624379,5676.0,GSC_GB,results/jerky_area_loss_factorial_long_20260822/20260823T012141Z-b907865386/GSC_GB-T900-s5101
21.99999999999971,550,168,1.7739432032899123,1.767053623930142,1.9248000699347403,5643.0,GSC_GB,results/jerky_area_loss_factorial_long_20260822/20260823T012141Z-b907865386/GSC_GB-T900-s5101
23.999999999999666,600,164,1.7697032956322334,1.7485935966800628,1.9294190000838733,5605.0,GSC_GB,results/jerky_area_loss_factorial_long_20260822/20260823T012141Z-b907865386/GSC_GB-T900-s5101
25.999999999999623,650,163,1.768944757303059,1.7554451595497562,1.9150502558367621,5580.0,GSC_GB,results/jerky_area_loss_factorial_long_20260822/20260823T012141Z-b907865386/GSC_GB-T900-s5101
27.99999999999958,700,162,1.7737848011779684,1.7713580689159039,1.9353768618411882,5566.0,GSC_GB,results/jerky_area_loss_factorial_long_20260822/20260823T012141Z-b907865386/GSC_GB-T900-s5101
29.999999999999538,750,161,1.771306171625312,1.7771602088783671,1.9106550918182035,5542.0,GSC_GB,results/jerky_area_loss_factorial_long_20260822/20260823T012141Z-b907865386/GSC_GB-T900-s5101
31.999999999999496,800,160,1.7698204068262136,1.7688185551319828,1.9128551748550622,5496.0,GSC_GB,results/jerky_area_loss_factorial_long_20260822/20260823T012141Z-b907865386/GSC_GB-T900-s5101
33.99999999999945,850,160,1.7714999130804387,1.7657958549439372,1.9357678401289695,5474.0,GSC_GB,results/jerky_area_loss_factorial_long_20260822/20260823T012141Z-b907865386/GSC_GB-T900-s5101
35.99999999999941,900,159,1.7785990181084048,1.7580218426587522,1.9397661300113678,5466.0,GSC_GB,results/jerky_area_loss_factorial_long_20260822/20260823T012141Z-b907865386/GSC_GB-T900-s5101
37.99999999999937,950,158,1.7719995369929935,1.76241764840888,1.9118697585030378,5453.0,GSC_GB,results/jerky_area_loss_factorial_long_20260822/20260823T012141Z-b907865386/GSC_GB-T900-s5101
39.999999999999325,1000,157,1.7760686390149507,1.768388256576615,1.9169526253835323,5445.0,GSC_GB,results/jerky_area_loss_factorial_long_20260822/20260823T012141Z-b907865386/GSC_GB-T900-s5101
41.99999999999928,1050,156,1.784987567263451,1.775417874490957,1.942133736124108,5438.0,GSC_GB,results/jerky_area_loss_factorial_long_20260822/20260823T012141Z-b907865386/GSC_GB-T900-s5101
43.99999999999924,1100,155,1.784366528226511,1.7858424783298386,1.925388306855298,5420.0,GSC_GB,results/jerky_area_loss_factorial_long_20260822/20260823T012141Z-b907865386/GSC_GB-T900-s5101
45.9999999999992,1150,154,1.7795621505383628,1.7721098384628362,1.9329193990616547,5403.0,GSC_GB,results/jerky_area_loss_factorial_long_20260822/20260823T012141Z-b907865386/GSC_GB-T900-s5101
47.999999999999154,1200,153,1.7757503798063323,1.771149971234241,1.9594000109054992,5383.0,GSC_GB,results/jerky_area_loss_factorial_long_20260822/20260823T012141Z-b907865386/GSC_GB-T900-s5101
49.99999999999911,1250,153,1.7804071438195532,1.776894427937363,1.9610663602941512,5371.0,GSC_GB,results/jerky_area_loss_factorial_long_20260822/20260823T012141Z-b907865386/GSC_GB-T900-s5101
51.99999999999907,1300,151,1.788915221721775,1.7784639571082723,1.9649996123471802,5367.0,GSC_GB,results/jerky_area_loss_factorial_long_20260822/20260823T012141Z-b907865386/GSC_GB-T900-s5101
53.99999999999903,1350,151,1.7965736868246691,1.78866793841809,1.9738023626716732,5357.0,GSC_GB,results/jerky_area_loss_factorial_long_20260822/20260823T012141Z-b907865386/GSC_GB-T900-s5101
55.999999999998984,1400,149,1.7905634966653416,1.7922853951790017,1.9670744428525064,5336.0,GSC_GB,results/jerky_area_loss_factorial_long_20260822/20260823T012141Z-b907865386/GSC_GB-T900-s5101
57.99999999999894,1450,148,1.7905451524562828,1.7843895949759296,1.9694017535145227,5319.0,GSC_GB,results/jerky_area_loss_factorial_long_20260822/20260823T012141Z-b907865386/GSC_GB-T900-s5101
59.9999999999989,1500,148,1.7879867827370313,1.7833918017848793,1.9482385360100638,5300.0,GSC_GB,results/jerky_area_loss_factorial_long_20260822/20260823T012141Z-b907865386/GSC_GB-T900-s5101
61.999999999998856,1550,148,1.79215338633386,1.7779822968700827,1.9529287350671205,5294.0,GSC_GB,results/jerky_area_loss_factorial_long_20260822/20260823T012141Z-b907865386/GSC_GB-T900-s5101
63.99999999999881,1600,148,1.7908321258778461,1.793132721105681,1.9331332802779588,5273.0,GSC_GB,results/jerky_area_loss_factorial_long_20260822/20260823T012141Z-b907865386/GSC_GB-T900-s5101
65.99999999999912,1650,147,1.8010958889404676,1.7931456921686877,1.9687083262370122,5275.0,GSC_GB,results/jerky_area_loss_factorial_long_20260822/20260823T012141Z-b907865386/GSC_GB-T900-s5101
67.99999999999943,1700,147,1.8026736579209561,1.8053833728645061,1.966293995375376,5272.0,GSC_GB,results/jerky_area_loss_factorial_long_20260822/20260823T012141Z-b907865386/GSC_GB-T900-s5101
69.99999999999974,1750,146,1.8030123040266992,1.7927155436738447,1.9724350605249859,5263.0,GSC_GB,results/jerky_area_loss_factorial_long_20260822/20260823T012141Z-b907865386/GSC_GB-T900-s5101
72.00000000000006,1800,144,1.8003003023630118,1.793220412799247,1.9504946217219512,5243.0,GSC_GB,results/jerky_area_loss_factorial_long_20260822/20260823T012141Z-b907865386/GSC_GB-T900-s5101
74.00000000000037,1850,143,1.8061177208414478,1.8052296785886277,1.96829246933707,5229.0,GSC_GB,results/jerky_area_loss_factorial_long_20260822/20260823T012141Z-b907865386/GSC_GB-T900-s5101
76.00000000000068,1900,141,1.8048385511206828,1.8052296785886277,1.9496480528757179,5206.0,GSC_GB,results/jerky_area_loss_factorial_long_20260822/20260823T012141Z-b907865386/GSC_GB-T900-s5101
78.000000000001,1950,141,1.8043650935803037,1.8085788987715379,1.9531848293888712,5190.0,GSC_GB,results/jerky_area_loss_factorial_long_20260822/20260823T012141Z-b907865386/GSC_GB-T900-s5101
80.00000000000131,2000,141,1.8022795923196253,1.7931456921686877,1.9594452792720782,5178.0,GSC_GB,results/jerky_area_loss_factorial_long_20260822/20260823T012141Z-b907865386/GSC_GB-T900-s5101
82.00000000000162,2050,139,1.8086031878764497,1.8063694033681126,1.9533695982067107,5157.0,GSC_GB,results/jerky_area_loss_factorial_long_20260822/20260823T012141Z-b907865386/GSC_GB-T900-s5101
84.00000000000193,2100,138,1.8113748299250096,1.8026842712496158,1.9778285092807024,5154.0,GSC_GB,results/jerky_area_loss_factorial_long_20260822/20260823T012141Z-b907865386/GSC_GB-T900-s5101
86.00000000000225,2150,138,1.8108692818260224,1.7964104089500599,1.9802707057329207,5144.0,GSC_GB,results/jerky_area_loss_factorial_long_20260822/20260823T012141Z-b907865386/GSC_GB-T900-s5101
88.00000000000256,2200,137,1.8132808841719785,1.7982636158288976,1.9843445256592378,5142.0,GSC_GB,results/jerky_area_loss_factorial_long_20260822/20260823T012141Z-b907865386/GSC_GB-T900-s5101
90.00000000000287,2250,136,1.8170356426897858,1.8071630675692825,1.9855516932365158,5129.0,GSC_GB,results/jerky_area_loss_factorial_long_20260822/20260823T012141Z-b907865386/GSC_GB-T900-s5101
92.00000000000318,2300,135,1.8164420229104972,1.805747236367027,1.9743821705200366,5107.0,GSC_GB,results/jerky_area_loss_factorial_long_20260822/20260823T012141Z-b907865386/GSC_GB-T900-s5101
94.0000000000035,2350,135,1.8176892652404895,1.805747236367027,1.9780063178789602,5090.0,GSC_GB,results/jerky_area_loss_factorial_long_20260822/20260823T012141Z-b907865386/GSC_GB-T900-s5101
96.00000000000381,2400,132,1.815924439092155,1.8002500585900298,1.9861760443382084,5078.0,GSC_GB,results/jerky_area_loss_factorial_long_20260822/20260823T012141Z-b907865386/GSC_GB-T900-s5101
98.00000000000412,2450,132,1.8077892445241455,1.7932951334298066,1.984357448004989,5061.0,GSC_GB,results/jerky_area_loss_factorial_long_20260822/20260823T012141Z-b907865386/GSC_GB-T900-s5101
100.00000000000443,2500,129,1.8136407687021416,1.7940423397354024,1.977594126321645,5046.0,GSC_GB,results/jerky_area_loss_factorial_long_20260822/20260823T012141Z-b907865386/GSC_GB-T900-s5101
102.00000000000475,2550,129,1.8088661283078191,1.796634995171597,1.993354982236793,5004.0,GSC_GB,results/jerky_area_loss_factorial_long_20260822/20260823T012141Z-b907865386/GSC_GB-T900-s5101
104.00000000000506,2600,129,1.8138511252315952,1.798589252541106,1.9856874527908444,4998.0,GSC_GB,results/jerky_area_loss_factorial_long_20260822/20260823T012141Z-b907865386/GSC_GB-T900-s5101
106.00000000000537,2650,128,1.8182255297533905,1.8067181493276094,1.9774694360445533,4989.0,GSC_GB,results/jerky_area_loss_factorial_long_20260822/20260823T012141Z-b907865386/GSC_GB-T900-s5101
108.00000000000568,2700,128,1.8168767318201104,1.8017838414963516,1.9843356007114121,4973.0,GSC_GB,results/jerky_area_loss_factorial_long_20260822/20260823T012141Z-b907865386/GSC_GB-T900-s5101
110.000000000006,2750,126,1.8204695469992263,1.7965407462909662,1.9745727621936544,4962.0,GSC_GB,results/jerky_area_loss_factorial_long_20260822/20260823T012141Z-b907865386/GSC_GB-T900-s5101
112.00000000000631,2800,125,1.8217967866702882,1.8076943536332744,1.9883846307227557,4945.0,GSC_GB,results/jerky_area_loss_factorial_long_20260822/20260823T012141Z-b907865386/GSC_GB-T900-s5101
114.00000000000662,2850,125,1.8273092849098997,1.8037560217081472,1.9963469885640797,4933.0,GSC_GB,results/jerky_area_loss_factorial_long_20260822/20260823T012141Z-b907865386/GSC_GB-T900-s5101
116.00000000000693,2900,124,1.8291817815909737,1.8181123517961513,2.018196608323679,4915.0,GSC_GB,results/jerky_area_loss_factorial_long_20260822/20260823T012141Z-b907865386/GSC_GB-T900-s5101
118.00000000000725,2950,123,1.8254179312877856,1.8126415193520298,2.009655657466776,4899.0,GSC_GB,results/jerky_area_loss_factorial_long_20260822/20260823T012141Z-b907865386/GSC_GB-T900-s5101
120.00000000000756,3000,122,1.8294374037475052,1.8150512311628386,2.008829534865353,4888.0,GSC_GB,results/jerky_area_loss_factorial_long_20260822/20260823T012141Z-b907865386/GSC_GB-T900-s5101
122.00000000000787,3050,122,1.8315096643813926,1.8121704384857393,2.0035874959399904,4883.0,GSC_GB,results/jerky_area_loss_factorial_long_20260822/20260823T012141Z-b907865386/GSC_GB-T900-s5101
124.00000000000819,3100,121,1.8252478993610721,1.806766044272533,1.987562372830693,4870.0,GSC_GB,results/jerky_area_loss_factorial_long_20260822/20260823T012141Z-b907865386/GSC_GB-T900-s5101
126.0000000000085,3150,119,1.8226301641075218,1.8025048036020788,1.9746768293046042,4848.0,GSC_GB,results/jerky_area_loss_factorial_long_20260822/20260823T012141Z-b907865386/GSC_GB-T900-s5101
128.0000000000088,3200,119,1.822236983533399,1.808158648073068,1.9710995716335094,4835.0,GSC_GB,results/jerky_area_loss_factorial_long_20260822/20260823T012141Z-b907865386/GSC_GB-T900-s5101
130.0000000000084,3250,119,1.8266901009111778,1.8230475299617102,1.972705679562893,4827.0,GSC_GB,results/jerky_area_loss_factorial_long_20260822/20260823T012141Z-b907865386/GSC_GB-T900-s5101
132.00000000000801,3300,118,1.825618528347606,1.8015967143041376,1.989181857482894,4820.0,GSC_GB,results/jerky_area_loss_factorial_long_20260822/20260823T012141Z-b907865386/GSC_GB-T900-s5101
134.00000000000762,3350,118,1.829224205333056,1.8172860183860473,1.9960138666719645,4814.0,GSC_GB,results/jerky_area_loss_factorial_long_20260822/20260823T012141Z-b907865386/GSC_GB-T900-s5101
136.00000000000722,3400,118,1.824174753160822,1.8129281240002668,1.9936624499256799,4804.0,GSC_GB,results/jerky_area_loss_factorial_long_20260822/20260823T012141Z-b907865386/GSC_GB-T900-s5101
138.00000000000682,3450,118,1.823485796393918,1.8094855029279544,1.9902629795530573,4794.0,GSC_GB,results/jerky_area_loss_factorial_long_20260822/20260823T012141Z-b907865386/GSC_GB-T900-s5101
140.00000000000642,3500,118,1.823741194454643,1.8128257598401647,1.9787421291736336,4792.0,GSC_GB,results/jerky_area_loss_factorial_long_20260822/20260823T012141Z-b907865386/GSC_GB-T900-s5101
142.00000000000603,3550,118,1.8194464867476048,1.8092818282220726,1.9716396056971772,4786.0,GSC_GB,results/jerky_area_loss_factorial_long_20260822/20260823T012141Z-b907865386/GSC_GB-T900-s5101
144.00000000000563,3600,117,1.8196716834416713,1.8131575795279216,1.9661693217435288,4784.0,GSC_GB,results/jerky_area_loss_factorial_long_20260822/20260823T012141Z-b907865386/GSC_GB-T900-s5101
146.00000000000523,3650,117,1.8176863200077713,1.8131575795279216,1.9596969451238666,4779.0,GSC_GB,results/jerky_area_loss_factorial_long_20260822/20260823T012141Z-b907865386/GSC_GB-T900-s5101
148.00000000000483,3700,117,1.8146403847179515,1.8087744208146483,1.9545416214248323,4774.0,GSC_GB,results/jerky_area_loss_factorial_long_20260822/20260823T012141Z-b907865386/GSC_GB-T900-s5101
150.00000000000443,3750,117,1.8146078680028572,1.8247063539198194,1.9505489299120873,4769.0,GSC_GB,results/jerky_area_loss_factorial_long_20260822/20260823T012141Z-b907865386/GSC_GB-T900-s5101
152.00000000000404,3800,117,1.8117029921883245,1.809340405676284,1.9455700121624784,4756.0,GSC_GB,results/jerky_area_loss_factorial_long_20260822/20260823T012141Z-b907865386/GSC_GB-T900-s5101
154.00000000000364,3850,117,1.8145666768608872,1.8244182423902529,1.94929458751591,4756.0,GSC_GB,results/jerky_area_loss_factorial_long_20260822/20260823T012141Z-b907865386/GSC_GB-T900-s5101
156.00000000000324,3900,117,1.8130889514796213,1.8054138856986879,1.9654006273287703,4751.0,GSC_GB,results/jerky_area_loss_factorial_long_20260822/20260823T012141Z-b907865386/GSC_GB-T900-s5101
158.00000000000284,3950,117,1.8141025598547844,1.8054138856986879,1.970832016150894,4748.0,GSC_GB,results/jerky_area_loss_factorial_long_20260822/20260823T012141Z-b907865386/GSC_GB-T900-s5101
160.00000000000244,4000,117,1.8136682110232423,1.8037560217081472,1.9898493317854025,4743.0,GSC_GB,results/jerky_area_loss_factorial_long_20260822/20260823T012141Z-b907865386/GSC_GB-T900-s5101
162.00000000000205,4050,117,1.811554994868363,1.8076943536332744,1.9772313236595234,4737.0,GSC_GB,results/jerky_area_loss_factorial_long_20260822/20260823T012141Z-b907865386/GSC_GB-T900-s5101
164.00000000000165,4100,117,1.8112790481694057,1.7990592963586882,1.971129982890013,4730.0,GSC_GB,results/jerky_area_loss_factorial_long_20260822/20260823T012141Z-b907865386/GSC_GB-T900-s5101
166.00000000000125,4150,117,1.8018573956250037,1.7713580689159039,1.9713137239444791,4716.0,GSC_GB,results/jerky_area_loss_factorial_long_20260822/20260823T012141Z-b907865386/GSC_GB-T900-s5101
168.00000000000085,4200,117,1.7941731606584024,1.765718991283669,1.9484665303099105,4706.0,GSC_GB,results/jerky_area_loss_factorial_long_20260822/20260823T012141Z-b907865386/GSC_GB-T900-s5101
170.00000000000045,4250,116,1.7964209918340215,1.7764480826214357,1.948241222505476,4702.0,GSC_GB,results/jerky_area_loss_factorial_long_20260822/20260823T012141Z-b907865386/GSC_GB-T900-s5101
172.00000000000006,4300,115,1.7963953958694237,1.7931456921686877,1.9404384776758803,4694.0,GSC_GB,results/jerky_area_loss_factorial_long_20260822/20260823T012141Z-b907865386/GSC_GB-T900-s5101
173.99999999999966,4350,114,1.8061164858701868,1.7972629990570663,1.9707089966788236,4694.0,GSC_GB,results/jerky_area_loss_factorial_long_20260822/20260823T012141Z-b907865386/GSC_GB-T900-s5101
175.99999999999926,4400,113,1.8011235743401453,1.795845565325406,1.9757049534373794,4677.0,GSC_GB,results/jerky_area_loss_factorial_long_20260822/20260823T012141Z-b907865386/GSC_GB-T900-s5101
177.99999999999886,4450,113,1.8034917562898334,1.7968892113590187,1.9768114692504597,4663.0,GSC_GB,results/jerky_area_loss_factorial_long_20260822/20260823T012141Z-b907865386/GSC_GB-T900-s5101
179.99999999999847,4500,113,1.8018725572768184,1.7973157609861687,1.926121878266028,4654.0,GSC_GB,results/jerky_area_loss_factorial_long_20260822/20260823T012141Z-b907865386/GSC_GB-T900-s5101
181.99999999999807,4550,113,1.8006169999994899,1.7954467274904982,1.9339180598161307,4648.0,GSC_GB,results/jerky_area_loss_factorial_long_20260822/20260823T012141Z-b907865386/GSC_GB-T900-s5101
183.99999999999767,4600,113,1.801846241003741,1.7954667017554444,1.9439425135978334,4639.0,GSC_GB,results/jerky_area_loss_factorial_long_20260822/20260823T012141Z-b907865386/GSC_GB-T900-s5101
185.99999999999727,4650,113,1.809342112371191,1.8025077476446814,1.9511386529649726,4644.0,GSC_GB,results/jerky_area_loss_factorial_long_20260822/20260823T012141Z-b907865386/GSC_GB-T900-s5101
187.99999999999687,4700,113,1.8093798735808542,1.8014393558698374,1.9393870340432962,4641.0,GSC_GB,results/jerky_area_loss_factorial_long_20260822/20260823T012141Z-b907865386/GSC_GB-T900-s5101
189.99999999999648,4750,113,1.802518741174227,1.7858424783298386,1.9362534475484343,4629.0,GSC_GB,results/jerky_area_loss_factorial_long_20260822/20260823T012141Z-b907865386/GSC_GB-T900-s5101
191.99999999999608,4800,112,1.8080630559941941,1.8001824646395077,1.934230254651835,4629.0,GSC_GB,results/jerky_area_loss_factorial_long_20260822/20260823T012141Z-b907865386/GSC_GB-T900-s5101
193.99999999999568,4850,112,1.804726599997631,1.8055217953549851,1.944852004438802,4623.0,GSC_GB,results/jerky_area_loss_factorial_long_20260822/20260823T012141Z-b907865386/GSC_GB-T900-s5101
195.99999999999528,4900,112,1.8049184780169019,1.7963331536015021,1.9686856739312573,4616.0,GSC_GB,results/jerky_area_loss_factorial_long_20260822/20260823T012141Z-b907865386/GSC_GB-T900-s5101
197.99999999999488,4950,112,1.7965799845612769,1.7913790539252297,1.9450819165539397,4602.0,GSC_GB,results/jerky_area_loss_factorial_long_20260822/20260823T012141Z-b907865386/GSC_GB-T900-s5101
199.9999999999945,5000,112,1.8040157658323455,1.7954130298996356,1.9492726874438973,4605.0,GSC_GB,results/jerky_area_loss_factorial_long_20260822/20260823T012141Z-b907865386/GSC_GB-T900-s5101
201.9999999999941,5050,112,1.7994074879078725,1.7927063877916298,1.940802147707698,4598.0,GSC_GB,results/jerky_area_loss_factorial_long_20260822/20260823T012141Z-b907865386/GSC_GB-T900-s5101
203.9999999999937,5100,112,1.8062898443568258,1.791633533538326,1.9501013422706,4597.0,GSC_GB,results/jerky_area_loss_factorial_long_20260822/20260823T012141Z-b907865386/GSC_GB-T900-s5101
205.9999999999933,5150,111,1.7976491853088032,1.7918486378562486,1.9695981472828954,4588.0,GSC_GB,results/jerky_area_loss_factorial_long_20260822/20260823T012141Z-b907865386/GSC_GB-T900-s5101
207.9999999999929,5200,111,1.7988349616055361,1.7914184292204034,1.9496480528757179,4584.0,GSC_GB,results/jerky_area_loss_factorial_long_20260822/20260823T012141Z-b907865386/GSC_GB-T900-s5101
209.9999999999925,5250,111,1.8018065319344578,1.7918486378562486,1.964096476480429,4583.0,GSC_GB,results/jerky_area_loss_factorial_long_20260822/20260823T012141Z-b907865386/GSC_GB-T900-s5101
211.9999999999921,5300,111,1.8005218601503472,1.793607010844316,1.9635501412783232,4572.0,GSC_GB,results/jerky_area_loss_factorial_long_20260822/20260823T012141Z-b907865386/GSC_GB-T900-s5101
213.9999999999917,5350,111,1.8005968647509993,1.793607010844316,1.9547185814224988,4568.0,GSC_GB,results/jerky_area_loss_factorial_long_20260822/20260823T012141Z-b907865386/GSC_GB-T900-s5101
215.9999999999913,5400,111,1.8049882419439267,1.7914184292204034,1.9586254556545784,4564.0,GSC_GB,results/jerky_area_loss_factorial_long_20260822/20260823T012141Z-b907865386/GSC_GB-T900-s5101
217.9999999999909,5450,111,1.805640684648666,1.7920169337070428,1.9586254556545784,4561.0,GSC_GB,results/jerky_area_loss_factorial_long_20260822/20260823T012141Z-b907865386/GSC_GB-T900-s5101
219.9999999999905,5500,111,1.807703180097771,1.793607010844316,1.9771078846063617,4561.0,GSC_GB,results/jerky_area_loss_factorial_long_20260822/20260823T012141Z-b907865386/GSC_GB-T900-s5101
221.9999999999901,5550,110,1.802364376202613,1.7909163942069393,1.9584315645027968,4553.0,GSC_GB,results/jerky_area_loss_factorial_long_20260822/20260823T012141Z-b907865386/GSC_GB-T900-s5101
223.9999999999897,5600,110,1.8060952491652231,1.7924733447371861,1.976154198130144,4551.0,GSC_GB,results/jerky_area_loss_factorial_long_20260822/20260823T012141Z-b907865386/GSC_GB-T900-s5101
225.9999999999893,5650,109,1.8124880149596285,1.810601395604573,1.9791557451983877,4544.0,GSC_GB,results/jerky_area_loss_factorial_long_20260822/20260823T012141Z-b907865386/GSC_GB-T900-s5101
227.99999999998892,5700,108,1.81328563867874,1.7995351840604927,1.9810690480301483,4537.0,GSC_GB,results/jerky_area_loss_factorial_long_20260822/20260823T012141Z-b907865386/GSC_GB-T900-s5101
229.99999999998852,5750,108,1.8076660078104296,1.7938246752898592,1.9637271439953856,4523.0,GSC_GB,results/jerky_area_loss_factorial_long_20260822/20260823T012141Z-b907865386/GSC_GB-T900-s5101
231.99999999998812,5800,108,1.8106780092503678,1.792334261107059,1.9771078846063617,4519.0,GSC_GB,results/jerky_area_loss_factorial_long_20260822/20260823T012141Z-b907865386/GSC_GB-T900-s5101
233.99999999998772,5850,108,1.8104197976042227,1.7940423397354024,1.982798460711439,4514.0,GSC_GB,results/jerky_area_loss_factorial_long_20260822/20260823T012141Z-b907865386/GSC_GB-T900-s5101
235.99999999998732,5900,108,1.8132512681869808,1.7982735716687406,1.9738103285719104,4518.0,GSC_GB,results/jerky_area_loss_factorial_long_20260822/20260823T012141Z-b907865386/GSC_GB-T900-s5101
237.99999999998693,5950,108,1.81412539114363,1.789802309605296,1.9771450157172532,4510.0,GSC_GB,results/jerky_area_loss_factorial_long_20260822/20260823T012141Z-b907865386/GSC_GB-T900-s5101
239.99999999998653,6000,107,1.8109100157849043,1.7898408354268884,1.980854855787853,4498.0,GSC_GB,results/jerky_area_loss_factorial_long_20260822/20260823T012141Z-b907865386/GSC_GB-T900-s5101
241.99999999998613,6050,107,1.8122796827269911,1.7898408354268884,1.982113708445077,4495.0,GSC_GB,results/jerky_area_loss_factorial_long_20260822/20260823T012141Z-b907865386/GSC_GB-T900-s5101
243.99999999998573,6100,106,1.8211023577642027,1.823853962587615,1.986520336811929,4496.0,GSC_GB,results/jerky_area_loss_factorial_long_20260822/20260823T012141Z-b907865386/GSC_GB-T900-s5101
245.99999999998533,6150,106,1.8123873106702453,1.7948422285436618,1.9751807923506712,4486.0,GSC_GB,results/jerky_area_loss_factorial_long_20260822/20260823T012141Z-b907865386/GSC_GB-T900-s5101
247.99999999998494,6200,106,1.8103740485651012,1.8115476678784905,1.966528939835483,4472.0,GSC_GB,results/jerky_area_loss_factorial_long_20260822/20260823T012141Z-b907865386/GSC_GB-T900-s5101
249.99999999998454,6250,106,1.8161694778300048,1.8167937302128911,1.9711539965757217,4471.0,GSC_GB,results/jerky_area_loss_factorial_long_20260822/20260823T012141Z-b907865386/GSC_GB-T900-s5101
251.99999999998414,6300,105,1.8116059981708093,1.8209459410737523,1.98226705675946,4451.0,GSC_GB,results/jerky_area_loss_factorial_long_20260822/20260823T012141Z-b907865386/GSC_GB-T900-s5101
253.99999999998374,6350,104,1.8176940681953526,1.8314470586685965,1.985867364967725,4454.0,GSC_GB,results/jerky_area_loss_factorial_long_20260822/20260823T012141Z-b907865386/GSC_GB-T900-s5101
255.99999999998334,6400,104,1.8186545935080203,1.8309157115800827,1.995204228046339,4449.0,GSC_GB,results/jerky_area_loss_factorial_long_20260822/20260823T012141Z-b907865386/GSC_GB-T900-s5101
257.99999999998437,6450,104,1.821894831401215,1.8275368455499237,1.985826365392859,4433.0,GSC_GB,results/jerky_area_loss_factorial_long_20260822/20260823T012141Z-b907865386/GSC_GB-T900-s5101
259.9999999999854,6500,101,1.8135608156289282,1.7997895433756388,1.983315444683619,4419.0,GSC_GB,results/jerky_area_loss_factorial_long_20260822/20260823T012141Z-b907865386/GSC_GB-T900-s5101
261.9999999999864,6550,101,1.814765702047477,1.814366351247607,1.9864338651941276,4407.0,GSC_GB,results/jerky_area_loss_factorial_long_20260822/20260823T012141Z-b907865386/GSC_GB-T900-s5101
263.99999999998744,6600,101,1.818276076520329,1.8126415193520298,1.9864338651941276,4392.0,GSC_GB,results/jerky_area_loss_factorial_long_20260822/20260823T012141Z-b907865386/GSC_GB-T900-s5101
265.99999999998846,6650,99,1.812703017607852,1.7997895433756388,1.9941234662350078,4374.0,GSC_GB,results/jerky_area_loss_factorial_long_20260822/20260823T012141Z-b907865386/GSC_GB-T900-s5101
267.9999999999895,6700,98,1.8060728404431887,1.7948903436701422,1.985815731117406,4361.0,GSC_GB,results/jerky_area_loss_factorial_long_20260822/20260823T012141Z-b907865386/GSC_GB-T900-s5101
269.9999999999905,6750,98,1.811176764617782,1.8137957065470378,1.9845695736910973,4356.0,GSC_GB,results/jerky_area_loss_factorial_long_20260822/20260823T012141Z-b907865386/GSC_GB-T900-s5101
271.99999999999153,6800,97,1.8109575434032499,1.809340405676284,1.9863168778535902,4341.0,GSC_GB,results/jerky_area_loss_factorial_long_20260822/20260823T012141Z-b907865386/GSC_GB-T900-s5101
273.99999999999255,6850,95,1.805909855083246,1.7940423397354024,1.9985872943659149,4318.0,GSC_GB,results/jerky_area_loss_factorial_long_20260822/20260823T012141Z-b907865386/GSC_GB-T900-s5101
275.9999999999936,6900,94,1.8086269179434458,1.8104957954627952,1.9922198195498166,4305.0,GSC_GB,results/jerky_area_loss_factorial_long_20260822/20260823T012141Z-b907865386/GSC_GB-T900-s5101
277.9999999999946,6950,93,1.8110603333691886,1.8108295747344536,1.9952829578199356,4288.0,GSC_GB,results/jerky_area_loss_factorial_long_20260822/20260823T012141Z-b907865386/GSC_GB-T900-s5101
279.9999999999956,7000,93,1.8192074972383343,1.8126415193520298,2.0172243445608125,4279.0,GSC_GB,results/jerky_area_loss_factorial_long_20260822/20260823T012141Z-b907865386/GSC_GB-T900-s5101
281.99999999999665,7050,93,1.811194628621631,1.7990592963586882,2.0034518105893198,4272.0,GSC_GB,results/jerky_area_loss_factorial_long_20260822/20260823T012141Z-b907865386/GSC_GB-T900-s5101
283.99999999999767,7100,93,1.8061964894341633,1.8050991013966866,1.9982177510261754,4260.0,GSC_GB,results/jerky_area_loss_factorial_long_20260822/20260823T012141Z-b907865386/GSC_GB-T900-s5101
285.9999999999987,7150,93,1.80936191813252,1.8050991013966866,1.9943451162017307,4257.0,GSC_GB,results/jerky_area_loss_factorial_long_20260822/20260823T012141Z-b907865386/GSC_GB-T900-s5101
287.9999999999997,7200,92,1.8146596768764156,1.8124580304985982,1.9929240997560667,4255.0,GSC_GB,results/jerky_area_loss_factorial_long_20260822/20260823T012141Z-b907865386/GSC_GB-T900-s5101
290.00000000000074,7250,92,1.8105855716508352,1.8173052415517867,1.9997708652682369,4249.0,GSC_GB,results/jerky_area_loss_factorial_long_20260822/20260823T012141Z-b907865386/GSC_GB-T900-s5101
292.00000000000176,7300,92,1.8131750454493925,1.8065677238203228,2.000386050031434,4241.0,GSC_GB,results/jerky_area_loss_factorial_long_20260822/20260823T012141Z-b907865386/GSC_GB-T900-s5101
294.0000000000028,7350,92,1.8189859388910226,1.8110389352147984,2.015643504842019,4237.0,GSC_GB,results/jerky_area_loss_factorial_long_20260822/20260823T012141Z-b907865386/GSC_GB-T900-s5101
296.0000000000038,7400,92,1.8190756027141315,1.8087978095034933,2.006414290086142,4233.0,GSC_GB,results/jerky_area_loss_factorial_long_20260822/20260823T012141Z-b907865386/GSC_GB-T900-s5101
298.00000000000483,7450,92,1.8140257569456333,1.7991362634164938,1.9849632008884015,4226.0,GSC_GB,results/jerky_area_loss_factorial_long_20260822/20260823T012141Z-b907865386/GSC_GB-T900-s5101
300.00000000000585,7500,91,1.812806733455298,1.801931149305783,1.9707671988184443,4224.0,GSC_GB,results/jerky_area_loss_factorial_long_20260822/20260823T012141Z-b907865386/GSC_GB-T900-s5101
302.0000000000069,7550,90,1.8184016572555382,1.8128954810375346,1.975710818115543,4220.0,GSC_GB,results/jerky_area_loss_factorial_long_20260822/20260823T012141Z-b907865386/GSC_GB-T900-s5101
304.0000000000079,7600,90,1.8072408583470743,1.7870804215834473,1.975710818115543,4198.0,GSC_GB,results/jerky_area_loss_factorial_long_20260822/20260823T012141Z-b907865386/GSC_GB-T900-s5101
306.0000000000089,7650,90,1.8151605562886368,1.7992480552222407,1.977794922569738,4199.0,GSC_GB,results/jerky_area_loss_factorial_long_20260822/20260823T012141Z-b907865386/GSC_GB-T900-s5101
308.00000000000995,7700,90,1.81640755084542,1.7973148920278879,1.9756496282425773,4199.0,GSC_GB,results/jerky_area_loss_factorial_long_20260822/20260823T012141Z-b907865386/GSC_GB-T900-s5101
310.00000000001097,7750,89,1.8154694606312936,1.7988209847130496,1.9697075413524274,4197.0,GSC_GB,results/jerky_area_loss_factorial_long_20260822/20260823T012141Z-b907865386/GSC_GB-T900-s5101
312.000000000012,7800,89,1.807891952584407,1.7988209847130496,1.9851989351344104,4186.0,GSC_GB,results/jerky_area_loss_factorial_long_20260822/20260823T012141Z-b907865386/GSC_GB-T900-s5101
314.000000000013,7850,89,1.8149128714297837,1.8196715160173367,1.976676456866466,4187.0,GSC_GB,results/jerky_area_loss_factorial_long_20260822/20260823T012141Z-b907865386/GSC_GB-T900-s5101
316.00000000001404,7900,89,1.8155013536466733,1.8110474803964014,1.9806352676688161,4182.0,GSC_GB,results/jerky_area_loss_factorial_long_20260822/20260823T012141Z-b907865386/GSC_GB-T900-s5101
318.00000000001506,7950,89,1.816072592921725,1.8128742736561203,1.9840232815078986,4174.0,GSC_GB,results/jerky_area_loss_factorial_long_20260822/20260823T012141Z-b907865386/GSC_GB-T900-s5101
320.0000000000161,8000,89,1.8176528093733604,1.8149058595292742,1.986162038775418,4171.0,GSC_GB,results/jerky_area_loss_factorial_long_20260822/20260823T012141Z-b907865386/GSC_GB-T900-s5101
322.0000000000171,8050,89,1.8082352745320278,1.7988209847130496,1.9729575079073778,4161.0,GSC_GB,results/jerky_area_loss_factorial_long_20260822/20260823T012141Z-b907865386/GSC_GB-T900-s5101
324.00000000001813,8100,89,1.8173256890210463,1.7989255734091782,1.9887762125235733,4167.0,GSC_GB,results/jerky_area_loss_factorial_long_20260822/20260823T012141Z-b907865386/GSC_GB-T900-s5101
326.00000000001916,8150,87,1.8155509680267707,1.8044778128332806,1.9715184006085993,4162.0,GSC_GB,results/jerky_area_loss_factorial_long_20260822/20260823T012141Z-b907865386/GSC_GB-T900-s5101
328.0000000000202,8200,87,1.8154444030059453,1.7954667017554444,1.966824665690343,4157.0,GSC_GB,results/jerky_area_loss_factorial_long_20260822/20260823T012141Z-b907865386/GSC_GB-T900-s5101
330.0000000000212,8250,87,1.8112840125890677,1.799862322794584,1.9619560179197262,4147.0,GSC_GB,results/jerky_area_loss_factorial_long_20260822/20260823T012141Z-b907865386/GSC_GB-T900-s5101
332.0000000000222,8300,87,1.8145189601255765,1.8045461526312985,1.9444784769622496,4149.0,GSC_GB,results/jerky_area_loss_factorial_long_20260822/20260823T012141Z-b907865386/GSC_GB-T900-s5101
334.00000000002325,8350,87,1.818476669197691,1.8209459410737523,1.9610109255569672,4147.0,GSC_GB,results/jerky_area_loss_factorial_long_20260822/20260823T012141Z-b907865386/GSC_GB-T900-s5101
336.0000000000243,8400,87,1.8160859421306486,1.8207549651604504,1.9694110070067992,4140.0,GSC_GB,results/jerky_area_loss_factorial_long_20260822/20260823T012141Z-b907865386/GSC_GB-T900-s5101
338.0000000000253,8450,87,1.8181425093872277,1.82396617321188,1.954380895206463,4132.0,GSC_GB,results/jerky_area_loss_factorial_long_20260822/20260823T012141Z-b907865386/GSC_GB-T900-s5101
340.0000000000263,8500,87,1.8159726427316312,1.8232187563663276,1.954380895206463,4130.0,GSC_GB,results/jerky_area_loss_factorial_long_20260822/20260823T012141Z-b907865386/GSC_GB-T900-s5101
342.00000000002734,8550,87,1.8252121677094153,1.812493940152408,1.97838539740121,4131.0,GSC_GB,results/jerky_area_loss_factorial_long_20260822/20260823T012141Z-b907865386/GSC_GB-T900-s5101
344.00000000002836,8600,86,1.8175297282355531,1.8056574624327288,1.9745303055029668,4126.0,GSC_GB,results/jerky_area_loss_factorial_long_20260822/20260823T012141Z-b907865386/GSC_GB-T900-s5101
346.0000000000294,8650,86,1.8112928833473803,1.808330757329709,1.9785448129342798,4117.0,GSC_GB,results/jerky_area_loss_factorial_long_20260822/20260823T012141Z-b907865386/GSC_GB-T900-s5101
348.0000000000304,8700,85,1.8105154589400014,1.8037560217081472,1.9417582714919575,4109.0,GSC_GB,results/jerky_area_loss_factorial_long_20260822/20260823T012141Z-b907865386/GSC_GB-T900-s5101
350.00000000003143,8750,85,1.8104967716261904,1.809340405676284,1.9484153783314042,4105.0,GSC_GB,results/jerky_area_loss_factorial_long_20260822/20260823T012141Z-b907865386/GSC_GB-T900-s5101
352.00000000003246,8800,85,1.8072007079274937,1.7963311861387736,1.9498220376304733,4093.0,GSC_GB,results/jerky_area_loss_factorial_long_20260822/20260823T012141Z-b907865386/GSC_GB-T900-s5101
354.0000000000335,8850,85,1.8017592558401596,1.79664122347469,1.9473697900895095,4088.0,GSC_GB,results/jerky_area_loss_factorial_long_20260822/20260823T012141Z-b907865386/GSC_GB-T900-s5101
356.0000000000345,8900,85,1.801445743765705,1.80039528384497,1.9441646173870053,4087.0,GSC_GB,results/jerky_area_loss_factorial_long_20260822/20260823T012141Z-b907865386/GSC_GB-T900-s5101
358.0000000000355,8950,85,1.8023535971096194,1.8037560217081472,1.9394488961235896,4088.0,GSC_GB,results/jerky_area_loss_factorial_long_20260822/20260823T012141Z-b907865386/GSC_GB-T900-s5101
360.00000000003655,9000,85,1.8024251259744555,1.809340405676284,1.9492261474053691,4086.0,GSC_GB,results/jerky_area_loss_factorial_long_20260822/20260823T012141Z-b907865386/GSC_GB-T900-s5101
362.0000000000376,9050,85,1.796281883546555,1.8063694033681126,1.9354021548095321,4082.0,GSC_GB,results/jerky_area_loss_factorial_long_20260822/20260823T012141Z-b907865386/GSC_GB-T900-s5101
364.0000000000386,9100,85,1.7968994384028345,1.8063694033681126,1.933658946232403,4082.0,GSC_GB,results/jerky_area_loss_factorial_long_20260822/20260823T012141Z-b907865386/GSC_GB-T900-s5101
366.0000000000396,9150,85,1.8011397873632862,1.810034323210786,1.9458556520968042,4083.0,GSC_GB,results/jerky_area_loss_factorial_long_20260822/20260823T012141Z-b907865386/GSC_GB-T900-s5101
368.00000000004064,9200,85,1.795603459929509,1.7922853951790017,1.9351354082359247,4074.0,GSC_GB,results/jerky_area_loss_factorial_long_20260822/20260823T012141Z-b907865386/GSC_GB-T900-s5101
370.00000000004167,9250,85,1.7960543403475142,1.809340405676284,1.9362659068072088,4071.0,GSC_GB,results/jerky_area_loss_factorial_long_20260822/20260823T012141Z-b907865386/GSC_GB-T900-s5101
372.0000000000427,9300,85,1.8009417848016893,1.8073586527675474,1.9362659068072088,4073.0,GSC_GB,results/jerky_area_loss_factorial_long_20260822/20260823T012141Z-b907865386/GSC_GB-T900-s5101
374.0000000000437,9350,85,1.8006728591147203,1.8023138409940458,1.939155480998195,4072.0,GSC_GB,results/jerky_area_loss_factorial_long_20260822/20260823T012141Z-b907865386/GSC_GB-T900-s5101
376.00000000004474,9400,85,1.8018050617803891,1.7968892113590187,1.9493318510020254,4070.0,GSC_GB,results/jerky_area_loss_factorial_long_20260822/20260823T012141Z-b907865386/GSC_GB-T900-s5101
378.00000000004576,9450,85,1.8039813562798794,1.7968892113590187,1.952247065306184,4072.0,GSC_GB,results/jerky_area_loss_factorial_long_20260822/20260823T012141Z-b907865386/GSC_GB-T900-s5101
380.0000000000468,9500,85,1.7995041300776273,1.7968892113590187,1.9502273335728526,4067.0,GSC_GB,results/jerky_area_loss_factorial_long_20260822/20260823T012141Z-b907865386/GSC_GB-T900-s5101
382.0000000000478,9550,85,1.8051250198618702,1.8138032640399977,1.9487087334018698,4070.0,GSC_GB,results/jerky_area_loss_factorial_long_20260822/20260823T012141Z-b907865386/GSC_GB-T900-s5101
384.00000000004883,9600,83,1.8037242955341477,1.8138032640399977,1.9446470616771994,4066.0,GSC_GB,results/jerky_area_loss_factorial_long_20260822/20260823T012141Z-b907865386/GSC_GB-T900-s5101
386.00000000004985,9650,83,1.8109850735829651,1.8138268429659394,1.9517093224839739,4069.0,GSC_GB,results/jerky_area_loss_factorial_long_20260822/20260823T012141Z-b907865386/GSC_GB-T900-s5101
388.0000000000509,9700,83,1.8121609076311473,1.8133169779964515,1.9570912151094357,4061.0,GSC_GB,results/jerky_area_loss_factorial_long_20260822/20260823T012141Z-b907865386/GSC_GB-T900-s5101
390.0000000000519,9750,83,1.8043276647914708,1.811649921146695,1.940531714252071,4052.0,GSC_GB,results/jerky_area_loss_factorial_long_20260822/20260823T012141Z-b907865386/GSC_GB-T900-s5101
392.0000000000529,9800,83,1.8075388271964274,1.811649921146695,1.9429098219104675,4048.0,GSC_GB,results/jerky_area_loss_factorial_long_20260822/20260823T012141Z-b907865386/GSC_GB-T900-s5101
394.00000000005394,9850,83,1.8067380071108887,1.8138268429659394,1.9366794191627479,4044.0,GSC_GB,results/jerky_area_loss_factorial_long_20260822/20260823T012141Z-b907865386/GSC_GB-T900-s5101
396.00000000005497,9900,83,1.8067696362058523,1.810293191566582,1.9366794191627479,4044.0,GSC_GB,results/jerky_area_loss_factorial_long_20260822/20260823T012141Z-b907865386/GSC_GB-T900-s5101
398.000000000056,9950,83,1.8115927155040559,1.816837249907481,1.9353000676000958,4048.0,GSC_GB,results/jerky_area_loss_factorial_long_20260822/20260823T012141Z-b907865386/GSC_GB-T900-s5101
400.000000000057,10000,83,1.8072586935670505,1.812698668472612,1.9483623105668761,4045.0,GSC_GB,results/jerky_area_loss_factorial_long_20260822/20260823T012141Z-b907865386/GSC_GB-T900-s5101
0.0,0,190,1.7920895484123613,1.7854416702856883,1.956505991785691,6086.0,GSC_GBTJ,results/jerky_area_loss_factorial_long_20260822/20260823T012141Z-b907865386/GSC_GBTJ-T900-s5101
2.000000000000001,50,186,1.7999656575989889,1.7811514816257075,1.958409297465745,6020.0,GSC_GBTJ,results/jerky_area_loss_factorial_long_20260822/20260823T012141Z-b907865386/GSC_GBTJ-T900-s5101
4.000000000000003,100,180,1.7910117325421615,1.785613863768944,1.9462697639893334,5962.0,GSC_GBTJ,results/jerky_area_loss_factorial_long_20260822/20260823T012141Z-b907865386/GSC_GBTJ-T900-s5101
6.000000000000004,150,178,1.7859648888035307,1.7737078083083129,1.9464135480360985,5900.0,GSC_GBTJ,results/jerky_area_loss_factorial_long_20260822/20260823T012141Z-b907865386/GSC_GBTJ-T900-s5101
8.000000000000005,200,177,1.7901751268716826,1.7776146300891886,1.943963947765293,5860.0,GSC_GBTJ,results/jerky_area_loss_factorial_long_20260822/20260823T012141Z-b907865386/GSC_GBTJ-T900-s5101
9.999999999999963,250,176,1.7933674734849,1.7705911752988153,1.9717196821986298,5811.0,GSC_GBTJ,results/jerky_area_loss_factorial_long_20260822/20260823T012141Z-b907865386/GSC_GBTJ-T900-s5101
11.99999999999992,300,175,1.7791361889459865,1.7494104313840855,1.9428191585888792,5768.0,GSC_GBTJ,results/jerky_area_loss_factorial_long_20260822/20260823T012141Z-b907865386/GSC_GBTJ-T900-s5101
13.999999999999877,350,175,1.769200493348257,1.761888234876766,1.912265536408341,5737.0,GSC_GBTJ,results/jerky_area_loss_factorial_long_20260822/20260823T012141Z-b907865386/GSC_GBTJ-T900-s5101
15.999999999999835,400,173,1.7782625274056256,1.7685687043578984,1.9310832139996492,5718.0,GSC_GBTJ,results/jerky_area_loss_factorial_long_20260822/20260823T012141Z-b907865386/GSC_GBTJ-T900-s5101
17.999999999999794,450,172,1.777483655913813,1.7667815641983609,1.9274750127635476,5695.0,GSC_GBTJ,results/jerky_area_loss_factorial_long_20260822/20260823T012141Z-b907865386/GSC_GBTJ-T900-s5101
19.99999999999975,500,170,1.7817480472914684,1.7778797557648374,1.9212275273235937,5677.0,GSC_GBTJ,results/jerky_area_loss_factorial_long_20260822/20260823T012141Z-b907865386/GSC_GBTJ-T900-s5101
21.99999999999971,550,167,1.7773611187081133,1.7781448814404859,1.9250029570989446,5637.0,GSC_GBTJ,results/jerky_area_loss_factorial_long_20260822/20260823T012141Z-b907865386/GSC_GBTJ-T900-s5101
23.999999999999666,600,163,1.7734067158681184,1.7681838186278778,1.9341684169971436,5608.0,GSC_GBTJ,results/jerky_area_loss_factorial_long_20260822/20260823T012141Z-b907865386/GSC_GBTJ-T900-s5101
25.999999999999623,650,163,1.770851052675885,1.7646228671329536,1.9283153279551901,5567.0,GSC_GBTJ,results/jerky_area_loss_factorial_long_20260822/20260823T012141Z-b907865386/GSC_GBTJ-T900-s5101
27.99999999999958,700,161,1.7697894681518727,1.7678441371130529,1.9345345020782319,5539.0,GSC_GBTJ,results/jerky_area_loss_factorial_long_20260822/20260823T012141Z-b907865386/GSC_GBTJ-T900-s5101
29.999999999999538,750,160,1.7693566378799261,1.7630752576261268,1.9175106944185587,5519.0,GSC_GBTJ,results/jerky_area_loss_factorial_long_20260822/20260823T012141Z-b907865386/GSC_GBTJ-T900-s5101
31.999999999999496,800,159,1.7692430191384145,1.7513049587017615,1.9263586934516792,5494.0,GSC_GBTJ,results/jerky_area_loss_factorial_long_20260822/20260823T012141Z-b907865386/GSC_GBTJ-T900-s5101
33.99999999999945,850,158,1.7750470456019438,1.7693485884860263,1.9290416760332938,5481.0,GSC_GBTJ,results/jerky_area_loss_factorial_long_20260822/20260823T012141Z-b907865386/GSC_GBTJ-T900-s5101
35.99999999999941,900,157,1.7865507875778448,1.7762828470077605,1.9521791970970983,5466.0,GSC_GBTJ,results/jerky_area_loss_factorial_long_20260822/20260823T012141Z-b907865386/GSC_GBTJ-T900-s5101
37.99999999999937,950,155,1.7800225426876493,1.7728385051693243,1.9240868044397468,5441.0,GSC_GBTJ,results/jerky_area_loss_factorial_long_20260822/20260823T012141Z-b907865386/GSC_GBTJ-T900-s5101
39.999999999999325,1000,154,1.7793732313787936,1.776894427937363,1.9165476779888844,5421.0,GSC_GBTJ,results/jerky_area_loss_factorial_long_20260822/20260823T012141Z-b907865386/GSC_GBTJ-T900-s5101
41.99999999999928,1050,152,1.7849716379515608,1.7742305386705126,1.9346418724777197,5400.0,GSC_GBTJ,results/jerky_area_loss_factorial_long_20260822/20260823T012141Z-b907865386/GSC_GBTJ-T900-s5101
43.99999999999924,1100,152,1.7851435415148056,1.7791435518281626,1.9336349593324873,5379.0,GSC_GBTJ,results/jerky_area_loss_factorial_long_20260822/20260823T012141Z-b907865386/GSC_GBTJ-T900-s5101
45.9999999999992,1150,151,1.7857307826427395,1.7800630528336256,1.9299246967475676,5364.0,GSC_GBTJ,results/jerky_area_loss_factorial_long_20260822/20260823T012141Z-b907865386/GSC_GBTJ-T900-s5101
47.999999999999154,1200,151,1.7821795239049776,1.7862438273226313,1.9474127306412812,5349.0,GSC_GBTJ,results/jerky_area_loss_factorial_long_20260822/20260823T012141Z-b907865386/GSC_GBTJ-T900-s5101
49.99999999999911,1250,151,1.7861863405431104,1.7862438273226313,1.9362022042351958,5346.0,GSC_GBTJ,results/jerky_area_loss_factorial_long_20260822/20260823T012141Z-b907865386/GSC_GBTJ-T900-s5101
51.99999999999907,1300,151,1.7897682231752947,1.7904931097838226,1.9401745443583431,5336.0,GSC_GBTJ,results/jerky_area_loss_factorial_long_20260822/20260823T012141Z-b907865386/GSC_GBTJ-T900-s5101
53.99999999999903,1350,150,1.7849497192141885,1.7791464015725897,1.969562118156152,5326.0,GSC_GBTJ,results/jerky_area_loss_factorial_long_20260822/20260823T012141Z-b907865386/GSC_GBTJ-T900-s5101
55.999999999998984,1400,149,1.7888388144984493,1.7914184292204034,1.969542420762205,5325.0,GSC_GBTJ,results/jerky_area_loss_factorial_long_20260822/20260823T012141Z-b907865386/GSC_GBTJ-T900-s5101
57.99999999999894,1450,149,1.7934779592380115,1.797514651390818,1.9711543361172894,5315.0,GSC_GBTJ,results/jerky_area_loss_factorial_long_20260822/20260823T012141Z-b907865386/GSC_GBTJ-T900-s5101
59.9999999999989,1500,149,1.7979055838961477,1.7953593580438265,1.9527429907099196,5312.0,GSC_GBTJ,results/jerky_area_loss_factorial_long_20260822/20260823T012141Z-b907865386/GSC_GBTJ-T900-s5101
61.999999999998856,1550,148,1.7906072575265064,1.7888311282715175,1.9255059900557339,5288.0,GSC_GBTJ,results/jerky_area_loss_factorial_long_20260822/20260823T012141Z-b907865386/GSC_GBTJ-T900-s5101
63.99999999999881,1600,147,1.7932138704803489,1.788746287237692,1.9406787037908655,5278.0,GSC_GBTJ,results/jerky_area_loss_factorial_long_20260822/20260823T012141Z-b907865386/GSC_GBTJ-T900-s5101
65.99999999999912,1650,144,1.7911451027314018,1.7858926358141956,1.9351126604491393,5260.0,GSC_GBTJ,results/jerky_area_loss_factorial_long_20260822/20260823T012141Z-b907865386/GSC_GBTJ-T900-s5101
67.99999999999943,1700,144,1.8013263369851724,1.8059850825357648,1.9336905294053066,5259.0,GSC_GBTJ,results/jerky_area_loss_factorial_long_20260822/20260823T012141Z-b907865386/GSC_GBTJ-T900-s5101
69.99999999999974,1750,143,1.8066740112406128,1.797514651390818,1.9533836711622274,5236.0,GSC_GBTJ,results/jerky_area_loss_factorial_long_20260822/20260823T012141Z-b907865386/GSC_GBTJ-T900-s5101
72.00000000000006,1800,140,1.8089083585040369,1.8082916759139083,1.9602954673634072,5225.0,GSC_GBTJ,results/jerky_area_loss_factorial_long_20260822/20260823T012141Z-b907865386/GSC_GBTJ-T900-s5101
74.00000000000037,1850,140,1.7992053049550651,1.793825810777755,1.9525155069262958,5200.0,GSC_GBTJ,results/jerky_area_loss_factorial_long_20260822/20260823T012141Z-b907865386/GSC_GBTJ-T900-s5101
76.00000000000068,1900,139,1.8045078286582998,1.797514651390818,1.9507284711115918,5171.0,GSC_GBTJ,results/jerky_area_loss_factorial_long_20260822/20260823T012141Z-b907865386/GSC_GBTJ-T900-s5101
78.000000000001,1950,138,1.8066359487339354,1.7916078719087363,1.9599416945518768,5153.0,GSC_GBTJ,results/jerky_area_loss_factorial_long_20260822/20260823T012141Z-b907865386/GSC_GBTJ-T900-s5101
80.00000000000131,2000,137,1.8114521202367795,1.7998348129653032,1.9674797793870211,5139.0,GSC_GBTJ,results/jerky_area_loss_factorial_long_20260822/20260823T012141Z-b907865386/GSC_GBTJ-T900-s5101
82.00000000000162,2050,137,1.8084337176878513,1.7932951334298066,1.9943721724001833,5123.0,GSC_GBTJ,results/jerky_area_loss_factorial_long_20260822/20260823T012141Z-b907865386/GSC_GBTJ-T900-s5101
84.00000000000193,2100,134,1.8159298819718757,1.8117641216035327,1.9693326718356061,5110.0,GSC_GBTJ,results/jerky_area_loss_factorial_long_20260822/20260823T012141Z-b907865386/GSC_GBTJ-T900-s5101
86.00000000000225,2150,132,1.8088244753281768,1.7905748631527256,1.9736687537290507,5080.0,GSC_GBTJ,results/jerky_area_loss_factorial_long_20260822/20260823T012141Z-b907865386/GSC_GBTJ-T900-s5101
88.00000000000256,2200,132,1.813627805237833,1.796135002927774,1.9736687537290507,5069.0,GSC_GBTJ,results/jerky_area_loss_factorial_long_20260822/20260823T012141Z-b907865386/GSC_GBTJ-T900-s5101
90.00000000000287,2250,132,1.81374921900199,1.7984508569384174,1.973964975481799,5052.0,GSC_GBTJ,results/jerky_area_loss_factorial_long_20260822/20260823T012141Z-b907865386/GSC_GBTJ-T900-s5101
92.00000000000318,2300,131,1.816614052764661,1.799675125731432,1.969739394701675,5040.0,GSC_GBTJ,results/jerky_area_loss_factorial_long_20260822/20260823T012141Z-b907865386/GSC_GBTJ-T900-s5101
94.0000000000035,2350,130,1.8149411946848855,1.819902175355151,1.9753802771393851,5026.0,GSC_GBTJ,results/jerky_area_loss_factorial_long_20260822/20260823T012141Z-b907865386/GSC_GBTJ-T900-s5101
96.00000000000381,2400,130,1.810259652773462,1.797889133609858,1.9872015928989164,5007.0,GSC_GBTJ,results/jerky_area_loss_factorial_long_20260822/20260823T012141Z-b907865386/GSC_GBTJ-T900-s5101
98.00000000000412,2450,130,1.8178817788467276,1.8117707102744047,1.9904839588990133,5002.0,GSC_GBTJ,results/jerky_area_loss_factorial_long_20260822/20260823T012141Z-b907865386/GSC_GBTJ-T900-s5101
100.00000000000443,2500,129,1.8148493194335975,1.807699049577541,1.9819963671961958,4992.0,GSC_GBTJ,results/jerky_area_loss_factorial_long_20260822/20260823T012141Z-b907865386/GSC_GBTJ-T900-s5101
102.00000000000475,2550,128,1.80898368834593,1.807370759900993,1.9717750802303433,4979.0,GSC_GBTJ,results/jerky_area_loss_factorial_long_20260822/20260823T012141Z-b907865386/GSC_GBTJ-T900-s5101
104.00000000000506,2600,128,1.804703777692814,1.8074482924515185,1.961501200735359,4969.0,GSC_GBTJ,results/jerky_area_loss_factorial_long_20260822/20260823T012141Z-b907865386/GSC_GBTJ-T900-s5101
106.00000000000537,2650,128,1.804687855614461,1.8100849902053688,1.9718439273239659,4952.0,GSC_GBTJ,results/jerky_area_loss_factorial_long_20260822/20260823T012141Z-b907865386/GSC_GBTJ-T900-s5101
108.00000000000568,2700,126,1.809922929399982,1.793376351506502,1.9789746815215472,4945.0,GSC_GBTJ,results/jerky_area_loss_factorial_long_20260822/20260823T012141Z-b907865386/GSC_GBTJ-T900-s5101
110.000000000006,2750,125,1.817519110114232,1.800686918122353,1.9749449476292513,4938.0,GSC_GBTJ,results/jerky_area_loss_factorial_long_20260822/20260823T012141Z-b907865386/GSC_GBTJ-T900-s5101
112.00000000000631,2800,123,1.8099753258773796,1.7968892113590187,1.9673112352445008,4924.0,GSC_GBTJ,results/jerky_area_loss_factorial_long_20260822/20260823T012141Z-b907865386/GSC_GBTJ-T900-s5101
114.00000000000662,2850,123,1.8168734976751697,1.8037560217081472,1.9915024138386224,4915.0,GSC_GBTJ,results/jerky_area_loss_factorial_long_20260822/20260823T012141Z-b907865386/GSC_GBTJ-T900-s5101
116.00000000000693,2900,122,1.819450678934662,1.8081366262024061,1.9936674405558676,4884.0,GSC_GBTJ,results/jerky_area_loss_factorial_long_20260822/20260823T012141Z-b907865386/GSC_GBTJ-T900-s5101
118.00000000000725,2950,122,1.8173997656205234,1.8083687734223028,1.9920893710335565,4874.0,GSC_GBTJ,results/jerky_area_loss_factorial_long_20260822/20260823T012141Z-b907865386/GSC_GBTJ-T900-s5101
120.00000000000756,3000,122,1.8119661477085283,1.8053317258375734,1.9778976776528676,4862.0,GSC_GBTJ,results/jerky_area_loss_factorial_long_20260822/20260823T012141Z-b907865386/GSC_GBTJ-T900-s5101
122.00000000000787,3050,121,1.8172518435983303,1.8008249914486278,1.9832026088501615,4856.0,GSC_GBTJ,results/jerky_area_loss_factorial_long_20260822/20260823T012141Z-b907865386/GSC_GBTJ-T900-s5101
124.00000000000819,3100,121,1.815684520971263,1.7968892113590187,1.9784480937918159,4848.0,GSC_GBTJ,results/jerky_area_loss_factorial_long_20260822/20260823T012141Z-b907865386/GSC_GBTJ-T900-s5101
126.0000000000085,3150,121,1.810905230296798,1.7982636158288976,1.9815046291055267,4837.0,GSC_GBTJ,results/jerky_area_loss_factorial_long_20260822/20260823T012141Z-b907865386/GSC_GBTJ-T900-s5101
128.0000000000088,3200,121,1.8094411678339186,1.793607010844316,1.9665076866778255,4825.0,GSC_GBTJ,results/jerky_area_loss_factorial_long_20260822/20260823T012141Z-b907865386/GSC_GBTJ-T900-s5101
130.0000000000084,3250,121,1.8074929734326917,1.7993870624860167,1.9606148798199772,4820.0,GSC_GBTJ,results/jerky_area_loss_factorial_long_20260822/20260823T012141Z-b907865386/GSC_GBTJ-T900-s5101
132.00000000000801,3300,121,1.8024106422379376,1.7954667017554444,1.9606148798199772,4811.0,GSC_GBTJ,results/jerky_area_loss_factorial_long_20260822/20260823T012141Z-b907865386/GSC_GBTJ-T900-s5101
134.00000000000762,3350,121,1.8078337941576088,1.80039528384497,1.9625730562159833,4812.0,GSC_GBTJ,results/jerky_area_loss_factorial_long_20260822/20260823T012141Z-b907865386/GSC_GBTJ-T900-s5101
136.00000000000722,3400,121,1.8119663653869365,1.808158648073068,1.9365973475421827,4810.0,GSC_GBTJ,results/jerky_area_loss_factorial_long_20260822/20260823T012141Z-b907865386/GSC_GBTJ-T900-s5101
138.00000000000682,3450,121,1.8165124541758801,1.805820288155513,1.9588300688233273,4808.0,GSC_GBTJ,results/jerky_area_loss_factorial_long_20260822/20260823T012141Z-b907865386/GSC_GBTJ-T900-s5101
140.00000000000642,3500,120,1.8093857841709566,1.7948403867693774,1.9672368130993445,4795.0,GSC_GBTJ,results/jerky_area_loss_factorial_long_20260822/20260823T012141Z-b907865386/GSC_GBTJ-T900-s5101
142.00000000000603,3550,120,1.8090372966445405,1.793376351506502,1.9672368130993445,4791.0,GSC_GBTJ,results/jerky_area_loss_factorial_long_20260822/20260823T012141Z-b907865386/GSC_GBTJ-T900-s5101
144.00000000000563,3600,119,1.8043939017025084,1.8018407997696166,1.9627997908897135,4778.0,GSC_GBTJ,results/jerky_area_loss_factorial_long_20260822/20260823T012141Z-b907865386/GSC_GBTJ-T900-s5101
146.00000000000523,3650,118,1.8063274777092149,1.7944831844440712,1.9782022022048296,4764.0,GSC_GBTJ,results/jerky_area_loss_factorial_long_20260822/20260823T012141Z-b907865386/GSC_GBTJ-T900-s5101
148.00000000000483,3700,118,1.8000243932093294,1.8016676020428732,1.9610363131186126,4747.0,GSC_GBTJ,results/jerky_area_loss_factorial_long_20260822/20260823T012141Z-b907865386/GSC_GBTJ-T900-s5101
150.00000000000443,3750,118,1.8046229256687407,1.8001616890793433,1.9586300871725504,4739.0,GSC_GBTJ,results/jerky_area_loss_factorial_long_20260822/20260823T012141Z-b907865386/GSC_GBTJ-T900-s5101
152.00000000000404,3800,118,1.8048596818891665,1.797549283552749,1.9645098160714134,4725.0,GSC_GBTJ,results/jerky_area_loss_factorial_long_20260822/20260823T012141Z-b907865386/GSC_GBTJ-T900-s5101
154.00000000000364,3850,116,1.8060739347706858,1.8009173198574038,1.9587217841794438,4718.0,GSC_GBTJ,results/jerky_area_loss_factorial_long_20260822/20260823T012141Z-b907865386/GSC_GBTJ-T900-s5101
156.00000000000324,3900,116,1.7992573964077663,1.7960150500504093,1.9611883238137358,4706.0,GSC_GBTJ,results/jerky_area_loss_factorial_long_20260822/20260823T012141Z-b907865386/GSC_GBTJ-T900-s5101
158.00000000000284,3950,116,1.8025417878508105,1.7919724749927424,1.982324243922824,4694.0,GSC_GBTJ,results/jerky_area_loss_factorial_long_20260822/20260823T012141Z-b907865386/GSC_GBTJ-T900-s5101
160.00000000000244,4000,115,1.8095212332733652,1.80039528384497,1.9807251496583984,4693.0,GSC_GBTJ,results/jerky_area_loss_factorial_long_20260822/20260823T012141Z-b907865386/GSC_GBTJ-T900-s5101
162.00000000000205,4050,113,1.8100403598388657,1.809340405676284,1.9818084896948622,4687.0,GSC_GBTJ,results/jerky_area_loss_factorial_long_20260822/20260823T012141Z-b907865386/GSC_GBTJ-T900-s5101
164.00000000000165,4100,113,1.808120661632273,1.809340405676284,1.9800508189428707,4677.0,GSC_GBTJ,results/jerky_area_loss_factorial_long_20260822/20260823T012141Z-b907865386/GSC_GBTJ-T900-s5101
166.00000000000125,4150,113,1.8076038293504855,1.809340405676284,1.9747962871916576,4662.0,GSC_GBTJ,results/jerky_area_loss_factorial_long_20260822/20260823T012141Z-b907865386/GSC_GBTJ-T900-s5101
168.00000000000085,4200,112,1.8122462405454431,1.8022996458244007,1.9807395336777103,4645.0,GSC_GBTJ,results/jerky_area_loss_factorial_long_20260822/20260823T012141Z-b907865386/GSC_GBTJ-T900-s5101
170.00000000000045,4250,112,1.8016234912655829,1.8049458492659842,1.9498778100471563,4631.0,GSC_GBTJ,results/jerky_area_loss_factorial_long_20260822/20260823T012141Z-b907865386/GSC_GBTJ-T900-s5101
172.00000000000006,4300,112,1.8066173371083791,1.798209958233184,1.9789450102772708,4632.0,GSC_GBTJ,results/jerky_area_loss_factorial_long_20260822/20260823T012141Z-b907865386/GSC_GBTJ-T900-s5101
173.99999999999966,4350,112,1.8051774053257736,1.7963311861387736,1.9710232710283528,4624.0,GSC_GBTJ,results/jerky_area_loss_factorial_long_20260822/20260823T012141Z-b907865386/GSC_GBTJ-T900-s5101
175.99999999999926,4400,111,1.7998103412208644,1.7963311861387736,1.964096476480429,4615.0,GSC_GBTJ,results/jerky_area_loss_factorial_long_20260822/20260823T012141Z-b907865386/GSC_GBTJ-T900-s5101
177.99999999999886,4450,111,1.8026132466863707,1.7963311861387736,1.9928773766792698,4614.0,GSC_GBTJ,results/jerky_area_loss_factorial_long_20260822/20260823T012141Z-b907865386/GSC_GBTJ-T900-s5101
179.99999999999847,4500,110,1.8035407413732292,1.800413209177927,1.963029515968081,4598.0,GSC_GBTJ,results/jerky_area_loss_factorial_long_20260822/20260823T012141Z-b907865386/GSC_GBTJ-T900-s5101
181.99999999999807,4550,110,1.806943872971918,1.8054613216173738,1.959040275622626,4593.0,GSC_GBTJ,results/jerky_area_loss_factorial_long_20260822/20260823T012141Z-b907865386/GSC_GBTJ-T900-s5101
183.99999999999767,4600,110,1.808796915607829,1.8070788968395772,1.9727957425313554,4584.0,GSC_GBTJ,results/jerky_area_loss_factorial_long_20260822/20260823T012141Z-b907865386/GSC_GBTJ-T900-s5101
185.99999999999727,4650,110,1.8008622500191196,1.800610137646799,1.9482087482475712,4569.0,GSC_GBTJ,results/jerky_area_loss_factorial_long_20260822/20260823T012141Z-b907865386/GSC_GBTJ-T900-s5101
187.99999999999687,4700,109,1.79785580053772,1.799862322794584,1.9495586637584614,4561.0,GSC_GBTJ,results/jerky_area_loss_factorial_long_20260822/20260823T012141Z-b907865386/GSC_GBTJ-T900-s5101
189.99999999999648,4750,109,1.7963818126588038,1.799862322794584,1.9559496903932014,4547.0,GSC_GBTJ,results/jerky_area_loss_factorial_long_20260822/20260823T012141Z-b907865386/GSC_GBTJ-T900-s5101
191.99999999999608,4800,109,1.7988736042408136,1.799862322794584,1.9705707087303401,4546.0,GSC_GBTJ,results/jerky_area_loss_factorial_long_20260822/20260823T012141Z-b907865386/GSC_GBTJ-T900-s5101
193.99999999999568,4850,108,1.7993721746058298,1.8001790936908342,1.960924257005617,4540.0,GSC_GBTJ,results/jerky_area_loss_factorial_long_20260822/20260823T012141Z-b907865386/GSC_GBTJ-T900-s5101
195.99999999999528,4900,108,1.802580589584659,1.8019735517572593,1.9649171195448982,4537.0,GSC_GBTJ,results/jerky_area_loss_factorial_long_20260822/20260823T012141Z-b907865386/GSC_GBTJ-T900-s5101
197.99999999999488,4950,108,1.8030475730820867,1.7996246926403003,1.9600556430651215,4530.0,GSC_GBTJ,results/jerky_area_loss_factorial_long_20260822/20260823T012141Z-b907865386/GSC_GBTJ-T900-s5101
199.9999999999945,5000,108,1.8068033532879602,1.8036572610851445,1.960010613730877,4525.0,GSC_GBTJ,results/jerky_area_loss_factorial_long_20260822/20260823T012141Z-b907865386/GSC_GBTJ-T900-s5101
201.9999999999941,5050,108,1.80835634186907,1.8016852525878102,1.96170932015233,4522.0,GSC_GBTJ,results/jerky_area_loss_factorial_long_20260822/20260823T012141Z-b907865386/GSC_GBTJ-T900-s5101
203.9999999999937,5100,107,1.8036933375655726,1.8014393558698374,1.9588146810061695,4516.0,GSC_GBTJ,results/jerky_area_loss_factorial_long_20260822/20260823T012141Z-b907865386/GSC_GBTJ-T900-s5101
205.9999999999933,5150,107,1.8012227909921026,1.799862322794584,1.9526427265405717,4506.0,GSC_GBTJ,results/jerky_area_loss_factorial_long_20260822/20260823T012141Z-b907865386/GSC_GBTJ-T900-s5101
207.9999999999929,5200,106,1.8013940488718614,1.8016852525878102,1.9590243693064755,4492.0,GSC_GBTJ,results/jerky_area_loss_factorial_long_20260822/20260823T012141Z-b907865386/GSC_GBTJ-T900-s5101
209.9999999999925,5250,106,1.800633500772403,1.8016852525878102,1.952382349883813,4489.0,GSC_GBTJ,results/jerky_area_loss_factorial_long_20260822/20260823T012141Z-b907865386/GSC_GBTJ-T900-s5101
211.9999999999921,5300,105,1.8024663926898865,1.810601395604573,1.9488360378599427,4487.0,GSC_GBTJ,results/jerky_area_loss_factorial_long_20260822/20260823T012141Z-b907865386/GSC_GBTJ-T900-s5101
213.9999999999917,5350,105,1.8033729542738557,1.812698668472612,1.959409711465929,4481.0,GSC_GBTJ,results/jerky_area_loss_factorial_long_20260822/20260823T012141Z-b907865386/GSC_GBTJ-T900-s5101
215.9999999999913,5400,105,1.80366633882119,1.8093404056762838,1.9688464393853355,4473.0,GSC_GBTJ,results/jerky_area_loss_factorial_long_20260822/20260823T012141Z-b907865386/GSC_GBTJ-T900-s5101
217.9999999999909,5450,105,1.8026361066709031,1.8099387325300127,1.9544933508397622,4463.0,GSC_GBTJ,results/jerky_area_loss_factorial_long_20260822/20260823T012141Z-b907865386/GSC_GBTJ-T900-s5101
219.9999999999905,5500,105,1.7998914222290556,1.8025048036020788,1.9616575467500514,4458.0,GSC_GBTJ,results/jerky_area_loss_factorial_long_20260822/20260823T012141Z-b907865386/GSC_GBTJ-T900-s5101
221.9999999999901,5550,105,1.8025539046030576,1.8008249914486278,1.9593026005003238,4458.0,GSC_GBTJ,results/jerky_area_loss_factorial_long_20260822/20260823T012141Z-b907865386/GSC_GBTJ-T900-s5101
223.9999999999897,5600,105,1.80677566470636,1.8027870418415297,1.95764548000471,4458.0,GSC_GBTJ,results/jerky_area_loss_factorial_long_20260822/20260823T012141Z-b907865386/GSC_GBTJ-T900-s5101
225.9999999999893,5650,104,1.8085157552237752,1.8071475631975233,1.9483691292258722,4457.0,GSC_GBTJ,results/jerky_area_loss_factorial_long_20260822/20260823T012141Z-b907865386/GSC_GBTJ-T900-s5101
227.99999999998892,5700,104,1.8057646226721666,1.811294791938236,1.9508218968046525,4450.0,GSC_GBTJ,results/jerky_area_loss_factorial_long_20260822/20260823T012141Z-b907865386/GSC_GBTJ-T900-s5101
229.99999999998852,5750,104,1.8074869520118726,1.8087328875328845,1.9531914820122716,4446.0,GSC_GBTJ,results/jerky_area_loss_factorial_long_20260822/20260823T012141Z-b907865386/GSC_GBTJ-T900-s5101
231.99999999998812,5800,103,1.8025065197951813,1.8014393558698374,1.9479794929884642,4437.0,GSC_GBTJ,results/jerky_area_loss_factorial_long_20260822/20260823T012141Z-b907865386/GSC_GBTJ-T900-s5101
233.99999999998772,5850,103,1.7987549248022014,1.8075639703193727,1.9558398342234025,4429.0,GSC_GBTJ,results/jerky_area_loss_factorial_long_20260822/20260823T012141Z-b907865386/GSC_GBTJ-T900-s5101
235.99999999998732,5900,103,1.7984483783483953,1.799862322794584,1.9669507299530489,4423.0,GSC_GBTJ,results/jerky_area_loss_factorial_long_20260822/20260823T012141Z-b907865386/GSC_GBTJ-T900-s5101
237.99999999998693,5950,102,1.8017787367507165,1.8081366262024061,1.9445579623534095,4419.0,GSC_GBTJ,results/jerky_area_loss_factorial_long_20260822/20260823T012141Z-b907865386/GSC_GBTJ-T900-s5101
239.99999999998653,6000,102,1.8047066726951537,1.8068650580285848,1.9572648952954208,4421.0,GSC_GBTJ,results/jerky_area_loss_factorial_long_20260822/20260823T012141Z-b907865386/GSC_GBTJ-T900-s5101
241.99999999998613,6050,101,1.807533796589774,1.8073607126890567,1.960072810808006,4418.0,GSC_GBTJ,results/jerky_area_loss_factorial_long_20260822/20260823T012141Z-b907865386/GSC_GBTJ-T900-s5101
243.99999999998573,6100,101,1.8105134236110225,1.810938398627166,1.9806944748732216,4417.0,GSC_GBTJ,results/jerky_area_loss_factorial_long_20260822/20260823T012141Z-b907865386/GSC_GBTJ-T900-s5101
245.99999999998533,6150,101,1.8104571667339486,1.8209947722184823,1.9649996123471802,4412.0,GSC_GBTJ,results/jerky_area_loss_factorial_long_20260822/20260823T012141Z-b907865386/GSC_GBTJ-T900-s5101
247.99999999998494,6200,101,1.8135889333075597,1.8196715160173367,1.978169182058115,4412.0,GSC_GBTJ,results/jerky_area_loss_factorial_long_20260822/20260823T012141Z-b907865386/GSC_GBTJ-T900-s5101
249.99999999998454,6250,101,1.8138858313805126,1.8209947722184823,1.969542420762205,4406.0,GSC_GBTJ,results/jerky_area_loss_factorial_long_20260822/20260823T012141Z-b907865386/GSC_GBTJ-T900-s5101
251.99999999998414,6300,101,1.8112864831260715,1.8192745308985134,1.969542420762205,4396.0,GSC_GBTJ,results/jerky_area_loss_factorial_long_20260822/20260823T012141Z-b907865386/GSC_GBTJ-T900-s5101
253.99999999998374,6350,101,1.8159710084739653,1.82396617321188,1.9806944748732216,4391.0,GSC_GBTJ,results/jerky_area_loss_factorial_long_20260822/20260823T012141Z-b907865386/GSC_GBTJ-T900-s5101
255.99999999998334,6400,101,1.8027294693648406,1.810938398627166,1.960072810808006,4372.0,GSC_GBTJ,results/jerky_area_loss_factorial_long_20260822/20260823T012141Z-b907865386/GSC_GBTJ-T900-s5101
257.99999999998437,6450,101,1.8019072043032276,1.796744790734936,1.960072810808006,4367.0,GSC_GBTJ,results/jerky_area_loss_factorial_long_20260822/20260823T012141Z-b907865386/GSC_GBTJ-T900-s5101
259.9999999999854,6500,100,1.801501574896801,1.8107698971158697,1.9385902321074981,4361.0,GSC_GBTJ,results/jerky_area_loss_factorial_long_20260822/20260823T012141Z-b907865386/GSC_GBTJ-T900-s5101
261.9999999999864,6550,100,1.802108318099797,1.7949208197097786,1.9600399015574732,4359.0,GSC_GBTJ,results/jerky_area_loss_factorial_long_20260822/20260823T012141Z-b907865386/GSC_GBTJ-T900-s5101
263.99999999998744,6600,100,1.800959345728975,1.8140359469842415,1.957547736323438,4349.0,GSC_GBTJ,results/jerky_area_loss_factorial_long_20260822/20260823T012141Z-b907865386/GSC_GBTJ-T900-s5101
265.99999999998846,6650,99,1.797586366406176,1.7993870624860167,1.9420320721506357,4334.0,GSC_GBTJ,results/jerky_area_loss_factorial_long_20260822/20260823T012141Z-b907865386/GSC_GBTJ-T900-s5101
267.9999999999895,6700,99,1.797226959689806,1.8029398425128043,1.9719346182707944,4316.0,GSC_GBTJ,results/jerky_area_loss_factorial_long_20260822/20260823T012141Z-b907865386/GSC_GBTJ-T900-s5101
269.9999999999905,6750,97,1.803247027316121,1.7987608990353496,1.9676628578663855,4312.0,GSC_GBTJ,results/jerky_area_loss_factorial_long_20260822/20260823T012141Z-b907865386/GSC_GBTJ-T900-s5101
271.99999999999153,6800,96,1.7891981604613456,1.7951527768190843,1.9437866040692937,4298.0,GSC_GBTJ,results/jerky_area_loss_factorial_long_20260822/20260823T012141Z-b907865386/GSC_GBTJ-T900-s5101
273.99999999999255,6850,96,1.7884807377007848,1.791043238329537,1.9421111221808238,4290.0,GSC_GBTJ,results/jerky_area_loss_factorial_long_20260822/20260823T012141Z-b907865386/GSC_GBTJ-T900-s5101
275.9999999999936,6900,96,1.7896099072364462,1.788518573731734,1.9462550049400142,4280.0,GSC_GBTJ,results/jerky_area_loss_factorial_long_20260822/20260823T012141Z-b907865386/GSC_GBTJ-T900-s5101
277.9999999999946,6950,96,1.7879219464201253,1.7973851107545413,1.9369982770970138,4273.0,GSC_GBTJ,results/jerky_area_loss_factorial_long_20260822/20260823T012141Z-b907865386/GSC_GBTJ-T900-s5101
279.9999999999956,7000,96,1.7881395374864955,1.7998911731654932,1.9409122148882294,4272.0,GSC_GBTJ,results/jerky_area_loss_factorial_long_20260822/20260823T012141Z-b907865386/GSC_GBTJ-T900-s5101
281.99999999999665,7050,96,1.7901157396605047,1.8021494764139576,1.9421111221808238,4268.0,GSC_GBTJ,results/jerky_area_loss_factorial_long_20260822/20260823T012141Z-b907865386/GSC_GBTJ-T900-s5101
283.99999999999767,7100,95,1.794233979422057,1.8053833728645061,1.9364932780531736,4268.0,GSC_GBTJ,results/jerky_area_loss_factorial_long_20260822/20260823T012141Z-b907865386/GSC_GBTJ-T900-s5101
285.9999999999987,7150,94,1.8011753434654003,1.8058557978365641,1.9474108062315019,4269.0,GSC_GBTJ,results/jerky_area_loss_factorial_long_20260822/20260823T012141Z-b907865386/GSC_GBTJ-T900-s5101
287.9999999999997,7200,93,1.8035039970179374,1.8131575795279216,1.9448484787294398,4266.0,GSC_GBTJ,results/jerky_area_loss_factorial_long_20260822/20260823T012141Z-b907865386/GSC_GBTJ-T900-s5101
290.00000000000074,7250,93,1.8049516829758714,1.8131575795279216,1.9537755463171318,4261.0,GSC_GBTJ,results/jerky_area_loss_factorial_long_20260822/20260823T012141Z-b907865386/GSC_GBTJ-T900-s5101
292.00000000000176,7300,93,1.8080206147029734,1.812478799361881,1.9628945666792228,4261.0,GSC_GBTJ,results/jerky_area_loss_factorial_long_20260822/20260823T012141Z-b907865386/GSC_GBTJ-T900-s5101
294.0000000000028,7350,93,1.8138569274717908,1.8128742736561203,1.9729771748759404,4260.0,GSC_GBTJ,results/jerky_area_loss_factorial_long_20260822/20260823T012141Z-b907865386/GSC_GBTJ-T900-s5101
296.0000000000038,7400,93,1.8094503473410124,1.8100393931716228,1.9866516431182792,4251.0,GSC_GBTJ,results/jerky_area_loss_factorial_long_20260822/20260823T012141Z-b907865386/GSC_GBTJ-T900-s5101
298.00000000000483,7450,93,1.811384055193434,1.810601395604573,1.977998782015216,4247.0,GSC_GBTJ,results/jerky_area_loss_factorial_long_20260822/20260823T012141Z-b907865386/GSC_GBTJ-T900-s5101
300.00000000000585,7500,93,1.8104700447987472,1.810293191566582,1.9588393055100615,4238.0,GSC_GBTJ,results/jerky_area_loss_factorial_long_20260822/20260823T012141Z-b907865386/GSC_GBTJ-T900-s5101
302.0000000000069,7550,93,1.8107169065088293,1.8053833728645061,1.969111084637448,4235.0,GSC_GBTJ,results/jerky_area_loss_factorial_long_20260822/20260823T012141Z-b907865386/GSC_GBTJ-T900-s5101
304.0000000000079,7600,93,1.8097279840151022,1.803159935778964,1.9632064307880772,4229.0,GSC_GBTJ,results/jerky_area_loss_factorial_long_20260822/20260823T012141Z-b907865386/GSC_GBTJ-T900-s5101
306.0000000000089,7650,92,1.8116209756278956,1.8025631033214207,1.9634256067884184,4225.0,GSC_GBTJ,results/jerky_area_loss_factorial_long_20260822/20260823T012141Z-b907865386/GSC_GBTJ-T900-s5101
308.00000000000995,7700,92,1.8091233238913242,1.8049305928488932,1.957357823902252,4211.0,GSC_GBTJ,results/jerky_area_loss_factorial_long_20260822/20260823T012141Z-b907865386/GSC_GBTJ-T900-s5101
310.00000000001097,7750,92,1.809249105634697,1.8044505754323321,1.957357823902252,4210.0,GSC_GBTJ,results/jerky_area_loss_factorial_long_20260822/20260823T012141Z-b907865386/GSC_GBTJ-T900-s5101
312.000000000012,7800,92,1.8137093967341709,1.8075609369148187,1.956960848603473,4210.0,GSC_GBTJ,results/jerky_area_loss_factorial_long_20260822/20260823T012141Z-b907865386/GSC_GBTJ-T900-s5101
314.000000000013,7850,91,1.8033868267554214,1.8044778128332806,1.953118469991819,4200.0,GSC_GBTJ,results/jerky_area_loss_factorial_long_20260822/20260823T012141Z-b907865386/GSC_GBTJ-T900-s5101
316.00000000001404,7900,91,1.8089641864659067,1.8053833728645061,1.9573877795603236,4202.0,GSC_GBTJ,results/jerky_area_loss_factorial_long_20260822/20260823T012141Z-b907865386/GSC_GBTJ-T900-s5101
318.00000000001506,7950,91,1.8127753266235391,1.810601395604573,1.9570882229796074,4195.0,GSC_GBTJ,results/jerky_area_loss_factorial_long_20260822/20260823T012141Z-b907865386/GSC_GBTJ-T900-s5101
320.0000000000161,8000,90,1.8095899901812253,1.807054394710124,1.957118178637679,4188.0,GSC_GBTJ,results/jerky_area_loss_factorial_long_20260822/20260823T012141Z-b907865386/GSC_GBTJ-T900-s5101
322.0000000000171,8050,90,1.8145224606838655,1.807054394710124,1.95494790734739,4182.0,GSC_GBTJ,results/jerky_area_loss_factorial_long_20260822/20260823T012141Z-b907865386/GSC_GBTJ-T900-s5101
324.00000000001813,8100,90,1.8155836236496854,1.8126954631917878,1.95494790734739,4181.0,GSC_GBTJ,results/jerky_area_loss_factorial_long_20260822/20260823T012141Z-b907865386/GSC_GBTJ-T900-s5101
326.00000000001916,8150,90,1.8166883430911045,1.8102169047872934,1.9532776324425736,4179.0,GSC_GBTJ,results/jerky_area_loss_factorial_long_20260822/20260823T012141Z-b907865386/GSC_GBTJ-T900-s5101
328.0000000000202,8200,90,1.8123865385451141,1.809032911116013,1.9641959457823792,4176.0,GSC_GBTJ,results/jerky_area_loss_factorial_long_20260822/20260823T012141Z-b907865386/GSC_GBTJ-T900-s5101
330.0000000000212,8250,90,1.8091691403933667,1.8049305928488932,1.9611931127785593,4170.0,GSC_GBTJ,results/jerky_area_loss_factorial_long_20260822/20260823T012141Z-b907865386/GSC_GBTJ-T900-s5101
332.0000000000222,8300,89,1.8124286859606211,1.7969106478117216,1.9546708394750925,4169.0,GSC_GBTJ,results/jerky_area_loss_factorial_long_20260822/20260823T012141Z-b907865386/GSC_GBTJ-T900-s5101
334.00000000002325,8350,89,1.8126892498055653,1.8045914807270023,1.9480136188249526,4170.0,GSC_GBTJ,results/jerky_area_loss_factorial_long_20260822/20260823T012141Z-b907865386/GSC_GBTJ-T900-s5101
336.0000000000243,8400,89,1.8122781864179418,1.8045914807270023,1.9480296950818308,4162.0,GSC_GBTJ,results/jerky_area_loss_factorial_long_20260822/20260823T012141Z-b907865386/GSC_GBTJ-T900-s5101
338.0000000000253,8450,89,1.8197422602271662,1.8087254165557423,1.944515321449029,4161.0,GSC_GBTJ,results/jerky_area_loss_factorial_long_20260822/20260823T012141Z-b907865386/GSC_GBTJ-T900-s5101
340.0000000000263,8500,89,1.815606064904856,1.8053833728645061,1.9477212934192738,4157.0,GSC_GBTJ,results/jerky_area_loss_factorial_long_20260822/20260823T012141Z-b907865386/GSC_GBTJ-T900-s5101
342.00000000002734,8550,89,1.8154493004181496,1.8045914807270023,1.9488919937597093,4155.0,GSC_GBTJ,results/jerky_area_loss_factorial_long_20260822/20260823T012141Z-b907865386/GSC_GBTJ-T900-s5101
344.00000000002836,8600,89,1.8108308281937546,1.80039528384497,1.9488919937597093,4148.0,GSC_GBTJ,results/jerky_area_loss_factorial_long_20260822/20260823T012141Z-b907865386/GSC_GBTJ-T900-s5101
346.0000000000294,8650,89,1.8108386378787942,1.7963311861387736,1.9444834106834967,4146.0,GSC_GBTJ,results/jerky_area_loss_factorial_long_20260822/20260823T012141Z-b907865386/GSC_GBTJ-T900-s5101
348.0000000000304,8700,89,1.8092537035344456,1.7963311861387736,1.9481775497071316,4141.0,GSC_GBTJ,results/jerky_area_loss_factorial_long_20260822/20260823T012141Z-b907865386/GSC_GBTJ-T900-s5101
350.00000000003143,8750,88,1.8108689563546638,1.802315413317963,1.949339657379021,4143.0,GSC_GBTJ,results/jerky_area_loss_factorial_long_20260822/20260823T012141Z-b907865386/GSC_GBTJ-T900-s5101
352.00000000003246,8800,88,1.8089732531080238,1.7927902643044042,1.949339657379021,4137.0,GSC_GBTJ,results/jerky_area_loss_factorial_long_20260822/20260823T012141Z-b907865386/GSC_GBTJ-T900-s5101
354.0000000000335,8850,88,1.8115545577914143,1.7971122717542818,1.9517395487738078,4135.0,GSC_GBTJ,results/jerky_area_loss_factorial_long_20260822/20260823T012141Z-b907865386/GSC_GBTJ-T900-s5101
356.0000000000345,8900,87,1.8093027816617289,1.7988209847130496,1.954004483799766,4126.0,GSC_GBTJ,results/jerky_area_loss_factorial_long_20260822/20260823T012141Z-b907865386/GSC_GBTJ-T900-s5101
358.0000000000355,8950,87,1.810543754009376,1.8041579281300963,1.9564482460529877,4123.0,GSC_GBTJ,results/jerky_area_loss_factorial_long_20260822/20260823T012141Z-b907865386/GSC_GBTJ-T900-s5101
360.00000000003655,9000,87,1.8138815487980753,1.80039528384497,1.9604195820543344,4114.0,GSC_GBTJ,results/jerky_area_loss_factorial_long_20260822/20260823T012141Z-b907865386/GSC_GBTJ-T900-s5101
362.0000000000376,9050,86,1.8106948577494035,1.799660428627074,1.9609036807957425,4111.0,GSC_GBTJ,results/jerky_area_loss_factorial_long_20260822/20260823T012141Z-b907865386/GSC_GBTJ-T900-s5101
364.0000000000386,9100,86,1.8107724742035527,1.8022214699152501,1.955475736856402,4108.0,GSC_GBTJ,results/jerky_area_loss_factorial_long_20260822/20260823T012141Z-b907865386/GSC_GBTJ-T900-s5101
366.0000000000396,9150,86,1.810084180617752,1.7982506123469728,1.95448982230695,4105.0,GSC_GBTJ,results/jerky_area_loss_factorial_long_20260822/20260823T012141Z-b907865386/GSC_GBTJ-T900-s5101
368.00000000004064,9200,86,1.8124338759935827,1.7947093415965005,1.9628312595291102,4105.0,GSC_GBTJ,results/jerky_area_loss_factorial_long_20260822/20260823T012141Z-b907865386/GSC_GBTJ-T900-s5101
370.00000000004167,9250,86,1.800506170238628,1.7897070101408916,1.9587524066058504,4097.0,GSC_GBTJ,results/jerky_area_loss_factorial_long_20260822/20260823T012141Z-b907865386/GSC_GBTJ-T900-s5101
372.0000000000427,9300,86,1.8043309484910592,1.7947093415965005,1.9608977204141786,4090.0,GSC_GBTJ,results/jerky_area_loss_factorial_long_20260822/20260823T012141Z-b907865386/GSC_GBTJ-T900-s5101
374.0000000000437,9350,86,1.8051757314094607,1.7959326198807828,1.9606437371597278,4090.0,GSC_GBTJ,results/jerky_area_loss_factorial_long_20260822/20260823T012141Z-b907865386/GSC_GBTJ-T900-s5101
376.00000000004474,9400,85,1.799313600077338,1.7889209104979604,1.9517574953981796,4085.0,GSC_GBTJ,results/jerky_area_loss_factorial_long_20260822/20260823T012141Z-b907865386/GSC_GBTJ-T900-s5101
378.00000000004576,9450,85,1.7979652869524427,1.7953593580438265,1.942671428727257,4080.0,GSC_GBTJ,results/jerky_area_loss_factorial_long_20260822/20260823T012141Z-b907865386/GSC_GBTJ-T900-s5101
380.0000000000468,9500,85,1.802257720072336,1.80039528384497,1.9516813172612673,4074.0,GSC_GBTJ,results/jerky_area_loss_factorial_long_20260822/20260823T012141Z-b907865386/GSC_GBTJ-T900-s5101
382.0000000000478,9550,85,1.8000965727911664,1.8044778128332806,1.9526040423907902,4070.0,GSC_GBTJ,results/jerky_area_loss_factorial_long_20260822/20260823T012141Z-b907865386/GSC_GBTJ-T900-s5101
384.00000000004883,9600,85,1.7954138156535353,1.8017540727384378,1.953025453955975,4064.0,GSC_GBTJ,results/jerky_area_loss_factorial_long_20260822/20260823T012141Z-b907865386/GSC_GBTJ-T900-s5101
386.00000000004985,9650,84,1.7958559944327193,1.801074678291704,1.9460170254077518,4064.0,GSC_GBTJ,results/jerky_area_loss_factorial_long_20260822/20260823T012141Z-b907865386/GSC_GBTJ-T900-s5101
388.0000000000509,9700,84,1.8038451595913032,1.801074678291704,1.9535845800919263,4070.0,GSC_GBTJ,results/jerky_area_loss_factorial_long_20260822/20260823T012141Z-b907865386/GSC_GBTJ-T900-s5101
390.0000000000519,9750,83,1.8013352128000413,1.80039528384497,1.946546166815548,4061.0,GSC_GBTJ,results/jerky_area_loss_factorial_long_20260822/20260823T012141Z-b907865386/GSC_GBTJ-T900-s5101
392.0000000000529,9800,83,1.8016745975952175,1.7889209104979604,1.9545651177930625,4061.0,GSC_GBTJ,results/jerky_area_loss_factorial_long_20260822/20260823T012141Z-b907865386/GSC_GBTJ-T900-s5101
394.00000000005394,9850,83,1.8035185692396427,1.8037560217081472,1.9545651177930625,4059.0,GSC_GBTJ,results/jerky_area_loss_factorial_long_20260822/20260823T012141Z-b907865386/GSC_GBTJ-T900-s5101
396.00000000005497,9900,83,1.8044123263306089,1.80039528384497,1.9555794257565093,4052.0,GSC_GBTJ,results/jerky_area_loss_factorial_long_20260822/20260823T012141Z-b907865386/GSC_GBTJ-T900-s5101
398.000000000056,9950,83,1.8099189488719163,1.80039528384497,1.9697605939953688,4051.0,GSC_GBTJ,results/jerky_area_loss_factorial_long_20260822/20260823T012141Z-b907865386/GSC_GBTJ-T900-s5101
400.000000000057,10000,83,1.8136876872145073,1.8045914807270023,1.9574951050719729,4053.0,GSC_GBTJ,results/jerky_area_loss_factorial_long_20260822/20260823T012141Z-b907865386/GSC_GBTJ-T900-s5101
0.0,0,190,1.7920895484123613,1.7854416702856883,1.956505991785691,6086.0,GTC_GB,results/jerky_area_loss_factorial_long_20260822/20260823T012141Z-b907865386/GTC_GB-T900-s5101
2.000000000000001,50,186,1.8034567858288677,1.787208321829825,1.9636797971484792,6033.0,GTC_GB,results/jerky_area_loss_factorial_long_20260822/20260823T012141Z-b907865386/GTC_GB-T900-s5101
4.000000000000003,100,180,1.7954716044134755,1.7931456921686877,1.9715002054402184,5965.0,GTC_GB,results/jerky_area_loss_factorial_long_20260822/20260823T012141Z-b907865386/GTC_GB-T900-s5101
6.000000000000004,150,178,1.7960927129442208,1.7837596314222424,1.960054337616342,5908.0,GTC_GB,results/jerky_area_loss_factorial_long_20260822/20260823T012141Z-b907865386/GTC_GB-T900-s5101
8.000000000000005,200,176,1.7952775575885218,1.7776103671101793,1.9611967404110393,5852.0,GTC_GB,results/jerky_area_loss_factorial_long_20260822/20260823T012141Z-b907865386/GTC_GB-T900-s5101
9.999999999999963,250,175,1.7949520622275508,1.776894427937363,1.9878348369339105,5802.0,GTC_GB,results/jerky_area_loss_factorial_long_20260822/20260823T012141Z-b907865386/GTC_GB-T900-s5101
11.99999999999992,300,175,1.7825554194763078,1.7800630528336256,1.9428422288090077,5750.0,GTC_GB,results/jerky_area_loss_factorial_long_20260822/20260823T012141Z-b907865386/GTC_GB-T900-s5101
13.999999999999877,350,173,1.7801735720718452,1.7728385051693243,1.956021851316221,5716.0,GTC_GB,results/jerky_area_loss_factorial_long_20260822/20260823T012141Z-b907865386/GTC_GB-T900-s5101
15.999999999999835,400,170,1.7909203624296022,1.778304419274379,1.9700342741379964,5689.0,GTC_GB,results/jerky_area_loss_factorial_long_20260822/20260823T012141Z-b907865386/GTC_GB-T900-s5101
17.999999999999794,450,166,1.77973584437837,1.7789179958380232,1.9585202590536959,5648.0,GTC_GB,results/jerky_area_loss_factorial_long_20260822/20260823T012141Z-b907865386/GTC_GB-T900-s5101
19.99999999999975,500,165,1.7820704372991383,1.7705133583441748,1.969878008963398,5611.0,GTC_GB,results/jerky_area_loss_factorial_long_20260822/20260823T012141Z-b907865386/GTC_GB-T900-s5101
21.99999999999971,550,163,1.772692137576803,1.7629470619409944,1.9397169560224097,5560.0,GTC_GB,results/jerky_area_loss_factorial_long_20260822/20260823T012141Z-b907865386/GTC_GB-T900-s5101
23.999999999999666,600,160,1.77582798161233,1.7724834714865818,1.9411218952100806,5513.0,GTC_GB,results/jerky_area_loss_factorial_long_20260822/20260823T012141Z-b907865386/GTC_GB-T900-s5101
25.999999999999623,650,157,1.7884376274286091,1.7940423397354024,1.9261325984777375,5493.0,GTC_GB,results/jerky_area_loss_factorial_long_20260822/20260823T012141Z-b907865386/GTC_GB-T900-s5101
27.99999999999958,700,154,1.7942285622138834,1.7808058293741689,1.950391747533042,5455.0,GTC_GB,results/jerky_area_loss_factorial_long_20260822/20260823T012141Z-b907865386/GTC_GB-T900-s5101
29.999999999999538,750,152,1.7978050206341039,1.7813460996156552,1.9538185587263306,5423.0,GTC_GB,results/jerky_area_loss_factorial_long_20260822/20260823T012141Z-b907865386/GTC_GB-T900-s5101
31.999999999999496,800,151,1.806924039777443,1.79664122347469,1.9832026088501615,5399.0,GTC_GB,results/jerky_area_loss_factorial_long_20260822/20260823T012141Z-b907865386/GTC_GB-T900-s5101
33.99999999999945,850,150,1.8185987544226876,1.8100849902053688,2.0028174710814772,5382.0,GTC_GB,results/jerky_area_loss_factorial_long_20260822/20260823T012141Z-b907865386/GTC_GB-T900-s5101
35.99999999999941,900,148,1.815745728690083,1.8152794784298314,1.9910103732658,5346.0,GTC_GB,results/jerky_area_loss_factorial_long_20260822/20260823T012141Z-b907865386/GTC_GB-T900-s5101
37.99999999999937,950,145,1.8185023985799498,1.7931456921686877,2.0274450721050385,5292.0,GTC_GB,results/jerky_area_loss_factorial_long_20260822/20260823T012141Z-b907865386/GTC_GB-T900-s5101
39.999999999999325,1000,143,1.8193373369078312,1.808158648073068,2.0288699655062477,5263.0,GTC_GB,results/jerky_area_loss_factorial_long_20260822/20260823T012141Z-b907865386/GTC_GB-T900-s5101
41.99999999999928,1050,142,1.8248997218351395,1.8128995494399756,2.0271313804336146,5242.0,GTC_GB,results/jerky_area_loss_factorial_long_20260822/20260823T012141Z-b907865386/GTC_GB-T900-s5101
43.99999999999924,1100,141,1.8235587422859407,1.812493940152408,2.0047335380387334,5204.0,GTC_GB,results/jerky_area_loss_factorial_long_20260822/20260823T012141Z-b907865386/GTC_GB-T900-s5101
45.9999999999992,1150,139,1.8305772254272497,1.8210790087113466,1.9962526566231502,5184.0,GTC_GB,results/jerky_area_loss_factorial_long_20260822/20260823T012141Z-b907865386/GTC_GB-T900-s5101
47.999999999999154,1200,138,1.8472783242953554,1.8356830314083312,2.034743138581488,5160.0,GTC_GB,results/jerky_area_loss_factorial_long_20260822/20260823T012141Z-b907865386/GTC_GB-T900-s5101
49.99999999999911,1250,136,1.850345527773247,1.8364031895218693,2.044000972684594,5122.0,GTC_GB,results/jerky_area_loss_factorial_long_20260822/20260823T012141Z-b907865386/GTC_GB-T900-s5101
51.99999999999907,1300,130,1.8511097740056859,1.839688615327601,2.038458788830378,5070.0,GTC_GB,results/jerky_area_loss_factorial_long_20260822/20260823T012141Z-b907865386/GTC_GB-T900-s5101
53.99999999999903,1350,129,1.8448014065360474,1.8253522676734193,2.06004638070352,5026.0,GTC_GB,results/jerky_area_loss_factorial_long_20260822/20260823T012141Z-b907865386/GTC_GB-T900-s5101
55.999999999998984,1400,128,1.8545942661917758,1.8396494253279339,2.0462845797985256,4969.0,GTC_GB,results/jerky_area_loss_factorial_long_20260822/20260823T012141Z-b907865386/GTC_GB-T900-s5101
57.99999999999894,1450,124,1.8379112432426061,1.819128504665054,2.0317540922685837,4924.0,GTC_GB,results/jerky_area_loss_factorial_long_20260822/20260823T012141Z-b907865386/GTC_GB-T900-s5101
59.9999999999989,1500,122,1.8446810980275348,1.825557523723985,2.013688206460549,4896.0,GTC_GB,results/jerky_area_loss_factorial_long_20260822/20260823T012141Z-b907865386/GTC_GB-T900-s5101
61.999999999998856,1550,120,1.8469784470335442,1.8312246636293388,2.033374703370471,4864.0,GTC_GB,results/jerky_area_loss_factorial_long_20260822/20260823T012141Z-b907865386/GTC_GB-T900-s5101
63.99999999999881,1600,118,1.8557412538144016,1.8473652896126627,2.0595550513127625,4830.0,GTC_GB,results/jerky_area_loss_factorial_long_20260822/20260823T012141Z-b907865386/GTC_GB-T900-s5101
65.99999999999912,1650,115,1.8472648665918174,1.8395460885128918,2.048535391945785,4789.0,GTC_GB,results/jerky_area_loss_factorial_long_20260822/20260823T012141Z-b907865386/GTC_GB-T900-s5101
67.99999999999943,1700,114,1.842425595229398,1.8225764921280312,2.024022799442818,4742.0,GTC_GB,results/jerky_area_loss_factorial_long_20260822/20260823T012141Z-b907865386/GTC_GB-T900-s5101
69.99999999999974,1750,112,1.8438568970609672,1.8420294012576932,2.0201484457991716,4694.0,GTC_GB,results/jerky_area_loss_factorial_long_20260822/20260823T012141Z-b907865386/GTC_GB-T900-s5101
72.00000000000006,1800,111,1.8452571624753007,1.838759170704303,2.0371832715762603,4672.0,GTC_GB,results/jerky_area_loss_factorial_long_20260822/20260823T012141Z-b907865386/GTC_GB-T900-s5101
74.00000000000037,1850,108,1.8446903849978569,1.8229195760804366,2.0495576936923214,4642.0,GTC_GB,results/jerky_area_loss_factorial_long_20260822/20260823T012141Z-b907865386/GTC_GB-T900-s5101
76.00000000000068,1900,108,1.846279317911755,1.8095339239326056,2.0882504401970685,4627.0,GTC_GB,results/jerky_area_loss_factorial_long_20260822/20260823T012141Z-b907865386/GTC_GB-T900-s5101
78.000000000001,1950,108,1.845999505223757,1.8296427292885626,2.0650455627645985,4602.0,GTC_GB,results/jerky_area_loss_factorial_long_20260822/20260823T012141Z-b907865386/GTC_GB-T900-s5101
80.00000000000131,2000,106,1.8527701579320424,1.8345946794951047,2.0777793150315844,4574.0,GTC_GB,results/jerky_area_loss_factorial_long_20260822/20260823T012141Z-b907865386/GTC_GB-T900-s5101
82.00000000000162,2050,106,1.8468131817022413,1.828950796202792,2.0653630585590017,4534.0,GTC_GB,results/jerky_area_loss_factorial_long_20260822/20260823T012141Z-b907865386/GTC_GB-T900-s5101
84.00000000000193,2100,106,1.850920709298716,1.835830027661352,2.056353529262001,4522.0,GTC_GB,results/jerky_area_loss_factorial_long_20260822/20260823T012141Z-b907865386/GTC_GB-T900-s5101
86.00000000000225,2150,106,1.8538764111556856,1.839521278200377,2.034323833083675,4507.0,GTC_GB,results/jerky_area_loss_factorial_long_20260822/20260823T012141Z-b907865386/GTC_GB-T900-s5101
88.00000000000256,2200,105,1.835314654059755,1.8241813579595774,2.020575096827019,4473.0,GTC_GB,results/jerky_area_loss_factorial_long_20260822/20260823T012141Z-b907865386/GTC_GB-T900-s5101
90.00000000000287,2250,105,1.839470329696761,1.8248953755798678,2.0401936197704247,4458.0,GTC_GB,results/jerky_area_loss_factorial_long_20260822/20260823T012141Z-b907865386/GTC_GB-T900-s5101
92.00000000000318,2300,103,1.834772892949127,1.8156926424400395,2.0157294184415284,4443.0,GTC_GB,results/jerky_area_loss_factorial_long_20260822/20260823T012141Z-b907865386/GTC_GB-T900-s5101
94.0000000000035,2350,102,1.8145552720115217,1.8127332402445262,2.0207969476809966,4399.0,GTC_GB,results/jerky_area_loss_factorial_long_20260822/20260823T012141Z-b907865386/GTC_GB-T900-s5101
96.00000000000381,2400,102,1.8215206515631035,1.7976391815200004,1.9891516849571678,4374.0,GTC_GB,results/jerky_area_loss_factorial_long_20260822/20260823T012141Z-b907865386/GTC_GB-T900-s5101
98.00000000000412,2450,101,1.8243072432377319,1.8153118261570638,1.9697475173383543,4356.0,GTC_GB,results/jerky_area_loss_factorial_long_20260822/20260823T012141Z-b907865386/GTC_GB-T900-s5101
100.00000000000443,2500,100,1.8200716731246758,1.794051452007422,1.9800785803636207,4342.0,GTC_GB,results/jerky_area_loss_factorial_long_20260822/20260823T012141Z-b907865386/GTC_GB-T900-s5101
102.00000000000475,2550,99,1.8214249120131205,1.8128742736561203,1.983116150994309,4327.0,GTC_GB,results/jerky_area_loss_factorial_long_20260822/20260823T012141Z-b907865386/GTC_GB-T900-s5101
104.00000000000506,2600,98,1.8275041646208403,1.8304372835054634,1.9975625093580007,4310.0,GTC_GB,results/jerky_area_loss_factorial_long_20260822/20260823T012141Z-b907865386/GTC_GB-T900-s5101
106.00000000000537,2650,98,1.842016984944256,1.8322538387683482,2.0290414292916115,4293.0,GTC_GB,results/jerky_area_loss_factorial_long_20260822/20260823T012141Z-b907865386/GTC_GB-T900-s5101
108.00000000000568,2700,97,1.8334946397696217,1.8284434221217416,1.992330514886726,4268.0,GTC_GB,results/jerky_area_loss_factorial_long_20260822/20260823T012141Z-b907865386/GTC_GB-T900-s5101
110.000000000006,2750,96,1.8309568904948292,1.835235701854995,1.9878865781640305,4238.0,GTC_GB,results/jerky_area_loss_factorial_long_20260822/20260823T012141Z-b907865386/GTC_GB-T900-s5101
112.00000000000631,2800,96,1.8270974428459148,1.8349340669702516,1.9764516951575646,4213.0,GTC_GB,results/jerky_area_loss_factorial_long_20260822/20260823T012141Z-b907865386/GTC_GB-T900-s5101
114.00000000000662,2850,93,1.8381772942703811,1.8452747025147285,2.0205685621610603,4203.0,GTC_GB,results/jerky_area_loss_factorial_long_20260822/20260823T012141Z-b907865386/GTC_GB-T900-s5101
116.00000000000693,2900,93,1.8414525040850687,1.8375401555651332,2.048404653078235,4186.0,GTC_GB,results/jerky_area_loss_factorial_long_20260822/20260823T012141Z-b907865386/GTC_GB-T900-s5101
118.00000000000725,2950,92,1.8434979378997571,1.8422245224128548,2.0632619458228896,4167.0,GTC_GB,results/jerky_area_loss_factorial_long_20260822/20260823T012141Z-b907865386/GTC_GB-T900-s5101
120.00000000000756,3000,92,1.844774838680804,1.8492151945615283,2.052221094182846,4155.0,GTC_GB,results/jerky_area_loss_factorial_long_20260822/20260823T012141Z-b907865386/GTC_GB-T900-s5101
122.00000000000787,3050,90,1.8398448669351226,1.8325304566793792,2.074346978879277,4132.0,GTC_GB,results/jerky_area_loss_factorial_long_20260822/20260823T012141Z-b907865386/GTC_GB-T900-s5101
124.00000000000819,3100,88,1.8486891616467716,1.833981423102156,2.0356180832125204,4118.0,GTC_GB,results/jerky_area_loss_factorial_long_20260822/20260823T012141Z-b907865386/GTC_GB-T900-s5101
126.0000000000085,3150,87,1.847680590516124,1.8251713657327449,2.041084152107669,4089.0,GTC_GB,results/jerky_area_loss_factorial_long_20260822/20260823T012141Z-b907865386/GTC_GB-T900-s5101
128.0000000000088,3200,87,1.8515790655746047,1.8440901731169257,2.04781102366012,4067.0,GTC_GB,results/jerky_area_loss_factorial_long_20260822/20260823T012141Z-b907865386/GTC_GB-T900-s5101
130.0000000000084,3250,86,1.8441674990554324,1.8406116626626456,2.069875826058942,4036.0,GTC_GB,results/jerky_area_loss_factorial_long_20260822/20260823T012141Z-b907865386/GTC_GB-T900-s5101
132.00000000000801,3300,85,1.8557910606561696,1.830417875422687,2.079791435210887,4024.0,GTC_GB,results/jerky_area_loss_factorial_long_20260822/20260823T012141Z-b907865386/GTC_GB-T900-s5101
134.00000000000762,3350,85,1.862732431673159,1.8375342243618578,2.0873596665072283,4012.0,GTC_GB,results/jerky_area_loss_factorial_long_20260822/20260823T012141Z-b907865386/GTC_GB-T900-s5101
136.00000000000722,3400,85,1.8536799199356535,1.8420711006006405,2.0545144297997444,3990.0,GTC_GB,results/jerky_area_loss_factorial_long_20260822/20260823T012141Z-b907865386/GTC_GB-T900-s5101
138.00000000000682,3450,84,1.8643471799369404,1.8555757643403075,2.0640074257059835,3974.0,GTC_GB,results/jerky_area_loss_factorial_long_20260822/20260823T012141Z-b907865386/GTC_GB-T900-s5101
140.00000000000642,3500,83,1.8786675616570943,1.8557962861737813,2.0905019985068174,3963.0,GTC_GB,results/jerky_area_loss_factorial_long_20260822/20260823T012141Z-b907865386/GTC_GB-T900-s5101
142.00000000000603,3550,81,1.867124884752514,1.868015763989382,2.0435008723707475,3933.0,GTC_GB,results/jerky_area_loss_factorial_long_20260822/20260823T012141Z-b907865386/GTC_GB-T900-s5101
144.00000000000563,3600,81,1.858107892952696,1.824216712280108,2.0422258044266965,3918.0,GTC_GB,results/jerky_area_loss_factorial_long_20260822/20260823T012141Z-b907865386/GTC_GB-T900-s5101
146.00000000000523,3650,80,1.8677607189758547,1.8573890062417644,2.0293499290150154,3906.0,GTC_GB,results/jerky_area_loss_factorial_long_20260822/20260823T012141Z-b907865386/GTC_GB-T900-s5101
148.00000000000483,3700,78,1.859588439280331,1.8600158814207302,2.032249021197174,3882.0,GTC_GB,results/jerky_area_loss_factorial_long_20260822/20260823T012141Z-b907865386/GTC_GB-T900-s5101
150.00000000000443,3750,78,1.8522265994012554,1.8393089855706706,2.038875284260294,3848.0,GTC_GB,results/jerky_area_loss_factorial_long_20260822/20260823T012141Z-b907865386/GTC_GB-T900-s5101
152.00000000000404,3800,78,1.8655245469932862,1.8546186451072562,2.030597904608178,3841.0,GTC_GB,results/jerky_area_loss_factorial_long_20260822/20260823T012141Z-b907865386/GTC_GB-T900-s5101
154.00000000000364,3850,77,1.8700670152157508,1.8542323467016932,2.0933280877961695,3825.0,GTC_GB,results/jerky_area_loss_factorial_long_20260822/20260823T012141Z-b907865386/GTC_GB-T900-s5101
156.00000000000324,3900,76,1.8621074359809893,1.8569171489074172,2.0544611139534315,3800.0,GTC_GB,results/jerky_area_loss_factorial_long_20260822/20260823T012141Z-b907865386/GTC_GB-T900-s5101
158.00000000000284,3950,76,1.8532495139901417,1.8460673585150036,2.058787527447894,3782.0,GTC_GB,results/jerky_area_loss_factorial_long_20260822/20260823T012141Z-b907865386/GTC_GB-T900-s5101
160.00000000000244,4000,75,1.8477180635746042,1.848425171519022,2.0508395650416356,3759.0,GTC_GB,results/jerky_area_loss_factorial_long_20260822/20260823T012141Z-b907865386/GTC_GB-T900-s5101
162.00000000000205,4050,75,1.8437836432120578,1.8572375855132035,2.025496245389371,3739.0,GTC_GB,results/jerky_area_loss_factorial_long_20260822/20260823T012141Z-b907865386/GTC_GB-T900-s5101
164.00000000000165,4100,75,1.8472020401420102,1.8450997195688006,2.014045988625396,3728.0,GTC_GB,results/jerky_area_loss_factorial_long_20260822/20260823T012141Z-b907865386/GTC_GB-T900-s5101
166.00000000000125,4150,74,1.8510071425638708,1.8510788601523198,2.0461158990440826,3718.0,GTC_GB,results/jerky_area_loss_factorial_long_20260822/20260823T012141Z-b907865386/GTC_GB-T900-s5101
168.00000000000085,4200,74,1.8397116323094072,1.8477854970683936,2.0149132829482204,3693.0,GTC_GB,results/jerky_area_loss_factorial_long_20260822/20260823T012141Z-b907865386/GTC_GB-T900-s5101
170.00000000000045,4250,73,1.8485363779361577,1.841650055777646,2.0237487678375703,3684.0,GTC_GB,results/jerky_area_loss_factorial_long_20260822/20260823T012141Z-b907865386/GTC_GB-T900-s5101
172.00000000000006,4300,72,1.835933292907586,1.8548233961531413,2.0117453732218644,3662.0,GTC_GB,results/jerky_area_loss_factorial_long_20260822/20260823T012141Z-b907865386/GTC_GB-T900-s5101
173.99999999999966,4350,72,1.8488521327614427,1.853494867927437,2.0226088284568755,3646.0,GTC_GB,results/jerky_area_loss_factorial_long_20260822/20260823T012141Z-b907865386/GTC_GB-T900-s5101
175.99999999999926,4400,71,1.8310591223400738,1.8318287078546658,1.9906404814956054,3616.0,GTC_GB,results/jerky_area_loss_factorial_long_20260822/20260823T012141Z-b907865386/GTC_GB-T900-s5101
177.99999999999886,4450,70,1.8317310221091032,1.828715558815257,1.9583350302714904,3603.0,GTC_GB,results/jerky_area_loss_factorial_long_20260822/20260823T012141Z-b907865386/GTC_GB-T900-s5101
179.99999999999847,4500,68,1.8408582313550197,1.8503042253798572,1.9980929318252862,3590.0,GTC_GB,results/jerky_area_loss_factorial_long_20260822/20260823T012141Z-b907865386/GTC_GB-T900-s5101
181.99999999999807,4550,67,1.819843279642766,1.8234389518683043,1.9927509109503632,3555.0,GTC_GB,results/jerky_area_loss_factorial_long_20260822/20260823T012141Z-b907865386/GTC_GB-T900-s5101
183.99999999999767,4600,66,1.8450422138160176,1.845608185894701,2.0475012223794833,3547.0,GTC_GB,results/jerky_area_loss_factorial_long_20260822/20260823T012141Z-b907865386/GTC_GB-T900-s5101
185.27999999999741,4632,65,1.8339403732527513,1.83634720161975,2.0069261377822305,3514.0,GTC_GB,results/jerky_area_loss_factorial_long_20260822/20260823T012141Z-b907865386/GTC_GB-T900-s5101
0.0,0,190,1.7920895484123613,1.7854416702856883,1.956505991785691,6086.0,GTC_GBTJ,results/jerky_area_loss_factorial_long_20260822/20260823T012141Z-b907865386/GTC_GBTJ-T900-s5101
2.000000000000001,50,186,1.8003338970630782,1.7825723754066911,1.9673007219132068,6019.0,GTC_GBTJ,results/jerky_area_loss_factorial_long_20260822/20260823T012141Z-b907865386/GTC_GBTJ-T900-s5101
4.000000000000003,100,179,1.7933354071770424,1.7932951334298066,1.9621063900482352,5950.0,GTC_GBTJ,results/jerky_area_loss_factorial_long_20260822/20260823T012141Z-b907865386/GTC_GBTJ-T900-s5101
6.000000000000004,150,177,1.7915413331412826,1.7862438273226313,1.9607575428552673,5876.0,GTC_GBTJ,results/jerky_area_loss_factorial_long_20260822/20260823T012141Z-b907865386/GTC_GBTJ-T900-s5101
8.000000000000005,200,176,1.7883131044409686,1.773455433428182,1.9448296303141768,5823.0,GTC_GBTJ,results/jerky_area_loss_factorial_long_20260822/20260823T012141Z-b907865386/GTC_GBTJ-T900-s5101
9.999999999999963,250,176,1.791145855393073,1.7793503716935668,1.9534718167324208,5775.0,GTC_GBTJ,results/jerky_area_loss_factorial_long_20260822/20260823T012141Z-b907865386/GTC_GBTJ-T900-s5101
11.99999999999992,300,174,1.784955981062734,1.7658280083067721,1.95941814982334,5731.0,GTC_GBTJ,results/jerky_area_loss_factorial_long_20260822/20260823T012141Z-b907865386/GTC_GBTJ-T900-s5101
13.999999999999877,350,172,1.7918283965342459,1.7765886374725617,1.964114973825797,5713.0,GTC_GBTJ,results/jerky_area_loss_factorial_long_20260822/20260823T012141Z-b907865386/GTC_GBTJ-T900-s5101
15.999999999999835,400,166,1.7894179256453095,1.7829006362691109,1.935132944238985,5665.0,GTC_GBTJ,results/jerky_area_loss_factorial_long_20260822/20260823T012141Z-b907865386/GTC_GBTJ-T900-s5101
17.999999999999794,450,162,1.7893825269834522,1.7922853951790017,1.9448717813810938,5619.0,GTC_GBTJ,results/jerky_area_loss_factorial_long_20260822/20260823T012141Z-b907865386/GTC_GBTJ-T900-s5101
19.99999999999975,500,160,1.7810690994257725,1.7762828470077605,1.9533999982432992,5533.0,GTC_GBTJ,results/jerky_area_loss_factorial_long_20260822/20260823T012141Z-b907865386/GTC_GBTJ-T900-s5101
21.99999999999971,550,159,1.7754009870068652,1.7762828470077605,1.9430047192630944,5478.0,GTC_GBTJ,results/jerky_area_loss_factorial_long_20260822/20260823T012141Z-b907865386/GTC_GBTJ-T900-s5101
23.999999999999666,600,156,1.782753402101153,1.7796041454194031,1.9473652182087278,5445.0,GTC_GBTJ,results/jerky_area_loss_factorial_long_20260822/20260823T012141Z-b907865386/GTC_GBTJ-T900-s5101
25.999999999999623,650,154,1.7946971414716837,1.782041858929718,1.9611140127714524,5403.0,GTC_GBTJ,results/jerky_area_loss_factorial_long_20260822/20260823T012141Z-b907865386/GTC_GBTJ-T900-s5101
27.99999999999958,700,152,1.7981432540058955,1.7953593580438265,1.9752879903585128,5373.0,GTC_GBTJ,results/jerky_area_loss_factorial_long_20260822/20260823T012141Z-b907865386/GTC_GBTJ-T900-s5101
29.999999999999538,750,150,1.8101868710808633,1.801595860862216,1.9957939714744513,5348.0,GTC_GBTJ,results/jerky_area_loss_factorial_long_20260822/20260823T012141Z-b907865386/GTC_GBTJ-T900-s5101
31.999999999999496,800,148,1.8170344634925804,1.7980110288288067,1.997412526534128,5304.0,GTC_GBTJ,results/jerky_area_loss_factorial_long_20260822/20260823T012141Z-b907865386/GTC_GBTJ-T900-s5101
33.99999999999945,850,145,1.809408422354995,1.797514651390818,1.9971719923999898,5266.0,GTC_GBTJ,results/jerky_area_loss_factorial_long_20260822/20260823T012141Z-b907865386/GTC_GBTJ-T900-s5101
35.99999999999941,900,143,1.8140669900708464,1.8108295747344536,1.9885864181627328,5225.0,GTC_GBTJ,results/jerky_area_loss_factorial_long_20260822/20260823T012141Z-b907865386/GTC_GBTJ-T900-s5101
37.99999999999937,950,138,1.803883178752551,1.779587565052376,1.9809192551425325,5171.0,GTC_GBTJ,results/jerky_area_loss_factorial_long_20260822/20260823T012141Z-b907865386/GTC_GBTJ-T900-s5101
39.999999999999325,1000,135,1.80613868962111,1.799675125731432,2.008952349726395,5137.0,GTC_GBTJ,results/jerky_area_loss_factorial_long_20260822/20260823T012141Z-b907865386/GTC_GBTJ-T900-s5101
41.99999999999928,1050,134,1.8174373313540761,1.8038130297112607,2.013079485989116,5095.0,GTC_GBTJ,results/jerky_area_loss_factorial_long_20260822/20260823T012141Z-b907865386/GTC_GBTJ-T900-s5101
43.99999999999924,1100,132,1.8336811624617486,1.8257158389599244,1.993960576796657,5053.0,GTC_GBTJ,results/jerky_area_loss_factorial_long_20260822/20260823T012141Z-b907865386/GTC_GBTJ-T900-s5101
45.9999999999992,1150,131,1.8354901739974556,1.8060135386314367,2.0172889036897734,5010.0,GTC_GBTJ,results/jerky_area_loss_factorial_long_20260822/20260823T012141Z-b907865386/GTC_GBTJ-T900-s5101
47.999999999999154,1200,130,1.8281770971546647,1.8269122424782878,1.9905782371647607,4975.0,GTC_GBTJ,results/jerky_area_loss_factorial_long_20260822/20260823T012141Z-b907865386/GTC_GBTJ-T900-s5101
49.99999999999911,1250,125,1.83329409625972,1.8215689837087,2.0147751480465463,4944.0,GTC_GBTJ,results/jerky_area_loss_factorial_long_20260822/20260823T012141Z-b907865386/GTC_GBTJ-T900-s5101
51.99999999999907,1300,123,1.8347099547343764,1.8247063539198194,2.0268907274228325,4892.0,GTC_GBTJ,results/jerky_area_loss_factorial_long_20260822/20260823T012141Z-b907865386/GTC_GBTJ-T900-s5101
53.99999999999903,1350,119,1.8319547831452663,1.8208083370394217,1.9989518021321888,4840.0,GTC_GBTJ,results/jerky_area_loss_factorial_long_20260822/20260823T012141Z-b907865386/GTC_GBTJ-T900-s5101
55.999999999998984,1400,117,1.842771582848089,1.8349628732947931,2.0234448661170417,4802.0,GTC_GBTJ,results/jerky_area_loss_factorial_long_20260822/20260823T012141Z-b907865386/GTC_GBTJ-T900-s5101
57.99999999999894,1450,113,1.8413932574890923,1.8334649444186342,2.0431270040847678,4767.0,GTC_GBTJ,results/jerky_area_loss_factorial_long_20260822/20260823T012141Z-b907865386/GTC_GBTJ-T900-s5101
59.9999999999989,1500,109,1.8564164924273356,1.8286289010439727,2.045936259727525,4738.0,GTC_GBTJ,results/jerky_area_loss_factorial_long_20260822/20260823T012141Z-b907865386/GTC_GBTJ-T900-s5101
61.999999999998856,1550,108,1.8484517150416306,1.833600770961196,2.0480728203141267,4681.0,GTC_GBTJ,results/jerky_area_loss_factorial_long_20260822/20260823T012141Z-b907865386/GTC_GBTJ-T900-s5101
63.99999999999881,1600,107,1.8566528414963432,1.8500694458159854,2.013048418580197,4637.0,GTC_GBTJ,results/jerky_area_loss_factorial_long_20260822/20260823T012141Z-b907865386/GTC_GBTJ-T900-s5101
65.99999999999912,1650,107,1.8557773894666598,1.8543244007898274,2.0733168703736617,4605.0,GTC_GBTJ,results/jerky_area_loss_factorial_long_20260822/20260823T012141Z-b907865386/GTC_GBTJ-T900-s5101
67.99999999999943,1700,107,1.8408170601517384,1.8335046092019593,2.0524034045406556,4565.0,GTC_GBTJ,results/jerky_area_loss_factorial_long_20260822/20260823T012141Z-b907865386/GTC_GBTJ-T900-s5101
69.99999999999974,1750,106,1.8493017056832668,1.8442032673579876,2.0367370427638534,4547.0,GTC_GBTJ,results/jerky_area_loss_factorial_long_20260822/20260823T012141Z-b907865386/GTC_GBTJ-T900-s5101
72.00000000000006,1800,106,1.8515948334063024,1.8346669938094995,2.0292697046745785,4529.0,GTC_GBTJ,results/jerky_area_loss_factorial_long_20260822/20260823T012141Z-b907865386/GTC_GBTJ-T900-s5101
74.00000000000037,1850,106,1.84370958384201,1.8425782000641702,2.013877166731741,4502.0,GTC_GBTJ,results/jerky_area_loss_factorial_long_20260822/20260823T012141Z-b907865386/GTC_GBTJ-T900-s5101
76.00000000000068,1900,104,1.8378246455265512,1.8339193634310127,1.9949509884433159,4483.0,GTC_GBTJ,results/jerky_area_loss_factorial_long_20260822/20260823T012141Z-b907865386/GTC_GBTJ-T900-s5101
78.000000000001,1950,104,1.8414561831787384,1.8244845757591426,2.006607085932711,4455.0,GTC_GBTJ,results/jerky_area_loss_factorial_long_20260822/20260823T012141Z-b907865386/GTC_GBTJ-T900-s5101
80.00000000000131,2000,103,1.8287511989712384,1.8340712489637463,2.0061657314131573,4427.0,GTC_GBTJ,results/jerky_area_loss_factorial_long_20260822/20260823T012141Z-b907865386/GTC_GBTJ-T900-s5101
82.00000000000162,2050,99,1.8188284267485944,1.8319993449426801,1.9587563930201866,4397.0,GTC_GBTJ,results/jerky_area_loss_factorial_long_20260822/20260823T012141Z-b907865386/GTC_GBTJ-T900-s5101
84.00000000000193,2100,99,1.826526125247714,1.831232970714716,1.972172825924037,4383.0,GTC_GBTJ,results/jerky_area_loss_factorial_long_20260822/20260823T012141Z-b907865386/GTC_GBTJ-T900-s5101
86.00000000000225,2150,99,1.811744549178043,1.8156228376404377,1.9767131193328529,4332.0,GTC_GBTJ,results/jerky_area_loss_factorial_long_20260822/20260823T012141Z-b907865386/GTC_GBTJ-T900-s5101
88.00000000000256,2200,99,1.8263028796743201,1.8284434221217416,1.9622315906994605,4330.0,GTC_GBTJ,results/jerky_area_loss_factorial_long_20260822/20260823T012141Z-b907865386/GTC_GBTJ-T900-s5101
90.00000000000287,2250,99,1.8324953183329526,1.82396617321188,2.0144087985480477,4316.0,GTC_GBTJ,results/jerky_area_loss_factorial_long_20260822/20260823T012141Z-b907865386/GTC_GBTJ-T900-s5101
92.00000000000318,2300,96,1.8226255835061298,1.8094941114037608,2.002452446781864,4285.0,GTC_GBTJ,results/jerky_area_loss_factorial_long_20260822/20260823T012141Z-b907865386/GTC_GBTJ-T900-s5101
94.0000000000035,2350,96,1.8168303431434187,1.7960508484635207,2.003383240794337,4257.0,GTC_GBTJ,results/jerky_area_loss_factorial_long_20260822/20260823T012141Z-b907865386/GTC_GBTJ-T900-s5101
96.00000000000381,2400,95,1.8151394022095404,1.7931456921686877,1.9962577147812015,4215.0,GTC_GBTJ,results/jerky_area_loss_factorial_long_20260822/20260823T012141Z-b907865386/GTC_GBTJ-T900-s5101
98.00000000000412,2450,93,1.818834227471623,1.7959306159740556,2.013153765134025,4200.0,GTC_GBTJ,results/jerky_area_loss_factorial_long_20260822/20260823T012141Z-b907865386/GTC_GBTJ-T900-s5101
100.00000000000443,2500,91,1.8279872123458025,1.8244182423902529,2.015345732872954,4181.0,GTC_GBTJ,results/jerky_area_loss_factorial_long_20260822/20260823T012141Z-b907865386/GTC_GBTJ-T900-s5101
102.00000000000475,2550,89,1.829691372376168,1.8334649444186344,1.9911129451229512,4160.0,GTC_GBTJ,results/jerky_area_loss_factorial_long_20260822/20260823T012141Z-b907865386/GTC_GBTJ-T900-s5101
104.00000000000506,2600,89,1.8244136934792183,1.8203884301754085,1.9839468727143998,4133.0,GTC_GBTJ,results/jerky_area_loss_factorial_long_20260822/20260823T012141Z-b907865386/GTC_GBTJ-T900-s5101
106.00000000000537,2650,88,1.841109729307618,1.822822179049627,1.994792769172921,4121.0,GTC_GBTJ,results/jerky_area_loss_factorial_long_20260822/20260823T012141Z-b907865386/GTC_GBTJ-T900-s5101
108.00000000000568,2700,86,1.842274838537573,1.8416226625000056,1.9762949318739285,4095.0,GTC_GBTJ,results/jerky_area_loss_factorial_long_20260822/20260823T012141Z-b907865386/GTC_GBTJ-T900-s5101
110.000000000006,2750,85,1.8478824847229933,1.8398311421423101,2.027798020808484,4080.0,GTC_GBTJ,results/jerky_area_loss_factorial_long_20260822/20260823T012141Z-b907865386/GTC_GBTJ-T900-s5101
112.00000000000631,2800,85,1.8409080380547727,1.8247601434495266,2.0136092455564545,4052.0,GTC_GBTJ,results/jerky_area_loss_factorial_long_20260822/20260823T012141Z-b907865386/GTC_GBTJ-T900-s5101
114.00000000000662,2850,85,1.8486467680913687,1.8335046092019593,2.007546737204635,4035.0,GTC_GBTJ,results/jerky_area_loss_factorial_long_20260822/20260823T012141Z-b907865386/GTC_GBTJ-T900-s5101
116.00000000000693,2900,85,1.8553886239257782,1.8375401555651332,2.021686606064681,4027.0,GTC_GBTJ,results/jerky_area_loss_factorial_long_20260822/20260823T012141Z-b907865386/GTC_GBTJ-T900-s5101
118.00000000000725,2950,85,1.8526681514671977,1.8259986388730203,2.022663873259105,4012.0,GTC_GBTJ,results/jerky_area_loss_factorial_long_20260822/20260823T012141Z-b907865386/GTC_GBTJ-T900-s5101
120.00000000000756,3000,85,1.8488037944723177,1.8240144074636788,2.0232116064139243,4001.0,GTC_GBTJ,results/jerky_area_loss_factorial_long_20260822/20260823T012141Z-b907865386/GTC_GBTJ-T900-s5101
122.00000000000787,3050,84,1.8396507576124432,1.822511891845378,2.013556322094566,3983.0,GTC_GBTJ,results/jerky_area_loss_factorial_long_20260822/20260823T012141Z-b907865386/GTC_GBTJ-T900-s5101
124.00000000000819,3100,84,1.8533999769611247,1.820447665357477,2.0441251101669047,3980.0,GTC_GBTJ,results/jerky_area_loss_factorial_long_20260822/20260823T012141Z-b907865386/GTC_GBTJ-T900-s5101
126.0000000000085,3150,82,1.8631543536422261,1.8527772838782928,2.0339933432514616,3964.0,GTC_GBTJ,results/jerky_area_loss_factorial_long_20260822/20260823T012141Z-b907865386/GTC_GBTJ-T900-s5101
128.0000000000088,3200,80,1.8633246178284906,1.8589709497390987,2.0253837471774605,3948.0,GTC_GBTJ,results/jerky_area_loss_factorial_long_20260822/20260823T012141Z-b907865386/GTC_GBTJ-T900-s5101
130.0000000000084,3250,78,1.8435547244501451,1.8330469197397437,2.0176328323743573,3905.0,GTC_GBTJ,results/jerky_area_loss_factorial_long_20260822/20260823T012141Z-b907865386/GTC_GBTJ-T900-s5101
132.00000000000801,3300,77,1.8462774794796848,1.84274578688327,2.00173228817383,3876.0,GTC_GBTJ,results/jerky_area_loss_factorial_long_20260822/20260823T012141Z-b907865386/GTC_GBTJ-T900-s5101
134.00000000000762,3350,77,1.8570711899493446,1.860051834912115,2.0243173592896744,3837.0,GTC_GBTJ,results/jerky_area_loss_factorial_long_20260822/20260823T012141Z-b907865386/GTC_GBTJ-T900-s5101
136.00000000000722,3400,77,1.8538384968578294,1.85497830224347,2.028070865319363,3823.0,GTC_GBTJ,results/jerky_area_loss_factorial_long_20260822/20260823T012141Z-b907865386/GTC_GBTJ-T900-s5101
138.00000000000682,3450,77,1.8499552188280597,1.8423080229286921,2.046069268485001,3808.0,GTC_GBTJ,results/jerky_area_loss_factorial_long_20260822/20260823T012141Z-b907865386/GTC_GBTJ-T900-s5101
140.00000000000642,3500,77,1.846605287217556,1.846197339865986,2.010121071680374,3792.0,GTC_GBTJ,results/jerky_area_loss_factorial_long_20260822/20260823T012141Z-b907865386/GTC_GBTJ-T900-s5101
142.00000000000603,3550,74,1.8299440732068861,1.8196510327556776,1.9783990297900982,3766.0,GTC_GBTJ,results/jerky_area_loss_factorial_long_20260822/20260823T012141Z-b907865386/GTC_GBTJ-T900-s5101
144.00000000000563,3600,74,1.8421270679488972,1.8449846664941094,1.9766622054060836,3753.0,GTC_GBTJ,results/jerky_area_loss_factorial_long_20260822/20260823T012141Z-b907865386/GTC_GBTJ-T900-s5101
146.00000000000523,3650,74,1.8498307545869008,1.8517539537817558,2.0000847816297216,3737.0,GTC_GBTJ,results/jerky_area_loss_factorial_long_20260822/20260823T012141Z-b907865386/GTC_GBTJ-T900-s5101
148.00000000000483,3700,74,1.8482777188974748,1.8457285184542682,2.004594402276491,3717.0,GTC_GBTJ,results/jerky_area_loss_factorial_long_20260822/20260823T012141Z-b907865386/GTC_GBTJ-T900-s5101
150.00000000000443,3750,73,1.8402324650745843,1.849385936307896,2.050222154869205,3695.0,GTC_GBTJ,results/jerky_area_loss_factorial_long_20260822/20260823T012141Z-b907865386/GTC_GBTJ-T900-s5101
152.00000000000404,3800,71,1.842193065696877,1.8391237868396795,2.019779277799305,3675.0,GTC_GBTJ,results/jerky_area_loss_factorial_long_20260822/20260823T012141Z-b907865386/GTC_GBTJ-T900-s5101
154.00000000000364,3850,70,1.841866953270751,1.8323633488366702,2.0550887160771407,3642.0,GTC_GBTJ,results/jerky_area_loss_factorial_long_20260822/20260823T012141Z-b907865386/GTC_GBTJ-T900-s5101
156.00000000000324,3900,69,1.8447952120814648,1.843826947096532,1.9978631374875835,3623.0,GTC_GBTJ,results/jerky_area_loss_factorial_long_20260822/20260823T012141Z-b907865386/GTC_GBTJ-T900-s5101
158.00000000000284,3950,68,1.8428087174965528,1.8366809324421174,2.016153702440033,3602.0,GTC_GBTJ,results/jerky_area_loss_factorial_long_20260822/20260823T012141Z-b907865386/GTC_GBTJ-T900-s5101
159.60000000000252,3990,68,1.8511302193264152,1.8378452619333088,2.0320309023807517,3585.0,GTC_GBTJ,results/jerky_area_loss_factorial_long_20260822/20260823T012141Z-b907865386/GTC_GBTJ-T900-s5101
0.0,0,190,1.7920895484123613,1.7854416702856883,1.956505991785691,6086.0,GTSC_GB,results/jerky_area_loss_factorial_long_20260822/20260823T012141Z-b907865386/GTSC_GB-T900-s5101
2.000000000000001,50,186,1.8010967335348012,1.786614390918997,1.9636797971484792,6035.0,GTSC_GB,results/jerky_area_loss_factorial_long_20260822/20260823T012141Z-b907865386/GTSC_GB-T900-s5101
4.000000000000003,100,182,1.7935711382424668,1.7874558828703606,1.9452894618036223,5973.0,GTSC_GB,results/jerky_area_loss_factorial_long_20260822/20260823T012141Z-b907865386/GTSC_GB-T900-s5101
6.000000000000004,150,178,1.791398807260027,1.78760754832258,1.9427430528229677,5925.0,GTSC_GB,results/jerky_area_loss_factorial_long_20260822/20260823T012141Z-b907865386/GTSC_GB-T900-s5101
8.000000000000005,200,177,1.790083591459733,1.7776146300891886,1.9636361103399183,5874.0,GTSC_GB,results/jerky_area_loss_factorial_long_20260822/20260823T012141Z-b907865386/GTSC_GB-T900-s5101
9.999999999999963,250,176,1.7946109565330384,1.785292308911202,1.9717800647757882,5835.0,GTSC_GB,results/jerky_area_loss_factorial_long_20260822/20260823T012141Z-b907865386/GTSC_GB-T900-s5101
11.99999999999992,300,175,1.783129748160895,1.761888234876766,1.9520418621104805,5792.0,GTSC_GB,results/jerky_area_loss_factorial_long_20260822/20260823T012141Z-b907865386/GTSC_GB-T900-s5101
13.999999999999877,350,174,1.7713360557559157,1.7508172720301105,1.9267925403204667,5755.0,GTSC_GB,results/jerky_area_loss_factorial_long_20260822/20260823T012141Z-b907865386/GTSC_GB-T900-s5101
15.999999999999835,400,174,1.7837247341597888,1.7744913781962657,1.927450867892282,5739.0,GTSC_GB,results/jerky_area_loss_factorial_long_20260822/20260823T012141Z-b907865386/GTSC_GB-T900-s5101
17.999999999999794,450,172,1.788412257889368,1.7766761586580033,1.9349183218952328,5721.0,GTSC_GB,results/jerky_area_loss_factorial_long_20260822/20260823T012141Z-b907865386/GTSC_GB-T900-s5101
19.99999999999975,500,170,1.7830489757833197,1.777484101936782,1.9257862614078396,5700.0,GTSC_GB,results/jerky_area_loss_factorial_long_20260822/20260823T012141Z-b907865386/GTSC_GB-T900-s5101
21.99999999999971,550,168,1.7769569592850012,1.7816449853252172,1.919285566678136,5672.0,GTSC_GB,results/jerky_area_loss_factorial_long_20260822/20260823T012141Z-b907865386/GTSC_GB-T900-s5101
23.999999999999666,600,166,1.7719856129371112,1.7688185551319828,1.9402096592347595,5641.0,GTSC_GB,results/jerky_area_loss_factorial_long_20260822/20260823T012141Z-b907865386/GTSC_GB-T900-s5101
25.999999999999623,650,164,1.7647592088913477,1.7559424234125889,1.9370459919261698,5605.0,GTSC_GB,results/jerky_area_loss_factorial_long_20260822/20260823T012141Z-b907865386/GTSC_GB-T900-s5101
27.99999999999958,700,164,1.7690820947590713,1.7558935872982788,1.9351896707827534,5590.0,GTSC_GB,results/jerky_area_loss_factorial_long_20260822/20260823T012141Z-b907865386/GTSC_GB-T900-s5101
29.999999999999538,750,164,1.7730766027644786,1.7630752576261268,1.9453849740428992,5561.0,GTSC_GB,results/jerky_area_loss_factorial_long_20260822/20260823T012141Z-b907865386/GTSC_GB-T900-s5101
31.999999999999496,800,163,1.7776029524832266,1.7708274127925827,1.9455154807714479,5546.0,GTSC_GB,results/jerky_area_loss_factorial_long_20260822/20260823T012141Z-b907865386/GTSC_GB-T900-s5101
33.99999999999945,850,162,1.7709560012115015,1.7629470619409944,1.9068306357022917,5529.0,GTSC_GB,results/jerky_area_loss_factorial_long_20260822/20260823T012141Z-b907865386/GTSC_GB-T900-s5101
35.99999999999941,900,160,1.7725187380600946,1.7682860376022465,1.9307635963347005,5506.0,GTSC_GB,results/jerky_area_loss_factorial_long_20260822/20260823T012141Z-b907865386/GTSC_GB-T900-s5101
37.99999999999937,950,159,1.7706452312320697,1.7528077433028122,1.9132651776547394,5487.0,GTSC_GB,results/jerky_area_loss_factorial_long_20260822/20260823T012141Z-b907865386/GTSC_GB-T900-s5101
39.999999999999325,1000,159,1.7731031142277163,1.757539248867556,1.9371141719684746,5478.0,GTSC_GB,results/jerky_area_loss_factorial_long_20260822/20260823T012141Z-b907865386/GTSC_GB-T900-s5101
41.99999999999928,1050,159,1.7767760329652518,1.7629470619409944,1.9371141719684746,5465.0,GTSC_GB,results/jerky_area_loss_factorial_long_20260822/20260823T012141Z-b907865386/GTSC_GB-T900-s5101
43.99999999999924,1100,158,1.7782621297429475,1.7714637144141396,1.9366009541692664,5446.0,GTSC_GB,results/jerky_area_loss_factorial_long_20260822/20260823T012141Z-b907865386/GTSC_GB-T900-s5101
45.9999999999992,1150,158,1.7781052681167726,1.7748950103485677,1.9267876155952457,5439.0,GTSC_GB,results/jerky_area_loss_factorial_long_20260822/20260823T012141Z-b907865386/GTSC_GB-T900-s5101
47.999999999999154,1200,155,1.7779958675380774,1.7714637144141396,1.9313638735268028,5423.0,GTSC_GB,results/jerky_area_loss_factorial_long_20260822/20260823T012141Z-b907865386/GTSC_GB-T900-s5101
49.99999999999911,1250,155,1.7774948883252815,1.7708274127925827,1.9393213719814082,5413.0,GTSC_GB,results/jerky_area_loss_factorial_long_20260822/20260823T012141Z-b907865386/GTSC_GB-T900-s5101
51.99999999999907,1300,155,1.7963971104191865,1.7931456921686877,1.9591879945834112,5419.0,GTSC_GB,results/jerky_area_loss_factorial_long_20260822/20260823T012141Z-b907865386/GTSC_GB-T900-s5101
53.99999999999903,1350,153,1.7923349229268972,1.7784639571082723,1.9484938758074941,5394.0,GTSC_GB,results/jerky_area_loss_factorial_long_20260822/20260823T012141Z-b907865386/GTSC_GB-T900-s5101
55.999999999998984,1400,152,1.79534154591948,1.7913790539252297,1.9644267261628223,5389.0,GTSC_GB,results/jerky_area_loss_factorial_long_20260822/20260823T012141Z-b907865386/GTSC_GB-T900-s5101
57.99999999999894,1450,151,1.792645277760211,1.7931456921686877,1.9738258971014004,5372.0,GTSC_GB,results/jerky_area_loss_factorial_long_20260822/20260823T012141Z-b907865386/GTSC_GB-T900-s5101
59.9999999999989,1500,149,1.791115833335184,1.7939253649463476,1.9526668122216262,5355.0,GTSC_GB,results/jerky_area_loss_factorial_long_20260822/20260823T012141Z-b907865386/GTSC_GB-T900-s5101
61.999999999998856,1550,149,1.792092932037323,1.7897535422043993,1.9579771021558536,5343.0,GTSC_GB,results/jerky_area_loss_factorial_long_20260822/20260823T012141Z-b907865386/GTSC_GB-T900-s5101
63.99999999999881,1600,147,1.7913650894374011,1.7954805557720785,1.9682169020165938,5330.0,GTSC_GB,results/jerky_area_loss_factorial_long_20260822/20260823T012141Z-b907865386/GTSC_GB-T900-s5101
65.99999999999912,1650,146,1.798417676688392,1.7977524437908765,1.9658143165280144,5319.0,GTSC_GB,results/jerky_area_loss_factorial_long_20260822/20260823T012141Z-b907865386/GTSC_GB-T900-s5101
67.99999999999943,1700,145,1.7990390927201954,1.8037560217081472,1.9616482570102354,5306.0,GTSC_GB,results/jerky_area_loss_factorial_long_20260822/20260823T012141Z-b907865386/GTSC_GB-T900-s5101
69.99999999999974,1750,144,1.8024510319462717,1.7946025508878363,1.9739793778599737,5295.0,GTSC_GB,results/jerky_area_loss_factorial_long_20260822/20260823T012141Z-b907865386/GTSC_GB-T900-s5101
72.00000000000006,1800,144,1.8022246530475752,1.794306196962066,1.9627477289609738,5271.0,GTSC_GB,results/jerky_area_loss_factorial_long_20260822/20260823T012141Z-b907865386/GTSC_GB-T900-s5101
74.00000000000037,1850,144,1.8042029911446755,1.8132501846772313,1.9687698822945203,5255.0,GTSC_GB,results/jerky_area_loss_factorial_long_20260822/20260823T012141Z-b907865386/GTSC_GB-T900-s5101
76.00000000000068,1900,144,1.8088738784148768,1.8108295747344536,1.9765731676756826,5238.0,GTSC_GB,results/jerky_area_loss_factorial_long_20260822/20260823T012141Z-b907865386/GTSC_GB-T900-s5101
78.000000000001,1950,144,1.8059144425868487,1.8107154851695133,1.9749488902671286,5221.0,GTSC_GB,results/jerky_area_loss_factorial_long_20260822/20260823T012141Z-b907865386/GTSC_GB-T900-s5101
80.00000000000131,2000,143,1.803093808870637,1.7862438273226313,1.9696104956001812,5208.0,GTSC_GB,results/jerky_area_loss_factorial_long_20260822/20260823T012141Z-b907865386/GTSC_GB-T900-s5101
82.00000000000162,2050,142,1.7983936846921178,1.78904623258944,1.95942097004462,5199.0,GTSC_GB,results/jerky_area_loss_factorial_long_20260822/20260823T012141Z-b907865386/GTSC_GB-T900-s5101
84.00000000000193,2100,142,1.8077810862326245,1.7980207084435744,1.9741236618421136,5201.0,GTSC_GB,results/jerky_area_loss_factorial_long_20260822/20260823T012141Z-b907865386/GTSC_GB-T900-s5101
86.00000000000225,2150,140,1.8123314262245636,1.7922107434354322,1.9876469512530772,5194.0,GTSC_GB,results/jerky_area_loss_factorial_long_20260822/20260823T012141Z-b907865386/GTSC_GB-T900-s5101
88.00000000000256,2200,137,1.8099571810811572,1.8063694033681126,1.9727162493105055,5181.0,GTSC_GB,results/jerky_area_loss_factorial_long_20260822/20260823T012141Z-b907865386/GTSC_GB-T900-s5101
90.00000000000287,2250,137,1.8151416610496407,1.796634995171597,1.9817428627973805,5172.0,GTSC_GB,results/jerky_area_loss_factorial_long_20260822/20260823T012141Z-b907865386/GTSC_GB-T900-s5101
92.00000000000318,2300,136,1.8153449461550366,1.7927155436738447,1.9894367886486917,5155.0,GTSC_GB,results/jerky_area_loss_factorial_long_20260822/20260823T012141Z-b907865386/GTSC_GB-T900-s5101
94.0000000000035,2350,136,1.8118864243824315,1.789212966023011,1.9894367886486917,5115.0,GTSC_GB,results/jerky_area_loss_factorial_long_20260822/20260823T012141Z-b907865386/GTSC_GB-T900-s5101
96.00000000000381,2400,136,1.8021368710796561,1.790923498049287,1.9809801231771944,5089.0,GTSC_GB,results/jerky_area_loss_factorial_long_20260822/20260823T012141Z-b907865386/GTSC_GB-T900-s5101
98.00000000000412,2450,135,1.8013582984501404,1.7862438273226313,1.9626705336873258,5079.0,GTSC_GB,results/jerky_area_loss_factorial_long_20260822/20260823T012141Z-b907865386/GTSC_GB-T900-s5101
100.00000000000443,2500,134,1.8083469586008434,1.7883587954644438,1.9842041973280187,5077.0,GTSC_GB,results/jerky_area_loss_factorial_long_20260822/20260823T012141Z-b907865386/GTSC_GB-T900-s5101
102.00000000000475,2550,133,1.8070314497355044,1.7922853951790017,1.9765104043992812,5050.0,GTSC_GB,results/jerky_area_loss_factorial_long_20260822/20260823T012141Z-b907865386/GTSC_GB-T900-s5101
104.00000000000506,2600,131,1.814390880041814,1.809340405676284,1.98166659782434,5045.0,GTSC_GB,results/jerky_area_loss_factorial_long_20260822/20260823T012141Z-b907865386/GTSC_GB-T900-s5101
106.00000000000537,2650,131,1.812178929952799,1.8096042348401329,1.9731299297253417,5028.0,GTSC_GB,results/jerky_area_loss_factorial_long_20260822/20260823T012141Z-b907865386/GTSC_GB-T900-s5101
108.00000000000568,2700,130,1.799771373327042,1.7926125307656946,1.9687494640567549,5010.0,GTSC_GB,results/jerky_area_loss_factorial_long_20260822/20260823T012141Z-b907865386/GTSC_GB-T900-s5101
110.000000000006,2750,129,1.80329974304359,1.7922853951790017,1.9708679372591367,4995.0,GTSC_GB,results/jerky_area_loss_factorial_long_20260822/20260823T012141Z-b907865386/GTSC_GB-T900-s5101
112.00000000000631,2800,128,1.8037102550676596,1.7948671478539697,1.9679370801610878,4984.0,GTSC_GB,results/jerky_area_loss_factorial_long_20260822/20260823T012141Z-b907865386/GTSC_GB-T900-s5101
114.00000000000662,2850,127,1.8035411394332206,1.7821393316666352,1.9744259855658144,4964.0,GTSC_GB,results/jerky_area_loss_factorial_long_20260822/20260823T012141Z-b907865386/GTSC_GB-T900-s5101
116.00000000000693,2900,124,1.81159578453199,1.7927155436738447,1.9824685091754894,4951.0,GTSC_GB,results/jerky_area_loss_factorial_long_20260822/20260823T012141Z-b907865386/GTSC_GB-T900-s5101
118.00000000000725,2950,123,1.8148934763951576,1.7940423397354024,1.9825010536743064,4939.0,GTSC_GB,results/jerky_area_loss_factorial_long_20260822/20260823T012141Z-b907865386/GTSC_GB-T900-s5101
120.00000000000756,3000,123,1.8186784713123012,1.7993870624860167,1.973927346589497,4931.0,GTSC_GB,results/jerky_area_loss_factorial_long_20260822/20260823T012141Z-b907865386/GTSC_GB-T900-s5101
122.00000000000787,3050,123,1.8142949141167093,1.8080224129565312,1.9739912156943968,4915.0,GTSC_GB,results/jerky_area_loss_factorial_long_20260822/20260823T012141Z-b907865386/GTSC_GB-T900-s5101
124.00000000000819,3100,122,1.8122415230821973,1.7964104089500599,1.9751513600919994,4896.0,GTSC_GB,results/jerky_area_loss_factorial_long_20260822/20260823T012141Z-b907865386/GTSC_GB-T900-s5101
126.0000000000085,3150,121,1.8212985689423564,1.8108295747344536,2.0036963355731103,4890.0,GTSC_GB,results/jerky_area_loss_factorial_long_20260822/20260823T012141Z-b907865386/GTSC_GB-T900-s5101
128.0000000000088,3200,121,1.8183036554574175,1.7931456921686877,1.9751307263482967,4878.0,GTSC_GB,results/jerky_area_loss_factorial_long_20260822/20260823T012141Z-b907865386/GTSC_GB-T900-s5101
130.0000000000084,3250,121,1.8198645323310196,1.812698668472612,1.9751536527301885,4871.0,GTSC_GB,results/jerky_area_loss_factorial_long_20260822/20260823T012141Z-b907865386/GTSC_GB-T900-s5101
132.00000000000801,3300,121,1.814485729299578,1.8087744208146483,1.93633717381966,4861.0,GTSC_GB,results/jerky_area_loss_factorial_long_20260822/20260823T012141Z-b907865386/GTSC_GB-T900-s5101
134.00000000000762,3350,121,1.8082549754787203,1.799675125731432,1.9517232023604763,4846.0,GTSC_GB,results/jerky_area_loss_factorial_long_20260822/20260823T012141Z-b907865386/GTSC_GB-T900-s5101
136.00000000000722,3400,119,1.8121719723763805,1.812493940152408,1.9527962064843025,4841.0,GTSC_GB,results/jerky_area_loss_factorial_long_20260822/20260823T012141Z-b907865386/GTSC_GB-T900-s5101
138.00000000000682,3450,119,1.81053854681741,1.8087744208146483,1.9409498698636016,4836.0,GTSC_GB,results/jerky_area_loss_factorial_long_20260822/20260823T012141Z-b907865386/GTSC_GB-T900-s5101
140.00000000000642,3500,119,1.808288160507014,1.8110474803964014,1.9398450310186084,4824.0,GTSC_GB,results/jerky_area_loss_factorial_long_20260822/20260823T012141Z-b907865386/GTSC_GB-T900-s5101
142.00000000000603,3550,119,1.8098219166916338,1.8122333468556537,1.9493317048378311,4821.0,GTSC_GB,results/jerky_area_loss_factorial_long_20260822/20260823T012141Z-b907865386/GTSC_GB-T900-s5101
144.00000000000563,3600,119,1.8075521366787886,1.7988209847130496,1.9446267133915724,4806.0,GTSC_GB,results/jerky_area_loss_factorial_long_20260822/20260823T012141Z-b907865386/GTSC_GB-T900-s5101
146.00000000000523,3650,119,1.8106833169789156,1.7960594096069848,1.9447248270656439,4805.0,GTSC_GB,results/jerky_area_loss_factorial_long_20260822/20260823T012141Z-b907865386/GTSC_GB-T900-s5101
148.00000000000483,3700,119,1.8049826342271802,1.7921360916918627,1.9562602611817805,4796.0,GTSC_GB,results/jerky_area_loss_factorial_long_20260822/20260823T012141Z-b907865386/GTSC_GB-T900-s5101
150.00000000000443,3750,119,1.7987874208882855,1.7862438273226313,1.9502228934195676,4784.0,GTSC_GB,results/jerky_area_loss_factorial_long_20260822/20260823T012141Z-b907865386/GTSC_GB-T900-s5101
152.00000000000404,3800,119,1.8026978803324827,1.7963311861387736,1.93609632832664,4786.0,GTSC_GB,results/jerky_area_loss_factorial_long_20260822/20260823T012141Z-b907865386/GTSC_GB-T900-s5101
154.00000000000364,3850,119,1.8031584093449158,1.7941102675813658,1.938594718419621,4783.0,GTSC_GB,results/jerky_area_loss_factorial_long_20260822/20260823T012141Z-b907865386/GTSC_GB-T900-s5101
156.00000000000324,3900,119,1.8073424133998357,1.7937411698469226,1.9646307988306262,4782.0,GTSC_GB,results/jerky_area_loss_factorial_long_20260822/20260823T012141Z-b907865386/GTSC_GB-T900-s5101
158.00000000000284,3950,119,1.8068787149519663,1.7931456921686877,1.9717529060829257,4777.0,GTSC_GB,results/jerky_area_loss_factorial_long_20260822/20260823T012141Z-b907865386/GTSC_GB-T900-s5101
160.00000000000244,4000,118,1.8045317444583497,1.795330171779753,1.9641963986808597,4772.0,GTSC_GB,results/jerky_area_loss_factorial_long_20260822/20260823T012141Z-b907865386/GTSC_GB-T900-s5101
162.00000000000205,4050,118,1.8009911857227097,1.7822850668028134,1.961001989782069,4764.0,GTSC_GB,results/jerky_area_loss_factorial_long_20260822/20260823T012141Z-b907865386/GTSC_GB-T900-s5101
164.00000000000165,4100,118,1.8021897755675302,1.790776915119289,1.9641963986808597,4764.0,GTSC_GB,results/jerky_area_loss_factorial_long_20260822/20260823T012141Z-b907865386/GTSC_GB-T900-s5101
166.00000000000125,4150,118,1.8056470187875164,1.7926408919302752,1.9664265448786133,4760.0,GTSC_GB,results/jerky_area_loss_factorial_long_20260822/20260823T012141Z-b907865386/GTSC_GB-T900-s5101
168.00000000000085,4200,118,1.8075975653734655,1.7889342985134515,1.980725217075509,4759.0,GTSC_GB,results/jerky_area_loss_factorial_long_20260822/20260823T012141Z-b907865386/GTSC_GB-T900-s5101
170.00000000000045,4250,118,1.804180844100564,1.789006188693659,1.9582714846902667,4750.0,GTSC_GB,results/jerky_area_loss_factorial_long_20260822/20260823T012141Z-b907865386/GTSC_GB-T900-s5101
172.00000000000006,4300,118,1.8053446808147704,1.7931456921686877,1.9565842670567029,4741.0,GTSC_GB,results/jerky_area_loss_factorial_long_20260822/20260823T012141Z-b907865386/GTSC_GB-T900-s5101
173.99999999999966,4350,118,1.8074400410553026,1.7957093838254057,1.9758699963321378,4740.0,GTSC_GB,results/jerky_area_loss_factorial_long_20260822/20260823T012141Z-b907865386/GTSC_GB-T900-s5101
175.99999999999926,4400,117,1.8034518980910312,1.7940423397354024,1.963881248563761,4733.0,GTSC_GB,results/jerky_area_loss_factorial_long_20260822/20260823T012141Z-b907865386/GTSC_GB-T900-s5101
177.99999999999886,4450,116,1.7963436611831394,1.7927155436738447,1.9544951874261478,4722.0,GTSC_GB,results/jerky_area_loss_factorial_long_20260822/20260823T012141Z-b907865386/GTSC_GB-T900-s5101
179.99999999999847,4500,115,1.7925529215037266,1.7914834589904705,1.9420715086623717,4713.0,GTSC_GB,results/jerky_area_loss_factorial_long_20260822/20260823T012141Z-b907865386/GTSC_GB-T900-s5101
181.99999999999807,4550,115,1.7971583867471013,1.7931456921686877,1.9420715086623717,4710.0,GTSC_GB,results/jerky_area_loss_factorial_long_20260822/20260823T012141Z-b907865386/GTSC_GB-T900-s5101
183.99999999999767,4600,115,1.8005866376973971,1.7931456921686877,1.944966549818741,4699.0,GTSC_GB,results/jerky_area_loss_factorial_long_20260822/20260823T012141Z-b907865386/GTSC_GB-T900-s5101
185.99999999999727,4650,115,1.8019629630613294,1.7931456921686877,1.943474651541951,4695.0,GTSC_GB,results/jerky_area_loss_factorial_long_20260822/20260823T012141Z-b907865386/GTSC_GB-T900-s5101
187.99999999999687,4700,115,1.8021628296746048,1.7953593580438265,1.9386105162528415,4691.0,GTSC_GB,results/jerky_area_loss_factorial_long_20260822/20260823T012141Z-b907865386/GTSC_GB-T900-s5101
189.99999999999648,4750,114,1.8049558883172434,1.794252525106257,1.9458201362854297,4686.0,GTSC_GB,results/jerky_area_loss_factorial_long_20260822/20260823T012141Z-b907865386/GTSC_GB-T900-s5101
191.99999999999608,4800,114,1.8025638787374438,1.7896292869868018,1.9397136427882078,4681.0,GTSC_GB,results/jerky_area_loss_factorial_long_20260822/20260823T012141Z-b907865386/GTSC_GB-T900-s5101
193.99999999999568,4850,114,1.8017763425674342,1.7922426853993718,1.947634946547101,4677.0,GTSC_GB,results/jerky_area_loss_factorial_long_20260822/20260823T012141Z-b907865386/GTSC_GB-T900-s5101
195.99999999999528,4900,114,1.8080649186415167,1.8051125246001538,1.9389191449442833,4678.0,GTSC_GB,results/jerky_area_loss_factorial_long_20260822/20260823T012141Z-b907865386/GTSC_GB-T900-s5101
197.99999999999488,4950,114,1.8089494355257683,1.8071630675692825,1.9400756903564227,4674.0,GTSC_GB,results/jerky_area_loss_factorial_long_20260822/20260823T012141Z-b907865386/GTSC_GB-T900-s5101
199.9999999999945,5000,114,1.8080146205801872,1.8223872551256508,1.93685336559522,4672.0,GTSC_GB,results/jerky_area_loss_factorial_long_20260822/20260823T012141Z-b907865386/GTSC_GB-T900-s5101
201.9999999999941,5050,114,1.8113015590707404,1.8172322316944247,1.9502406510680812,4671.0,GTSC_GB,results/jerky_area_loss_factorial_long_20260822/20260823T012141Z-b907865386/GTSC_GB-T900-s5101
203.9999999999937,5100,114,1.807377545572087,1.8011807788841314,1.9607091126776015,4663.0,GTSC_GB,results/jerky_area_loss_factorial_long_20260822/20260823T012141Z-b907865386/GTSC_GB-T900-s5101
205.9999999999933,5150,114,1.8041780998301882,1.7910050116475684,1.9543744897901132,4655.0,GTSC_GB,results/jerky_area_loss_factorial_long_20260822/20260823T012141Z-b907865386/GTSC_GB-T900-s5101
207.9999999999929,5200,114,1.7995899686422658,1.7968892113590187,1.9589804817852374,4647.0,GTSC_GB,results/jerky_area_loss_factorial_long_20260822/20260823T012141Z-b907865386/GTSC_GB-T900-s5101
209.9999999999925,5250,114,1.8017719143295883,1.8091242332870843,1.9458201362854297,4650.0,GTSC_GB,results/jerky_area_loss_factorial_long_20260822/20260823T012141Z-b907865386/GTSC_GB-T900-s5101
211.9999999999921,5300,114,1.8062472089514636,1.8000043667833392,1.952994929818195,4647.0,GTSC_GB,results/jerky_area_loss_factorial_long_20260822/20260823T012141Z-b907865386/GTSC_GB-T900-s5101
213.9999999999917,5350,113,1.8046334981660321,1.7993870624860167,1.975329760659444,4643.0,GTSC_GB,results/jerky_area_loss_factorial_long_20260822/20260823T012141Z-b907865386/GTSC_GB-T900-s5101
215.9999999999913,5400,113,1.805560658632562,1.7955668411911145,1.958295842440921,4633.0,GTSC_GB,results/jerky_area_loss_factorial_long_20260822/20260823T012141Z-b907865386/GTSC_GB-T900-s5101
217.9999999999909,5450,113,1.8050264709383315,1.7931456921686877,1.958295842440921,4628.0,GTSC_GB,results/jerky_area_loss_factorial_long_20260822/20260823T012141Z-b907865386/GTSC_GB-T900-s5101
219.9999999999905,5500,112,1.8076613399296821,1.8034613301417866,1.9606043714218993,4628.0,GTSC_GB,results/jerky_area_loss_factorial_long_20260822/20260823T012141Z-b907865386/GTSC_GB-T900-s5101
221.9999999999901,5550,112,1.8009392283231291,1.7993870624860167,1.9398012349418081,4618.0,GTSC_GB,results/jerky_area_loss_factorial_long_20260822/20260823T012141Z-b907865386/GTSC_GB-T900-s5101
223.9999999999897,5600,112,1.7965295467008258,1.7910050116475684,1.9387756104523783,4612.0,GTSC_GB,results/jerky_area_loss_factorial_long_20260822/20260823T012141Z-b907865386/GTSC_GB-T900-s5101
225.9999999999893,5650,112,1.7997786302017749,1.7940085790166485,1.9785630558234621,4609.0,GTSC_GB,results/jerky_area_loss_factorial_long_20260822/20260823T012141Z-b907865386/GTSC_GB-T900-s5101
227.99999999998892,5700,112,1.808087880988754,1.8013188532373674,1.989329251524981,4607.0,GTSC_GB,results/jerky_area_loss_factorial_long_20260822/20260823T012141Z-b907865386/GTSC_GB-T900-s5101
229.99999999998852,5750,112,1.8100200576183576,1.8057582464284034,1.9807556099345882,4600.0,GTSC_GB,results/jerky_area_loss_factorial_long_20260822/20260823T012141Z-b907865386/GTSC_GB-T900-s5101
231.99999999998812,5800,111,1.8111576068667639,1.808369208464434,1.9883614174115842,4595.0,GTSC_GB,results/jerky_area_loss_factorial_long_20260822/20260823T012141Z-b907865386/GTSC_GB-T900-s5101
233.99999999998772,5850,111,1.8118060570173367,1.80039528384497,1.9883614174115842,4590.0,GTSC_GB,results/jerky_area_loss_factorial_long_20260822/20260823T012141Z-b907865386/GTSC_GB-T900-s5101
235.99999999998732,5900,110,1.8079653845487595,1.8010098187685224,1.9893003609544317,4577.0,GTSC_GB,results/jerky_area_loss_factorial_long_20260822/20260823T012141Z-b907865386/GTSC_GB-T900-s5101
237.99999999998693,5950,110,1.8038116845184788,1.8056124292897118,1.9875824289788506,4570.0,GTSC_GB,results/jerky_area_loss_factorial_long_20260822/20260823T012141Z-b907865386/GTSC_GB-T900-s5101
239.99999999998653,6000,110,1.8033839182962847,1.795186762937088,1.987495874708547,4564.0,GTSC_GB,results/jerky_area_loss_factorial_long_20260822/20260823T012141Z-b907865386/GTSC_GB-T900-s5101
241.99999999998613,6050,110,1.7970271544796184,1.7993294498369337,1.9540190385167828,4556.0,GTSC_GB,results/jerky_area_loss_factorial_long_20260822/20260823T012141Z-b907865386/GTSC_GB-T900-s5101
243.99999999998573,6100,110,1.8031592603303017,1.7953386674534997,1.9896903761915818,4556.0,GTSC_GB,results/jerky_area_loss_factorial_long_20260822/20260823T012141Z-b907865386/GTSC_GB-T900-s5101
245.99999999998533,6150,110,1.8065382878645029,1.7974493055002472,1.9892491258249612,4550.0,GTSC_GB,results/jerky_area_loss_factorial_long_20260822/20260823T012141Z-b907865386/GTSC_GB-T900-s5101
247.99999999998494,6200,109,1.806112780336357,1.7982636158288976,1.9588300688233273,4543.0,GTSC_GB,results/jerky_area_loss_factorial_long_20260822/20260823T012141Z-b907865386/GTSC_GB-T900-s5101
249.99999999998454,6250,108,1.8147015223255616,1.8095106582955056,1.992384102409653,4545.0,GTSC_GB,results/jerky_area_loss_factorial_long_20260822/20260823T012141Z-b907865386/GTSC_GB-T900-s5101
251.99999999998414,6300,106,1.8105770877064267,1.7983023553687982,1.9763940717872033,4539.0,GTSC_GB,results/jerky_area_loss_factorial_long_20260822/20260823T012141Z-b907865386/GTSC_GB-T900-s5101
253.99999999998374,6350,106,1.8023447726057722,1.7943131239703831,1.942879686947486,4524.0,GTSC_GB,results/jerky_area_loss_factorial_long_20260822/20260823T012141Z-b907865386/GTSC_GB-T900-s5101
255.99999999998334,6400,106,1.8073559452042336,1.801048558308423,1.9454952588655146,4518.0,GTSC_GB,results/jerky_area_loss_factorial_long_20260822/20260823T012141Z-b907865386/GTSC_GB-T900-s5101
257.99999999998437,6450,106,1.810618240862979,1.8111591713898245,1.983849771079253,4510.0,GTSC_GB,results/jerky_area_loss_factorial_long_20260822/20260823T012141Z-b907865386/GTSC_GB-T900-s5101
259.9999999999854,6500,105,1.8096933288234887,1.8181028268803736,1.9597318782869004,4499.0,GTSC_GB,results/jerky_area_loss_factorial_long_20260822/20260823T012141Z-b907865386/GTSC_GB-T900-s5101
261.9999999999864,6550,104,1.8162176418130553,1.81804576868208,1.9911772969102324,4499.0,GTSC_GB,results/jerky_area_loss_factorial_long_20260822/20260823T012141Z-b907865386/GTSC_GB-T900-s5101
263.99999999998744,6600,104,1.8150171939952076,1.8137195183238108,1.967574261372365,4488.0,GTSC_GB,results/jerky_area_loss_factorial_long_20260822/20260823T012141Z-b907865386/GTSC_GB-T900-s5101
265.99999999998846,6650,104,1.8168566099455947,1.8220135467028746,1.9583611999238748,4487.0,GTSC_GB,results/jerky_area_loss_factorial_long_20260822/20260823T012141Z-b907865386/GTSC_GB-T900-s5101
267.9999999999895,6700,104,1.8140038858514027,1.8171127307465054,1.9868137748431574,4482.0,GTSC_GB,results/jerky_area_loss_factorial_long_20260822/20260823T012141Z-b907865386/GTSC_GB-T900-s5101
269.9999999999905,6750,104,1.814552363541634,1.808959652223911,1.9881878182211137,4480.0,GTSC_GB,results/jerky_area_loss_factorial_long_20260822/20260823T012141Z-b907865386/GTSC_GB-T900-s5101
271.99999999999153,6800,104,1.8147757907559485,1.8097042367529959,1.9881878182211137,4481.0,GTSC_GB,results/jerky_area_loss_factorial_long_20260822/20260823T012141Z-b907865386/GTSC_GB-T900-s5101
273.99999999999255,6850,104,1.8115877713913706,1.7956427927379173,2.001461828793413,4477.0,GTSC_GB,results/jerky_area_loss_factorial_long_20260822/20260823T012141Z-b907865386/GTSC_GB-T900-s5101
275.9999999999936,6900,104,1.8062121582667905,1.7875823689102959,2.003244672539825,4467.0,GTSC_GB,results/jerky_area_loss_factorial_long_20260822/20260823T012141Z-b907865386/GTSC_GB-T900-s5101
277.9999999999946,6950,104,1.812079093830595,1.8000088442836677,2.000690161965713,4472.0,GTSC_GB,results/jerky_area_loss_factorial_long_20260822/20260823T012141Z-b907865386/GTSC_GB-T900-s5101
279.9999999999956,7000,104,1.8131750381245575,1.8050957097813112,1.9915186764177968,4467.0,GTSC_GB,results/jerky_area_loss_factorial_long_20260822/20260823T012141Z-b907865386/GTSC_GB-T900-s5101
281.99999999999665,7050,104,1.8048285690476111,1.7977008270782089,1.9875716555245473,4453.0,GTSC_GB,results/jerky_area_loss_factorial_long_20260822/20260823T012141Z-b907865386/GTSC_GB-T900-s5101
283.99999999999767,7100,103,1.812051545321002,1.8076065445248868,1.9873719783123045,4449.0,GTSC_GB,results/jerky_area_loss_factorial_long_20260822/20260823T012141Z-b907865386/GTSC_GB-T900-s5101
285.9999999999987,7150,103,1.8094580414978487,1.8044778128332806,1.9891074200076675,4444.0,GTSC_GB,results/jerky_area_loss_factorial_long_20260822/20260823T012141Z-b907865386/GTSC_GB-T900-s5101
287.9999999999997,7200,103,1.8108142285845936,1.8027604143787073,1.989321969483533,4443.0,GTSC_GB,results/jerky_area_loss_factorial_long_20260822/20260823T012141Z-b907865386/GTSC_GB-T900-s5101
290.00000000000074,7250,103,1.8116953037337662,1.8003470804906503,1.9918324579472573,4442.0,GTSC_GB,results/jerky_area_loss_factorial_long_20260822/20260823T012141Z-b907865386/GTSC_GB-T900-s5101
292.00000000000176,7300,103,1.811815643652139,1.8208083370394217,1.9968772686259437,4438.0,GTSC_GB,results/jerky_area_loss_factorial_long_20260822/20260823T012141Z-b907865386/GTSC_GB-T900-s5101
294.0000000000028,7350,103,1.8105945251231739,1.8108295747344536,2.02186796093164,4433.0,GTSC_GB,results/jerky_area_loss_factorial_long_20260822/20260823T012141Z-b907865386/GTSC_GB-T900-s5101
296.0000000000038,7400,102,1.811712176282524,1.800586035969639,2.0065225398923805,4430.0,GTSC_GB,results/jerky_area_loss_factorial_long_20260822/20260823T012141Z-b907865386/GTSC_GB-T900-s5101
298.00000000000483,7450,102,1.8087138159448204,1.798575286975736,1.9866848332871119,4423.0,GTSC_GB,results/jerky_area_loss_factorial_long_20260822/20260823T012141Z-b907865386/GTSC_GB-T900-s5101
300.00000000000585,7500,102,1.8063240006924277,1.7863580271529336,1.97495424446105,4421.0,GTSC_GB,results/jerky_area_loss_factorial_long_20260822/20260823T012141Z-b907865386/GTSC_GB-T900-s5101
302.0000000000069,7550,102,1.8064475771206425,1.785974540467301,1.986877405104376,4418.0,GTSC_GB,results/jerky_area_loss_factorial_long_20260822/20260823T012141Z-b907865386/GTSC_GB-T900-s5101
304.0000000000079,7600,102,1.810102452435146,1.7935355285575176,1.9956317872714202,4416.0,GTSC_GB,results/jerky_area_loss_factorial_long_20260822/20260823T012141Z-b907865386/GTSC_GB-T900-s5101
306.0000000000089,7650,102,1.8089683471927582,1.8011698082836909,1.994535141910449,4413.0,GTSC_GB,results/jerky_area_loss_factorial_long_20260822/20260823T012141Z-b907865386/GTSC_GB-T900-s5101
308.00000000000995,7700,102,1.8122856571662525,1.8033004286189183,1.98769193545286,4409.0,GTSC_GB,results/jerky_area_loss_factorial_long_20260822/20260823T012141Z-b907865386/GTSC_GB-T900-s5101
310.00000000001097,7750,102,1.8016763165059853,1.8033004286189183,1.985283539007619,4399.0,GTSC_GB,results/jerky_area_loss_factorial_long_20260822/20260823T012141Z-b907865386/GTSC_GB-T900-s5101
312.000000000012,7800,102,1.805607552652999,1.8098838628806342,1.9869129470201263,4399.0,GTSC_GB,results/jerky_area_loss_factorial_long_20260822/20260823T012141Z-b907865386/GTSC_GB-T900-s5101
314.000000000013,7850,101,1.812662353263276,1.8111888269897303,1.9864725848375246,4398.0,GTSC_GB,results/jerky_area_loss_factorial_long_20260822/20260823T012141Z-b907865386/GTSC_GB-T900-s5101
316.00000000001404,7900,101,1.8044504972182822,1.810034323210786,1.9750167099121778,4392.0,GTSC_GB,results/jerky_area_loss_factorial_long_20260822/20260823T012141Z-b907865386/GTSC_GB-T900-s5101
318.00000000001506,7950,100,1.8073032867300856,1.812466007664133,1.983927579080126,4388.0,GTSC_GB,results/jerky_area_loss_factorial_long_20260822/20260823T012141Z-b907865386/GTSC_GB-T900-s5101
320.0000000000161,8000,99,1.8040611056883118,1.806766044272533,1.9726164000142308,4380.0,GTSC_GB,results/jerky_area_loss_factorial_long_20260822/20260823T012141Z-b907865386/GTSC_GB-T900-s5101
322.0000000000171,8050,99,1.8049882404121815,1.8054618624701182,1.965844183778968,4368.0,GTSC_GB,results/jerky_area_loss_factorial_long_20260822/20260823T012141Z-b907865386/GTSC_GB-T900-s5101
324.00000000001813,8100,99,1.8124333749518096,1.8110474803964014,1.978953581220963,4371.0,GTSC_GB,results/jerky_area_loss_factorial_long_20260822/20260823T012141Z-b907865386/GTSC_GB-T900-s5101
326.00000000001916,8150,98,1.8136957429137646,1.810586792331169,1.991136239735944,4356.0,GTSC_GB,results/jerky_area_loss_factorial_long_20260822/20260823T012141Z-b907865386/GTSC_GB-T900-s5101
328.0000000000202,8200,98,1.8189164059045702,1.8146905233116566,1.991136239735944,4351.0,GTSC_GB,results/jerky_area_loss_factorial_long_20260822/20260823T012141Z-b907865386/GTSC_GB-T900-s5101
330.0000000000212,8250,98,1.8146074522073226,1.811711086922692,1.9958963937763576,4344.0,GTSC_GB,results/jerky_area_loss_factorial_long_20260822/20260823T012141Z-b907865386/GTSC_GB-T900-s5101
332.0000000000222,8300,98,1.8204672801734443,1.8182751451909611,1.9981187654119508,4346.0,GTSC_GB,results/jerky_area_loss_factorial_long_20260822/20260823T012141Z-b907865386/GTSC_GB-T900-s5101
334.00000000002325,8350,98,1.8195462177516761,1.8186215602803155,1.991136239735944,4346.0,GTSC_GB,results/jerky_area_loss_factorial_long_20260822/20260823T012141Z-b907865386/GTSC_GB-T900-s5101
336.0000000000243,8400,98,1.8147178672704978,1.8168798978055207,1.9995332449916459,4339.0,GTSC_GB,results/jerky_area_loss_factorial_long_20260822/20260823T012141Z-b907865386/GTSC_GB-T900-s5101
338.0000000000253,8450,98,1.8145519234383347,1.8144227213495179,2.0074009916337467,4332.0,GTSC_GB,results/jerky_area_loss_factorial_long_20260822/20260823T012141Z-b907865386/GTSC_GB-T900-s5101
340.0000000000263,8500,98,1.8128685442134627,1.8014500437235244,2.022850019391376,4329.0,GTSC_GB,results/jerky_area_loss_factorial_long_20260822/20260823T012141Z-b907865386/GTSC_GB-T900-s5101
342.00000000002734,8550,97,1.8189798569673137,1.8122333468556537,2.0165769668169777,4327.0,GTSC_GB,results/jerky_area_loss_factorial_long_20260822/20260823T012141Z-b907865386/GTSC_GB-T900-s5101
344.00000000002836,8600,97,1.820567256384626,1.8111888269897303,2.0205387022052888,4324.0,GTSC_GB,results/jerky_area_loss_factorial_long_20260822/20260823T012141Z-b907865386/GTSC_GB-T900-s5101
346.0000000000294,8650,97,1.8136420246653435,1.8082917350990613,2.0259561180121994,4315.0,GTSC_GB,results/jerky_area_loss_factorial_long_20260822/20260823T012141Z-b907865386/GTSC_GB-T900-s5101
348.0000000000304,8700,97,1.809911366990949,1.805535192819947,2.0130362858003124,4304.0,GTSC_GB,results/jerky_area_loss_factorial_long_20260822/20260823T012141Z-b907865386/GTSC_GB-T900-s5101
350.00000000003143,8750,95,1.8105401863464718,1.8054618624701182,2.0042489788338833,4298.0,GTSC_GB,results/jerky_area_loss_factorial_long_20260822/20260823T012141Z-b907865386/GTSC_GB-T900-s5101
352.00000000003246,8800,95,1.8099763788431364,1.80039528384497,2.000168082857168,4291.0,GTSC_GB,results/jerky_area_loss_factorial_long_20260822/20260823T012141Z-b907865386/GTSC_GB-T900-s5101
354.0000000000335,8850,95,1.8099769011027045,1.806766044272533,2.000168082857168,4281.0,GTSC_GB,results/jerky_area_loss_factorial_long_20260822/20260823T012141Z-b907865386/GTSC_GB-T900-s5101
356.0000000000345,8900,95,1.8077256458086146,1.80039528384497,2.012731099267621,4275.0,GTSC_GB,results/jerky_area_loss_factorial_long_20260822/20260823T012141Z-b907865386/GTSC_GB-T900-s5101
358.0000000000355,8950,95,1.8107797911943537,1.806766044272533,2.0001457172474493,4276.0,GTSC_GB,results/jerky_area_loss_factorial_long_20260822/20260823T012141Z-b907865386/GTSC_GB-T900-s5101
360.00000000003655,9000,95,1.8062142847743108,1.8044778128332806,2.021387442637817,4261.0,GTSC_GB,results/jerky_area_loss_factorial_long_20260822/20260823T012141Z-b907865386/GTSC_GB-T900-s5101
362.0000000000376,9050,93,1.8081866352310245,1.8077677499564435,2.036353629821612,4257.0,GTSC_GB,results/jerky_area_loss_factorial_long_20260822/20260823T012141Z-b907865386/GTSC_GB-T900-s5101
364.0000000000386,9100,93,1.808980842196229,1.8082141433633825,2.0053522829578814,4257.0,GTSC_GB,results/jerky_area_loss_factorial_long_20260822/20260823T012141Z-b907865386/GTSC_GB-T900-s5101
366.0000000000396,9150,93,1.802493606234549,1.806766044272533,1.9991979957424484,4251.0,GTSC_GB,results/jerky_area_loss_factorial_long_20260822/20260823T012141Z-b907865386/GTSC_GB-T900-s5101
368.00000000004064,9200,93,1.802960423118806,1.806766044272533,2.007296076006228,4243.0,GTSC_GB,results/jerky_area_loss_factorial_long_20260822/20260823T012141Z-b907865386/GTSC_GB-T900-s5101
370.00000000004167,9250,92,1.8026498013683803,1.7872506001072272,2.0116542356715708,4235.0,GTSC_GB,results/jerky_area_loss_factorial_long_20260822/20260823T012141Z-b907865386/GTSC_GB-T900-s5101
372.0000000000427,9300,92,1.8124807264880411,1.8044778128332806,2.0226096546153176,4237.0,GTSC_GB,results/jerky_area_loss_factorial_long_20260822/20260823T012141Z-b907865386/GTSC_GB-T900-s5101
374.0000000000437,9350,92,1.815991926518093,1.8077457304141378,2.015312350697766,4228.0,GTSC_GB,results/jerky_area_loss_factorial_long_20260822/20260823T012141Z-b907865386/GTSC_GB-T900-s5101
376.00000000004474,9400,92,1.8125249585229442,1.7939869681212697,2.026540932169512,4223.0,GTSC_GB,results/jerky_area_loss_factorial_long_20260822/20260823T012141Z-b907865386/GTSC_GB-T900-s5101
378.00000000004576,9450,92,1.8142821273253689,1.8034927802389809,2.0220228674789102,4220.0,GTSC_GB,results/jerky_area_loss_factorial_long_20260822/20260823T012141Z-b907865386/GTSC_GB-T900-s5101
380.0000000000468,9500,91,1.8077028611637882,1.8044778128332806,2.0040408939136785,4212.0,GTSC_GB,results/jerky_area_loss_factorial_long_20260822/20260823T012141Z-b907865386/GTSC_GB-T900-s5101
382.0000000000478,9550,91,1.8044724758923953,1.8037560217081472,1.986336367679369,4203.0,GTSC_GB,results/jerky_area_loss_factorial_long_20260822/20260823T012141Z-b907865386/GTSC_GB-T900-s5101
384.00000000004883,9600,90,1.800741713459885,1.8016847357149277,1.9756384931237525,4189.0,GTSC_GB,results/jerky_area_loss_factorial_long_20260822/20260823T012141Z-b907865386/GTSC_GB-T900-s5101
386.00000000004985,9650,90,1.8036357267429823,1.8034927802389809,1.9826041589843757,4188.0,GTSC_GB,results/jerky_area_loss_factorial_long_20260822/20260823T012141Z-b907865386/GTSC_GB-T900-s5101
388.0000000000509,9700,90,1.8001595427301171,1.798799777766459,1.9758166190105995,4178.0,GTSC_GB,results/jerky_area_loss_factorial_long_20260822/20260823T012141Z-b907865386/GTSC_GB-T900-s5101
390.0000000000519,9750,90,1.8027206014639034,1.8003037691792514,2.0093031891398985,4174.0,GTSC_GB,results/jerky_area_loss_factorial_long_20260822/20260823T012141Z-b907865386/GTSC_GB-T900-s5101
392.0000000000529,9800,90,1.8015438731652593,1.802896569389045,1.9624696671880943,4170.0,GTSC_GB,results/jerky_area_loss_factorial_long_20260822/20260823T012141Z-b907865386/GTSC_GB-T900-s5101
394.00000000005394,9850,90,1.7996908782850325,1.7978827144696794,1.973497683131123,4169.0,GTSC_GB,results/jerky_area_loss_factorial_long_20260822/20260823T012141Z-b907865386/GTSC_GB-T900-s5101
396.00000000005497,9900,90,1.8005782179083556,1.7959306159740556,1.9632896900645525,4167.0,GTSC_GB,results/jerky_area_loss_factorial_long_20260822/20260823T012141Z-b907865386/GTSC_GB-T900-s5101
398.000000000056,9950,90,1.8002684813296541,1.8002504062215416,1.9510196683049787,4166.0,GTSC_GB,results/jerky_area_loss_factorial_long_20260822/20260823T012141Z-b907865386/GTSC_GB-T900-s5101
400.000000000057,10000,90,1.7998582706202289,1.799217709788067,1.957682338475364,4162.0,GTSC_GB,results/jerky_area_loss_factorial_long_20260822/20260823T012141Z-b907865386/GTSC_GB-T900-s5101
0.0,0,190,1.7920895484123613,1.7854416702856883,1.956505991785691,6086.0,GTSC_GBTJ,results/jerky_area_loss_factorial_long_20260822/20260823T012141Z-b907865386/GTSC_GBTJ-T900-s5101
2.000000000000001,50,186,1.797430020260153,1.7810746189440767,1.958409297465745,6022.0,GTSC_GBTJ,results/jerky_area_loss_factorial_long_20260822/20260823T012141Z-b907865386/GTSC_GBTJ-T900-s5101
4.000000000000003,100,180,1.7926525099704447,1.7865225993678828,1.9489365986599099,5965.0,GTSC_GBTJ,results/jerky_area_loss_factorial_long_20260822/20260823T012141Z-b907865386/GTSC_GBTJ-T900-s5101
6.000000000000004,150,178,1.7858754620997315,1.7737078083083129,1.946056950875869,5901.0,GTSC_GBTJ,results/jerky_area_loss_factorial_long_20260822/20260823T012141Z-b907865386/GTSC_GBTJ-T900-s5101
8.000000000000005,200,177,1.7904278310034585,1.7762828470077605,1.9441654097185739,5858.0,GTSC_GBTJ,results/jerky_area_loss_factorial_long_20260822/20260823T012141Z-b907865386/GTSC_GBTJ-T900-s5101
9.999999999999963,250,176,1.7910393811111043,1.7690385432433429,1.9753020489475235,5811.0,GTSC_GBTJ,results/jerky_area_loss_factorial_long_20260822/20260823T012141Z-b907865386/GTSC_GBTJ-T900-s5101
11.99999999999992,300,175,1.7803619959328307,1.754164264078064,1.94918985703893,5769.0,GTSC_GBTJ,results/jerky_area_loss_factorial_long_20260822/20260823T012141Z-b907865386/GTSC_GBTJ-T900-s5101
13.999999999999877,350,174,1.7676364660059751,1.7495372885043563,1.9172257765430658,5733.0,GTSC_GBTJ,results/jerky_area_loss_factorial_long_20260822/20260823T012141Z-b907865386/GTSC_GBTJ-T900-s5101
15.999999999999835,400,173,1.7818592751443327,1.7690684059060673,1.936817723949284,5720.0,GTSC_GBTJ,results/jerky_area_loss_factorial_long_20260822/20260823T012141Z-b907865386/GTSC_GBTJ-T900-s5101
17.999999999999794,450,172,1.7816564340527945,1.7706653598344173,1.9366119824794783,5695.0,GTSC_GBTJ,results/jerky_area_loss_factorial_long_20260822/20260823T012141Z-b907865386/GTSC_GBTJ-T900-s5101
19.99999999999975,500,168,1.778436491910151,1.771920770201243,1.928463672075594,5669.0,GTSC_GBTJ,results/jerky_area_loss_factorial_long_20260822/20260823T012141Z-b907865386/GTSC_GBTJ-T900-s5101
21.99999999999971,550,167,1.7781389543158563,1.7759306618208033,1.9297972734332478,5624.0,GTSC_GBTJ,results/jerky_area_loss_factorial_long_20260822/20260823T012141Z-b907865386/GTSC_GBTJ-T900-s5101
23.999999999999666,600,163,1.7685406382293352,1.7610707879287117,1.9179018141359847,5581.0,GTSC_GBTJ,results/jerky_area_loss_factorial_long_20260822/20260823T012141Z-b907865386/GTSC_GBTJ-T900-s5101
25.999999999999623,650,163,1.7733967461294045,1.7712890827388226,1.9159666241569198,5567.0,GTSC_GBTJ,results/jerky_area_loss_factorial_long_20260822/20260823T012141Z-b907865386/GTSC_GBTJ-T900-s5101
27.99999999999958,700,161,1.77315264216427,1.7712890827388226,1.9286942216106606,5542.0,GTSC_GBTJ,results/jerky_area_loss_factorial_long_20260822/20260823T012141Z-b907865386/GTSC_GBTJ-T900-s5101
29.999999999999538,750,160,1.7706653010815887,1.7620089249348532,1.9153266522034549,5510.0,GTSC_GBTJ,results/jerky_area_loss_factorial_long_20260822/20260823T012141Z-b907865386/GTSC_GBTJ-T900-s5101
31.999999999999496,800,158,1.7664021798590714,1.7583108158005265,1.9086334691902254,5483.0,GTSC_GBTJ,results/jerky_area_loss_factorial_long_20260822/20260823T012141Z-b907865386/GTSC_GBTJ-T900-s5101
33.99999999999945,850,158,1.7764638126341736,1.7661556777133742,1.9246108424251422,5474.0,GTSC_GBTJ,results/jerky_area_loss_factorial_long_20260822/20260823T012141Z-b907865386/GTSC_GBTJ-T900-s5101
35.99999999999941,900,157,1.7848668119778184,1.7723267604888122,1.9373293648828371,5463.0,GTSC_GBTJ,results/jerky_area_loss_factorial_long_20260822/20260823T012141Z-b907865386/GTSC_GBTJ-T900-s5101
37.99999999999937,950,155,1.7807790949804614,1.7681838186278778,1.928264742613314,5437.0,GTSC_GBTJ,results/jerky_area_loss_factorial_long_20260822/20260823T012141Z-b907865386/GTSC_GBTJ-T900-s5101
39.999999999999325,1000,154,1.782682305713174,1.7829016378515838,1.9382801051395189,5429.0,GTSC_GBTJ,results/jerky_area_loss_factorial_long_20260822/20260823T012141Z-b907865386/GTSC_GBTJ-T900-s5101
41.99999999999928,1050,154,1.7855740975996066,1.7925404242384892,1.9339821240112736,5407.0,GTSC_GBTJ,results/jerky_area_loss_factorial_long_20260822/20260823T012141Z-b907865386/GTSC_GBTJ-T900-s5101
43.99999999999924,1100,153,1.7854607799387863,1.782535362629228,1.9398468121717962,5377.0,GTSC_GBTJ,results/jerky_area_loss_factorial_long_20260822/20260823T012141Z-b907865386/GTSC_GBTJ-T900-s5101
45.9999999999992,1150,151,1.788011056811465,1.7862259120342572,1.9354704573704056,5372.0,GTSC_GBTJ,results/jerky_area_loss_factorial_long_20260822/20260823T012141Z-b907865386/GTSC_GBTJ-T900-s5101
47.999999999999154,1200,150,1.782010188885998,1.77668380144587,1.9416846368924017,5352.0,GTSC_GBTJ,results/jerky_area_loss_factorial_long_20260822/20260823T012141Z-b907865386/GTSC_GBTJ-T900-s5101
49.99999999999911,1250,150,1.785646190327756,1.77357968024037,1.9359213187685986,5339.0,GTSC_GBTJ,results/jerky_area_loss_factorial_long_20260822/20260823T012141Z-b907865386/GTSC_GBTJ-T900-s5101
51.99999999999907,1300,150,1.7904173364137321,1.7791464015725897,1.930698547774915,5334.0,GTSC_GBTJ,results/jerky_area_loss_factorial_long_20260822/20260823T012141Z-b907865386/GTSC_GBTJ-T900-s5101
53.99999999999903,1350,149,1.7879956816857652,1.7909303486384707,1.9191023361345416,5326.0,GTSC_GBTJ,results/jerky_area_loss_factorial_long_20260822/20260823T012141Z-b907865386/GTSC_GBTJ-T900-s5101
55.999999999998984,1400,149,1.7864368631765906,1.7931456921686877,1.952863837586848,5314.0,GTSC_GBTJ,results/jerky_area_loss_factorial_long_20260822/20260823T012141Z-b907865386/GTSC_GBTJ-T900-s5101
57.99999999999894,1450,149,1.788420309127194,1.7920433202684838,1.95015170775892,5303.0,GTSC_GBTJ,results/jerky_area_loss_factorial_long_20260822/20260823T012141Z-b907865386/GTSC_GBTJ-T900-s5101
59.9999999999989,1500,147,1.7958172628556444,1.801931149305783,1.9571716243179231,5293.0,GTSC_GBTJ,results/jerky_area_loss_factorial_long_20260822/20260823T012141Z-b907865386/GTSC_GBTJ-T900-s5101
61.999999999998856,1550,147,1.7869000238943729,1.7800630528336256,1.938641071640718,5268.0,GTSC_GBTJ,results/jerky_area_loss_factorial_long_20260822/20260823T012141Z-b907865386/GTSC_GBTJ-T900-s5101
63.99999999999881,1600,146,1.7844566762307283,1.7788421220117008,1.9404286472292116,5250.0,GTSC_GBTJ,results/jerky_area_loss_factorial_long_20260822/20260823T012141Z-b907865386/GTSC_GBTJ-T900-s5101
65.99999999999912,1650,146,1.7846422017004164,1.777304576645378,1.9465775541742834,5242.0,GTSC_GBTJ,results/jerky_area_loss_factorial_long_20260822/20260823T012141Z-b907865386/GTSC_GBTJ-T900-s5101
67.99999999999943,1700,145,1.7901560887002006,1.769893267858808,1.9484189313013742,5237.0,GTSC_GBTJ,results/jerky_area_loss_factorial_long_20260822/20260823T012141Z-b907865386/GTSC_GBTJ-T900-s5101
69.99999999999974,1750,142,1.796575339254619,1.7765886374725617,1.959479215997298,5230.0,GTSC_GBTJ,results/jerky_area_loss_factorial_long_20260822/20260823T012141Z-b907865386/GTSC_GBTJ-T900-s5101
72.00000000000006,1800,141,1.7937697754401125,1.7776382874571697,1.9399483113191223,5215.0,GTSC_GBTJ,results/jerky_area_loss_factorial_long_20260822/20260823T012141Z-b907865386/GTSC_GBTJ-T900-s5101
74.00000000000037,1850,140,1.806407421351151,1.801043874839699,1.9582708424489035,5221.0,GTSC_GBTJ,results/jerky_area_loss_factorial_long_20260822/20260823T012141Z-b907865386/GTSC_GBTJ-T900-s5101
76.00000000000068,1900,140,1.7999572766753602,1.7918125369045288,1.9652760525597253,5192.0,GTSC_GBTJ,results/jerky_area_loss_factorial_long_20260822/20260823T012141Z-b907865386/GTSC_GBTJ-T900-s5101
78.000000000001,1950,139,1.8000969437968506,1.7931456921686877,1.9542073540995981,5167.0,GTSC_GBTJ,results/jerky_area_loss_factorial_long_20260822/20260823T012141Z-b907865386/GTSC_GBTJ-T900-s5101
80.00000000000131,2000,137,1.8131440017403049,1.798328743171339,1.9528338392577025,5157.0,GTSC_GBTJ,results/jerky_area_loss_factorial_long_20260822/20260823T012141Z-b907865386/GTSC_GBTJ-T900-s5101
82.00000000000162,2050,134,1.8242794248372023,1.811483250687313,1.960172070707014,5140.0,GTSC_GBTJ,results/jerky_area_loss_factorial_long_20260822/20260823T012141Z-b907865386/GTSC_GBTJ-T900-s5101
84.00000000000193,2100,134,1.8184255496224657,1.7989906511280243,1.989436788648692,5116.0,GTSC_GBTJ,results/jerky_area_loss_factorial_long_20260822/20260823T012141Z-b907865386/GTSC_GBTJ-T900-s5101
86.00000000000225,2150,134,1.8160147077756876,1.8011321736592327,1.9985806284726482,5089.0,GTSC_GBTJ,results/jerky_area_loss_factorial_long_20260822/20260823T012141Z-b907865386/GTSC_GBTJ-T900-s5101
88.00000000000256,2200,132,1.8101512661404315,1.8025631033214207,1.9914344332756766,5076.0,GTSC_GBTJ,results/jerky_area_loss_factorial_long_20260822/20260823T012141Z-b907865386/GTSC_GBTJ-T900-s5101
90.00000000000287,2250,132,1.8053392931609171,1.7921938061267024,1.9814538473601837,5057.0,GTSC_GBTJ,results/jerky_area_loss_factorial_long_20260822/20260823T012141Z-b907865386/GTSC_GBTJ-T900-s5101
92.00000000000318,2300,132,1.8063287010050306,1.7960539626150673,1.9684113028556154,5042.0,GTSC_GBTJ,results/jerky_area_loss_factorial_long_20260822/20260823T012141Z-b907865386/GTSC_GBTJ-T900-s5101
94.0000000000035,2350,131,1.8036079547188086,1.8006483938095608,1.9684113028556154,5032.0,GTSC_GBTJ,results/jerky_area_loss_factorial_long_20260822/20260823T012141Z-b907865386/GTSC_GBTJ-T900-s5101
96.00000000000381,2400,130,1.8029233999888907,1.8039608166716845,1.9877019904671231,5028.0,GTSC_GBTJ,results/jerky_area_loss_factorial_long_20260822/20260823T012141Z-b907865386/GTSC_GBTJ-T900-s5101
98.00000000000412,2450,129,1.8090154214941292,1.8085788987715379,1.9767676700153611,5014.0,GTSC_GBTJ,results/jerky_area_loss_factorial_long_20260822/20260823T012141Z-b907865386/GTSC_GBTJ-T900-s5101
100.00000000000443,2500,129,1.8049171267097983,1.7955668411911145,1.9534971456004178,4998.0,GTSC_GBTJ,results/jerky_area_loss_factorial_long_20260822/20260823T012141Z-b907865386/GTSC_GBTJ-T900-s5101
102.00000000000475,2550,129,1.8031690757588583,1.799675125731432,1.9835821707441763,4984.0,GTSC_GBTJ,results/jerky_area_loss_factorial_long_20260822/20260823T012141Z-b907865386/GTSC_GBTJ-T900-s5101
104.00000000000506,2600,129,1.8008234660064635,1.7906261824787155,1.9566805681999575,4967.0,GTSC_GBTJ,results/jerky_area_loss_factorial_long_20260822/20260823T012141Z-b907865386/GTSC_GBTJ-T900-s5101
106.00000000000537,2650,129,1.79722356230018,1.7954667017554444,1.9484603797790814,4956.0,GTSC_GBTJ,results/jerky_area_loss_factorial_long_20260822/20260823T012141Z-b907865386/GTSC_GBTJ-T900-s5101
108.00000000000568,2700,129,1.8028496266956255,1.8006483938095608,1.94632681953497,4957.0,GTSC_GBTJ,results/jerky_area_loss_factorial_long_20260822/20260823T012141Z-b907865386/GTSC_GBTJ-T900-s5101
110.000000000006,2750,129,1.8009550235530007,1.7955668411911145,1.9446787572554243,4948.0,GTSC_GBTJ,results/jerky_area_loss_factorial_long_20260822/20260823T012141Z-b907865386/GTSC_GBTJ-T900-s5101
112.00000000000631,2800,129,1.7986976272197794,1.7953593580438265,1.945176056681021,4938.0,GTSC_GBTJ,results/jerky_area_loss_factorial_long_20260822/20260823T012141Z-b907865386/GTSC_GBTJ-T900-s5101
114.00000000000662,2850,128,1.7996148239147671,1.7971024861725937,1.9393048452157644,4929.0,GTSC_GBTJ,results/jerky_area_loss_factorial_long_20260822/20260823T012141Z-b907865386/GTSC_GBTJ-T900-s5101
116.00000000000693,2900,128,1.8087941019559524,1.797080540480573,1.9490796423646752,4932.0,GTSC_GBTJ,results/jerky_area_loss_factorial_long_20260822/20260823T012141Z-b907865386/GTSC_GBTJ-T900-s5101
118.00000000000725,2950,126,1.8024566419466281,1.7945869260177152,1.950238516860906,4919.0,GTSC_GBTJ,results/jerky_area_loss_factorial_long_20260822/20260823T012141Z-b907865386/GTSC_GBTJ-T900-s5101
120.00000000000756,3000,125,1.7948762588097658,1.7895616009195723,1.9525132659817999,4896.0,GTSC_GBTJ,results/jerky_area_loss_factorial_long_20260822/20260823T012141Z-b907865386/GTSC_GBTJ-T900-s5101
122.00000000000787,3050,124,1.796983700278892,1.793376351506502,1.95214881573711,4883.0,GTSC_GBTJ,results/jerky_area_loss_factorial_long_20260822/20260823T012141Z-b907865386/GTSC_GBTJ-T900-s5101
124.00000000000819,3100,123,1.7954801145551615,1.784983900215257,1.9531997210794527,4869.0,GTSC_GBTJ,results/jerky_area_loss_factorial_long_20260822/20260823T012141Z-b907865386/GTSC_GBTJ-T900-s5101
126.0000000000085,3150,123,1.8002953706528972,1.793607010844316,1.9582101858901555,4851.0,GTSC_GBTJ,results/jerky_area_loss_factorial_long_20260822/20260823T012141Z-b907865386/GTSC_GBTJ-T900-s5101
128.0000000000088,3200,123,1.8053783617956216,1.7985942397700316,1.9573690454720776,4841.0,GTSC_GBTJ,results/jerky_area_loss_factorial_long_20260822/20260823T012141Z-b907865386/GTSC_GBTJ-T900-s5101
130.0000000000084,3250,123,1.8046375165772606,1.7922853951790017,1.9785523668880056,4831.0,GTSC_GBTJ,results/jerky_area_loss_factorial_long_20260822/20260823T012141Z-b907865386/GTSC_GBTJ-T900-s5101
132.00000000000801,3300,122,1.8054011967191652,1.7922686797413934,1.957438629473335,4825.0,GTSC_GBTJ,results/jerky_area_loss_factorial_long_20260822/20260823T012141Z-b907865386/GTSC_GBTJ-T900-s5101
134.00000000000762,3350,122,1.802001507785368,1.789547424816503,1.9547157864976403,4815.0,GTSC_GBTJ,results/jerky_area_loss_factorial_long_20260822/20260823T012141Z-b907865386/GTSC_GBTJ-T900-s5101
136.00000000000722,3400,122,1.7947135651548354,1.7802496907329723,1.9382491177623795,4803.0,GTSC_GBTJ,results/jerky_area_loss_factorial_long_20260822/20260823T012141Z-b907865386/GTSC_GBTJ-T900-s5101
138.00000000000682,3450,121,1.8087326138334852,1.7985942397700316,1.9611391023032763,4806.0,GTSC_GBTJ,results/jerky_area_loss_factorial_long_20260822/20260823T012141Z-b907865386/GTSC_GBTJ-T900-s5101
140.00000000000642,3500,121,1.801149534689584,1.793607010844316,1.9611391023032763,4789.0,GTSC_GBTJ,results/jerky_area_loss_factorial_long_20260822/20260823T012141Z-b907865386/GTSC_GBTJ-T900-s5101
142.00000000000603,3550,120,1.7993475389883717,1.7872552083739643,1.9458039771172937,4775.0,GTSC_GBTJ,results/jerky_area_loss_factorial_long_20260822/20260823T012141Z-b907865386/GTSC_GBTJ-T900-s5101
144.00000000000563,3600,120,1.800505972714119,1.7842474692813528,1.9390563597464563,4764.0,GTSC_GBTJ,results/jerky_area_loss_factorial_long_20260822/20260823T012141Z-b907865386/GTSC_GBTJ-T900-s5101
146.00000000000523,3650,118,1.8003007178788275,1.77837470562997,1.9636727388150537,4755.0,GTSC_GBTJ,results/jerky_area_loss_factorial_long_20260822/20260823T012141Z-b907865386/GTSC_GBTJ-T900-s5101
148.00000000000483,3700,118,1.8090607764734647,1.7870500028111516,1.9848913515087192,4754.0,GTSC_GBTJ,results/jerky_area_loss_factorial_long_20260822/20260823T012141Z-b907865386/GTSC_GBTJ-T900-s5101
150.00000000000443,3750,115,1.8073148268200039,1.7815483552302083,1.9758584070793603,4742.0,GTSC_GBTJ,results/jerky_area_loss_factorial_long_20260822/20260823T012141Z-b907865386/GTSC_GBTJ-T900-s5101
152.00000000000404,3800,115,1.8077036120476455,1.7818616909124367,1.9693986508940324,4733.0,GTSC_GBTJ,results/jerky_area_loss_factorial_long_20260822/20260823T012141Z-b907865386/GTSC_GBTJ-T900-s5101
154.00000000000364,3850,115,1.8128205021240065,1.7846955494815728,1.9800332695237366,4727.0,GTSC_GBTJ,results/jerky_area_loss_factorial_long_20260822/20260823T012141Z-b907865386/GTSC_GBTJ-T900-s5101
156.00000000000324,3900,115,1.8039383942779672,1.7811403790642788,1.9698212819872805,4711.0,GTSC_GBTJ,results/jerky_area_loss_factorial_long_20260822/20260823T012141Z-b907865386/GTSC_GBTJ-T900-s5101
158.00000000000284,3950,115,1.810971934580273,1.7843189956121541,1.984075189328731,4708.0,GTSC_GBTJ,results/jerky_area_loss_factorial_long_20260822/20260823T012141Z-b907865386/GTSC_GBTJ-T900-s5101
160.00000000000244,4000,114,1.809830331895114,1.7890068258819536,1.9940712686950084,4701.0,GTSC_GBTJ,results/jerky_area_loss_factorial_long_20260822/20260823T012141Z-b907865386/GTSC_GBTJ-T900-s5101
162.00000000000205,4050,113,1.815738975620128,1.7954667017554444,1.970192379636446,4699.0,GTSC_GBTJ,results/jerky_area_loss_factorial_long_20260822/20260823T012141Z-b907865386/GTSC_GBTJ-T900-s5101
164.00000000000165,4100,112,1.8133474342365106,1.793745023879491,1.971122740330303,4689.0,GTSC_GBTJ,results/jerky_area_loss_factorial_long_20260822/20260823T012141Z-b907865386/GTSC_GBTJ-T900-s5101
166.00000000000125,4150,112,1.8151052103721455,1.8009173198574038,1.9712643920480926,4672.0,GTSC_GBTJ,results/jerky_area_loss_factorial_long_20260822/20260823T012141Z-b907865386/GTSC_GBTJ-T900-s5101
168.00000000000085,4200,111,1.8137131647302394,1.8014393558698374,1.9496480528757179,4657.0,GTSC_GBTJ,results/jerky_area_loss_factorial_long_20260822/20260823T012141Z-b907865386/GTSC_GBTJ-T900-s5101
170.00000000000045,4250,111,1.8086872498786668,1.7963311861387736,1.971792914867011,4641.0,GTSC_GBTJ,results/jerky_area_loss_factorial_long_20260822/20260823T012141Z-b907865386/GTSC_GBTJ-T900-s5101
172.00000000000006,4300,111,1.8081277522485777,1.788746287237692,1.954004483799766,4639.0,GTSC_GBTJ,results/jerky_area_loss_factorial_long_20260822/20260823T012141Z-b907865386/GTSC_GBTJ-T900-s5101
173.99999999999966,4350,111,1.8072984364687157,1.7868013714131343,1.9695879456315104,4635.0,GTSC_GBTJ,results/jerky_area_loss_factorial_long_20260822/20260823T012141Z-b907865386/GTSC_GBTJ-T900-s5101
175.99999999999926,4400,111,1.8059226441860852,1.7818616909124367,1.9741053491765368,4629.0,GTSC_GBTJ,results/jerky_area_loss_factorial_long_20260822/20260823T012141Z-b907865386/GTSC_GBTJ-T900-s5101
177.99999999999886,4450,111,1.8137296632364512,1.785658964316078,1.992384102409653,4631.0,GTSC_GBTJ,results/jerky_area_loss_factorial_long_20260822/20260823T012141Z-b907865386/GTSC_GBTJ-T900-s5101
179.99999999999847,4500,110,1.8104974688266713,1.7933048471117794,1.981301831777065,4622.0,GTSC_GBTJ,results/jerky_area_loss_factorial_long_20260822/20260823T012141Z-b907865386/GTSC_GBTJ-T900-s5101
181.99999999999807,4550,110,1.8085758601481687,1.789831967648622,1.977750395008798,4612.0,GTSC_GBTJ,results/jerky_area_loss_factorial_long_20260822/20260823T012141Z-b907865386/GTSC_GBTJ-T900-s5101
183.99999999999767,4600,110,1.8083150266914974,1.790559646131269,1.9743540689896846,4595.0,GTSC_GBTJ,results/jerky_area_loss_factorial_long_20260822/20260823T012141Z-b907865386/GTSC_GBTJ-T900-s5101
185.99999999999727,4650,109,1.8077180455516375,1.7922853951790017,1.9577447690132588,4592.0,GTSC_GBTJ,results/jerky_area_loss_factorial_long_20260822/20260823T012141Z-b907865386/GTSC_GBTJ-T900-s5101
187.99999999999687,4700,108,1.804742382249429,1.7909163942069393,1.9538374161201764,4580.0,GTSC_GBTJ,results/jerky_area_loss_factorial_long_20260822/20260823T012141Z-b907865386/GTSC_GBTJ-T900-s5101
189.99999999999648,4750,108,1.8011015750443105,1.7869965239128645,1.9581274553025143,4568.0,GTSC_GBTJ,results/jerky_area_loss_factorial_long_20260822/20260823T012141Z-b907865386/GTSC_GBTJ-T900-s5101
191.99999999999608,4800,108,1.7977787839415593,1.781068814297707,1.9539593818379393,4554.0,GTSC_GBTJ,results/jerky_area_loss_factorial_long_20260822/20260823T012141Z-b907865386/GTSC_GBTJ-T900-s5101
193.99999999999568,4850,108,1.799842617791956,1.781068814297707,1.952726323088212,4546.0,GTSC_GBTJ,results/jerky_area_loss_factorial_long_20260822/20260823T012141Z-b907865386/GTSC_GBTJ-T900-s5101
195.99999999999528,4900,108,1.8002175349767053,1.7847508117344428,1.9573219459282094,4542.0,GTSC_GBTJ,results/jerky_area_loss_factorial_long_20260822/20260823T012141Z-b907865386/GTSC_GBTJ-T900-s5101
197.99999999999488,4950,107,1.8093794693094423,1.7883766876682388,1.9773944356119484,4544.0,GTSC_GBTJ,results/jerky_area_loss_factorial_long_20260822/20260823T012141Z-b907865386/GTSC_GBTJ-T900-s5101
199.9999999999945,5000,106,1.8047268517248927,1.782385246588182,1.974815480581069,4533.0,GTSC_GBTJ,results/jerky_area_loss_factorial_long_20260822/20260823T012141Z-b907865386/GTSC_GBTJ-T900-s5101
201.9999999999941,5050,105,1.8031575242507112,1.7904931097838226,1.9784973686743184,4524.0,GTSC_GBTJ,results/jerky_area_loss_factorial_long_20260822/20260823T012141Z-b907865386/GTSC_GBTJ-T900-s5101
203.9999999999937,5100,105,1.8052464433858926,1.7904931097838226,1.9726068010937452,4512.0,GTSC_GBTJ,results/jerky_area_loss_factorial_long_20260822/20260823T012141Z-b907865386/GTSC_GBTJ-T900-s5101
205.9999999999933,5150,105,1.8051091908426666,1.7882649405805362,1.9743109002587178,4501.0,GTSC_GBTJ,results/jerky_area_loss_factorial_long_20260822/20260823T012141Z-b907865386/GTSC_GBTJ-T900-s5101
207.9999999999929,5200,105,1.8079759154256958,1.7904931097838226,1.9754122441584159,4495.0,GTSC_GBTJ,results/jerky_area_loss_factorial_long_20260822/20260823T012141Z-b907865386/GTSC_GBTJ-T900-s5101
209.9999999999925,5250,103,1.801476326634429,1.7846574285371197,1.967828963058397,4489.0,GTSC_GBTJ,results/jerky_area_loss_factorial_long_20260822/20260823T012141Z-b907865386/GTSC_GBTJ-T900-s5101
211.9999999999921,5300,103,1.7963416295809997,1.783499938041906,1.9628619673003072,4479.0,GTSC_GBTJ,results/jerky_area_loss_factorial_long_20260822/20260823T012141Z-b907865386/GTSC_GBTJ-T900-s5101
213.9999999999917,5350,103,1.796602232492246,1.783499938041906,1.9675530958213543,4463.0,GTSC_GBTJ,results/jerky_area_loss_factorial_long_20260822/20260823T012141Z-b907865386/GTSC_GBTJ-T900-s5101
215.9999999999913,5400,103,1.8018721610041242,1.7842482409405307,1.975073195037237,4457.0,GTSC_GBTJ,results/jerky_area_loss_factorial_long_20260822/20260823T012141Z-b907865386/GTSC_GBTJ-T900-s5101
217.9999999999909,5450,103,1.7914171425605374,1.7775993445134552,1.974530250958552,4448.0,GTSC_GBTJ,results/jerky_area_loss_factorial_long_20260822/20260823T012141Z-b907865386/GTSC_GBTJ-T900-s5101
219.9999999999905,5500,102,1.7947771101636998,1.781068814297707,1.9662715355973968,4447.0,GTSC_GBTJ,results/jerky_area_loss_factorial_long_20260822/20260823T012141Z-b907865386/GTSC_GBTJ-T900-s5101
221.9999999999901,5550,102,1.799938365016077,1.78354816681254,1.9630265813651362,4446.0,GTSC_GBTJ,results/jerky_area_loss_factorial_long_20260822/20260823T012141Z-b907865386/GTSC_GBTJ-T900-s5101
223.9999999999897,5600,101,1.7976044489869074,1.7762828470077605,1.9403167358557898,4436.0,GTSC_GBTJ,results/jerky_area_loss_factorial_long_20260822/20260823T012141Z-b907865386/GTSC_GBTJ-T900-s5101
225.9999999999893,5650,100,1.7974171457390604,1.7785508238308902,1.9484385583636368,4429.0,GTSC_GBTJ,results/jerky_area_loss_factorial_long_20260822/20260823T012141Z-b907865386/GTSC_GBTJ-T900-s5101
227.99999999998892,5700,100,1.7951216566625812,1.7838740894912184,1.9767806386852054,4423.0,GTSC_GBTJ,results/jerky_area_loss_factorial_long_20260822/20260823T012141Z-b907865386/GTSC_GBTJ-T900-s5101
229.99999999998852,5750,100,1.7907074835615193,1.7838740894912184,1.9528095227360749,4416.0,GTSC_GBTJ,results/jerky_area_loss_factorial_long_20260822/20260823T012141Z-b907865386/GTSC_GBTJ-T900-s5101
231.99999999998812,5800,99,1.7902093693205914,1.783499938041906,1.942684594906658,4403.0,GTSC_GBTJ,results/jerky_area_loss_factorial_long_20260822/20260823T012141Z-b907865386/GTSC_GBTJ-T900-s5101
233.99999999998772,5850,99,1.7857089381572613,1.7785501024169748,1.9356236937726792,4397.0,GTSC_GBTJ,results/jerky_area_loss_factorial_long_20260822/20260823T012141Z-b907865386/GTSC_GBTJ-T900-s5101
235.99999999998732,5900,99,1.78742567562192,1.778637690553508,1.9363392772232955,4395.0,GTSC_GBTJ,results/jerky_area_loss_factorial_long_20260822/20260823T012141Z-b907865386/GTSC_GBTJ-T900-s5101
237.99999999998693,5950,99,1.7900396057167023,1.7838864907353762,1.9359358266188165,4391.0,GTSC_GBTJ,results/jerky_area_loss_factorial_long_20260822/20260823T012141Z-b907865386/GTSC_GBTJ-T900-s5101
239.99999999998653,6000,99,1.7906874862578408,1.7842482409405307,1.9359358266188165,4389.0,GTSC_GBTJ,results/jerky_area_loss_factorial_long_20260822/20260823T012141Z-b907865386/GTSC_GBTJ-T900-s5101
241.99999999998613,6050,99,1.7892555792575915,1.778637690553508,1.9370537238179095,4386.0,GTSC_GBTJ,results/jerky_area_loss_factorial_long_20260822/20260823T012141Z-b907865386/GTSC_GBTJ-T900-s5101
243.99999999998573,6100,99,1.7907961758350133,1.7842482409405307,1.9358712182178544,4383.0,GTSC_GBTJ,results/jerky_area_loss_factorial_long_20260822/20260823T012141Z-b907865386/GTSC_GBTJ-T900-s5101
245.99999999998533,6150,99,1.794320372688405,1.7895616009195723,1.9394567616792329,4385.0,GTSC_GBTJ,results/jerky_area_loss_factorial_long_20260822/20260823T012141Z-b907865386/GTSC_GBTJ-T900-s5101
247.99999999998494,6200,99,1.7903400055724819,1.7864722269832356,1.9370153577571216,4379.0,GTSC_GBTJ,results/jerky_area_loss_factorial_long_20260822/20260823T012141Z-b907865386/GTSC_GBTJ-T900-s5101
249.99999999998454,6250,99,1.7925018731845184,1.7849152496287328,1.9394567616792329,4376.0,GTSC_GBTJ,results/jerky_area_loss_factorial_long_20260822/20260823T012141Z-b907865386/GTSC_GBTJ-T900-s5101
251.99999999998414,6300,99,1.793623363395092,1.782535362629228,1.9357208330746773,4373.0,GTSC_GBTJ,results/jerky_area_loss_factorial_long_20260822/20260823T012141Z-b907865386/GTSC_GBTJ-T900-s5101
253.99999999998374,6350,98,1.7911198595864253,1.7850877151129076,1.9237494929978383,4373.0,GTSC_GBTJ,results/jerky_area_loss_factorial_long_20260822/20260823T012141Z-b907865386/GTSC_GBTJ-T900-s5101
255.99999999998334,6400,98,1.7832153059371965,1.7813959983833798,1.9237494929978383,4361.0,GTSC_GBTJ,results/jerky_area_loss_factorial_long_20260822/20260823T012141Z-b907865386/GTSC_GBTJ-T900-s5101
257.99999999998437,6450,97,1.788222216270856,1.7820081412856523,1.9243549438731897,4355.0,GTSC_GBTJ,results/jerky_area_loss_factorial_long_20260822/20260823T012141Z-b907865386/GTSC_GBTJ-T900-s5101
259.9999999999854,6500,97,1.785258404122799,1.7842482409405307,1.9187054276376763,4350.0,GTSC_GBTJ,results/jerky_area_loss_factorial_long_20260822/20260823T012141Z-b907865386/GTSC_GBTJ-T900-s5101
261.9999999999864,6550,97,1.7856115301535656,1.783499938041906,1.9273185186755903,4348.0,GTSC_GBTJ,results/jerky_area_loss_factorial_long_20260822/20260823T012141Z-b907865386/GTSC_GBTJ-T900-s5101
263.99999999998744,6600,97,1.7873505531651817,1.782535362629228,1.937326262250459,4344.0,GTSC_GBTJ,results/jerky_area_loss_factorial_long_20260822/20260823T012141Z-b907865386/GTSC_GBTJ-T900-s5101
265.99999999998846,6650,97,1.790679825939872,1.783499938041906,1.937326262250459,4344.0,GTSC_GBTJ,results/jerky_area_loss_factorial_long_20260822/20260823T012141Z-b907865386/GTSC_GBTJ-T900-s5101
267.9999999999895,6700,97,1.789788080192372,1.7857241557645216,1.9351716503030725,4340.0,GTSC_GBTJ,results/jerky_area_loss_factorial_long_20260822/20260823T012141Z-b907865386/GTSC_GBTJ-T900-s5101
269.9999999999905,6750,97,1.7906224036523315,1.783499938041906,1.9319686169341947,4340.0,GTSC_GBTJ,results/jerky_area_loss_factorial_long_20260822/20260823T012141Z-b907865386/GTSC_GBTJ-T900-s5101
271.99999999999153,6800,97,1.7876229628413016,1.782535362629228,1.9300975100810343,4335.0,GTSC_GBTJ,results/jerky_area_loss_factorial_long_20260822/20260823T012141Z-b907865386/GTSC_GBTJ-T900-s5101
273.99999999999255,6850,97,1.7875735790694391,1.7793579377404056,1.935577633152138,4333.0,GTSC_GBTJ,results/jerky_area_loss_factorial_long_20260822/20260823T012141Z-b907865386/GTSC_GBTJ-T900-s5101
275.9999999999936,6900,97,1.7872555522958447,1.7801178191898572,1.9346569409707683,4331.0,GTSC_GBTJ,results/jerky_area_loss_factorial_long_20260822/20260823T012141Z-b907865386/GTSC_GBTJ-T900-s5101
277.9999999999946,6950,97,1.7846916665587766,1.7807546080212067,1.9346569409707683,4327.0,GTSC_GBTJ,results/jerky_area_loss_factorial_long_20260822/20260823T012141Z-b907865386/GTSC_GBTJ-T900-s5101
279.9999999999956,7000,97,1.781593723923422,1.782535362629228,1.9315942485739384,4322.0,GTSC_GBTJ,results/jerky_area_loss_factorial_long_20260822/20260823T012141Z-b907865386/GTSC_GBTJ-T900-s5101
281.99999999999665,7050,97,1.7840775780466394,1.782535362629228,1.9351716503030725,4321.0,GTSC_GBTJ,results/jerky_area_loss_factorial_long_20260822/20260823T012141Z-b907865386/GTSC_GBTJ-T900-s5101
283.99999999999767,7100,97,1.783682654679561,1.788212226841423,1.9346569409707683,4319.0,GTSC_GBTJ,results/jerky_area_loss_factorial_long_20260822/20260823T012141Z-b907865386/GTSC_GBTJ-T900-s5101
285.9999999999987,7150,97,1.7877538590369946,1.794374937664113,1.9317195392720596,4323.0,GTSC_GBTJ,results/jerky_area_loss_factorial_long_20260822/20260823T012141Z-b907865386/GTSC_GBTJ-T900-s5101
287.9999999999997,7200,97,1.789427493177563,1.7983410949086989,1.9317195392720596,4324.0,GTSC_GBTJ,results/jerky_area_loss_factorial_long_20260822/20260823T012141Z-b907865386/GTSC_GBTJ-T900-s5101
290.00000000000074,7250,97,1.788589367557028,1.802817054492266,1.9317195392720596,4322.0,GTSC_GBTJ,results/jerky_area_loss_factorial_long_20260822/20260823T012141Z-b907865386/GTSC_GBTJ-T900-s5101
292.00000000000176,7300,97,1.7908144979985827,1.7955845593851036,1.9341757748637465,4320.0,GTSC_GBTJ,results/jerky_area_loss_factorial_long_20260822/20260823T012141Z-b907865386/GTSC_GBTJ-T900-s5101
294.0000000000028,7350,96,1.7932905976591602,1.7967786151482004,1.935761891612779,4319.0,GTSC_GBTJ,results/jerky_area_loss_factorial_long_20260822/20260823T012141Z-b907865386/GTSC_GBTJ-T900-s5101
296.0000000000038,7400,96,1.7926818883304303,1.8014010826536941,1.9350961333022627,4316.0,GTSC_GBTJ,results/jerky_area_loss_factorial_long_20260822/20260823T012141Z-b907865386/GTSC_GBTJ-T900-s5101
298.00000000000483,7450,96,1.7897189921117118,1.7982438249665822,1.935761891612779,4309.0,GTSC_GBTJ,results/jerky_area_loss_factorial_long_20260822/20260823T012141Z-b907865386/GTSC_GBTJ-T900-s5101
300.00000000000585,7500,96,1.7870222519004386,1.7979937292275987,1.92113279223842,4300.0,GTSC_GBTJ,results/jerky_area_loss_factorial_long_20260822/20260823T012141Z-b907865386/GTSC_GBTJ-T900-s5101
302.0000000000069,7550,96,1.7897562228057797,1.7939253649463476,1.9303077053607534,4299.0,GTSC_GBTJ,results/jerky_area_loss_factorial_long_20260822/20260823T012141Z-b907865386/GTSC_GBTJ-T900-s5101
304.0000000000079,7600,96,1.7951498738910943,1.795720008168583,1.9303077053607534,4301.0,GTSC_GBTJ,results/jerky_area_loss_factorial_long_20260822/20260823T012141Z-b907865386/GTSC_GBTJ-T900-s5101
306.0000000000089,7650,95,1.7935296202608237,1.799675125731432,1.9312142841505175,4295.0,GTSC_GBTJ,results/jerky_area_loss_factorial_long_20260822/20260823T012141Z-b907865386/GTSC_GBTJ-T900-s5101
308.00000000000995,7700,94,1.7958959353781199,1.8127080743395094,1.9309677043705735,4296.0,GTSC_GBTJ,results/jerky_area_loss_factorial_long_20260822/20260823T012141Z-b907865386/GTSC_GBTJ-T900-s5101
310.00000000001097,7750,94,1.794972368169435,1.7941501513052303,1.9351983468993388,4286.0,GTSC_GBTJ,results/jerky_area_loss_factorial_long_20260822/20260823T012141Z-b907865386/GTSC_GBTJ-T900-s5101
312.000000000012,7800,94,1.7924239701820985,1.7917163880681048,1.9321208629402813,4276.0,GTSC_GBTJ,results/jerky_area_loss_factorial_long_20260822/20260823T012141Z-b907865386/GTSC_GBTJ-T900-s5101
314.000000000013,7850,94,1.7919681898297757,1.7950841177576273,1.9160975791679231,4271.0,GTSC_GBTJ,results/jerky_area_loss_factorial_long_20260822/20260823T012141Z-b907865386/GTSC_GBTJ-T900-s5101
316.00000000001404,7900,94,1.789351807343955,1.7893526683126226,1.9140452963352488,4269.0,GTSC_GBTJ,results/jerky_area_loss_factorial_long_20260822/20260823T012141Z-b907865386/GTSC_GBTJ-T900-s5101
318.00000000001506,7950,94,1.7925417298346258,1.7929799057696334,1.912859430334824,4270.0,GTSC_GBTJ,results/jerky_area_loss_factorial_long_20260822/20260823T012141Z-b907865386/GTSC_GBTJ-T900-s5101
320.0000000000161,8000,94,1.7898833624832629,1.795859222999958,1.9300101815061441,4266.0,GTSC_GBTJ,results/jerky_area_loss_factorial_long_20260822/20260823T012141Z-b907865386/GTSC_GBTJ-T900-s5101
322.0000000000171,8050,94,1.789841065108322,1.793766187895332,1.9101297585790586,4265.0,GTSC_GBTJ,results/jerky_area_loss_factorial_long_20260822/20260823T012141Z-b907865386/GTSC_GBTJ-T900-s5101
324.00000000001813,8100,94,1.78575599670639,1.7916914994492699,1.9063677277911688,4262.0,GTSC_GBTJ,results/jerky_area_loss_factorial_long_20260822/20260823T012141Z-b907865386/GTSC_GBTJ-T900-s5101
326.00000000001916,8150,94,1.789570786772414,1.795819958938789,1.9111556017071125,4263.0,GTSC_GBTJ,results/jerky_area_loss_factorial_long_20260822/20260823T012141Z-b907865386/GTSC_GBTJ-T900-s5101
328.0000000000202,8200,94,1.7903107237854,1.7917308747444436,1.9101297585790586,4263.0,GTSC_GBTJ,results/jerky_area_loss_factorial_long_20260822/20260823T012141Z-b907865386/GTSC_GBTJ-T900-s5101
330.0000000000212,8250,94,1.7892740316153821,1.7978397188423927,1.9063677277911688,4259.0,GTSC_GBTJ,results/jerky_area_loss_factorial_long_20260822/20260823T012141Z-b907865386/GTSC_GBTJ-T900-s5101
332.0000000000222,8300,94,1.7881903200956775,1.8031159427858592,1.9063677277911688,4256.0,GTSC_GBTJ,results/jerky_area_loss_factorial_long_20260822/20260823T012141Z-b907865386/GTSC_GBTJ-T900-s5101
334.00000000002325,8350,93,1.789318997382327,1.799675125731432,1.910559725613398,4253.0,GTSC_GBTJ,results/jerky_area_loss_factorial_long_20260822/20260823T012141Z-b907865386/GTSC_GBTJ-T900-s5101
336.0000000000243,8400,93,1.7897909482536767,1.8044778128332806,1.9050639094191884,4252.0,GTSC_GBTJ,results/jerky_area_loss_factorial_long_20260822/20260823T012141Z-b907865386/GTSC_GBTJ-T900-s5101
338.0000000000253,8450,93,1.7890902040694607,1.8044778128332806,1.9089766632720664,4244.0,GTSC_GBTJ,results/jerky_area_loss_factorial_long_20260822/20260823T012141Z-b907865386/GTSC_GBTJ-T900-s5101
340.0000000000263,8500,93,1.7885860650301448,1.8044778128332806,1.91110759116621,4241.0,GTSC_GBTJ,results/jerky_area_loss_factorial_long_20260822/20260823T012141Z-b907865386/GTSC_GBTJ-T900-s5101
342.00000000002734,8550,93,1.790190033645438,1.8037560217081472,1.9204256638312427,4241.0,GTSC_GBTJ,results/jerky_area_loss_factorial_long_20260822/20260823T012141Z-b907865386/GTSC_GBTJ-T900-s5101
344.00000000002836,8600,93,1.7918231975448404,1.8044778128332806,1.9204256638312427,4242.0,GTSC_GBTJ,results/jerky_area_loss_factorial_long_20260822/20260823T012141Z-b907865386/GTSC_GBTJ-T900-s5101
346.0000000000294,8650,93,1.7912872507192095,1.8085788987715379,1.9263535566595404,4239.0,GTSC_GBTJ,results/jerky_area_loss_factorial_long_20260822/20260823T012141Z-b907865386/GTSC_GBTJ-T900-s5101
348.0000000000304,8700,93,1.7920256016630831,1.8044778128332806,1.934031010616853,4237.0,GTSC_GBTJ,results/jerky_area_loss_factorial_long_20260822/20260823T012141Z-b907865386/GTSC_GBTJ-T900-s5101
350.00000000003143,8750,93,1.7914670763018445,1.8037560217081472,1.926918056613193,4238.0,GTSC_GBTJ,results/jerky_area_loss_factorial_long_20260822/20260823T012141Z-b907865386/GTSC_GBTJ-T900-s5101
352.00000000003246,8800,93,1.7888728686546806,1.801685713505326,1.926918056613193,4235.0,GTSC_GBTJ,results/jerky_area_loss_factorial_long_20260822/20260823T012141Z-b907865386/GTSC_GBTJ-T900-s5101
354.0000000000335,8850,93,1.7877225904547223,1.8044778128332806,1.9086003557613376,4232.0,GTSC_GBTJ,results/jerky_area_loss_factorial_long_20260822/20260823T012141Z-b907865386/GTSC_GBTJ-T900-s5101
356.0000000000345,8900,93,1.7863649548526983,1.8044778128332806,1.8998299609064235,4230.0,GTSC_GBTJ,results/jerky_area_loss_factorial_long_20260822/20260823T012141Z-b907865386/GTSC_GBTJ-T900-s5101
358.0000000000355,8950,93,1.775811916678944,1.7895943909059937,1.8993854583296452,4221.0,GTSC_GBTJ,results/jerky_area_loss_factorial_long_20260822/20260823T012141Z-b907865386/GTSC_GBTJ-T900-s5101
360.00000000003655,9000,93,1.7802236376540812,1.7987608990353496,1.9099043579194672,4222.0,GTSC_GBTJ,results/jerky_area_loss_factorial_long_20260822/20260823T012141Z-b907865386/GTSC_GBTJ-T900-s5101
362.0000000000376,9050,93,1.783952166325826,1.804949534592226,1.9086560838560012,4223.0,GTSC_GBTJ,results/jerky_area_loss_factorial_long_20260822/20260823T012141Z-b907865386/GTSC_GBTJ-T900-s5101
364.0000000000386,9100,93,1.787060021857295,1.800898020485397,1.9099043579194672,4223.0,GTSC_GBTJ,results/jerky_area_loss_factorial_long_20260822/20260823T012141Z-b907865386/GTSC_GBTJ-T900-s5101
366.0000000000396,9150,93,1.7857707681130521,1.7954805557720785,1.9076822868810606,4222.0,GTSC_GBTJ,results/jerky_area_loss_factorial_long_20260822/20260823T012141Z-b907865386/GTSC_GBTJ-T900-s5101
368.00000000004064,9200,93,1.7882234322487014,1.798879076516243,1.9099043579194672,4219.0,GTSC_GBTJ,results/jerky_area_loss_factorial_long_20260822/20260823T012141Z-b907865386/GTSC_GBTJ-T900-s5101
370.00000000004167,9250,92,1.7916625594035858,1.8098131895839695,1.9250755100090862,4216.0,GTSC_GBTJ,results/jerky_area_loss_factorial_long_20260822/20260823T012141Z-b907865386/GTSC_GBTJ-T900-s5101
372.0000000000427,9300,91,1.7922861763424585,1.8080224129565312,1.9398450310186084,4217.0,GTSC_GBTJ,results/jerky_area_loss_factorial_long_20260822/20260823T012141Z-b907865386/GTSC_GBTJ-T900-s5101
374.0000000000437,9350,90,1.799683930521176,1.8137462670537423,1.9350248577702143,4212.0,GTSC_GBTJ,results/jerky_area_loss_factorial_long_20260822/20260823T012141Z-b907865386/GTSC_GBTJ-T900-s5101
376.00000000004474,9400,90,1.7970253953831743,1.8137462670537423,1.9137617536448264,4205.0,GTSC_GBTJ,results/jerky_area_loss_factorial_long_20260822/20260823T012141Z-b907865386/GTSC_GBTJ-T900-s5101
378.00000000004576,9450,90,1.7987622205209106,1.8123049725724936,1.9350248577702143,4196.0,GTSC_GBTJ,results/jerky_area_loss_factorial_long_20260822/20260823T012141Z-b907865386/GTSC_GBTJ-T900-s5101
380.0000000000468,9500,90,1.7961154455751374,1.8065283558024092,1.9137617536448264,4190.0,GTSC_GBTJ,results/jerky_area_loss_factorial_long_20260822/20260823T012141Z-b907865386/GTSC_GBTJ-T900-s5101
382.0000000000478,9550,89,1.7961322339037418,1.8085788987715379,1.9197432493396382,4185.0,GTSC_GBTJ,results/jerky_area_loss_factorial_long_20260822/20260823T012141Z-b907865386/GTSC_GBTJ-T900-s5101
384.00000000004883,9600,88,1.796650518596257,1.8114726250095723,1.9177890110946316,4185.0,GTSC_GBTJ,results/jerky_area_loss_factorial_long_20260822/20260823T012141Z-b907865386/GTSC_GBTJ-T900-s5101
386.00000000004985,9650,88,1.798758758649386,1.8167930453406227,1.9242096070056744,4182.0,GTSC_GBTJ,results/jerky_area_loss_factorial_long_20260822/20260823T012141Z-b907865386/GTSC_GBTJ-T900-s5101
388.0000000000509,9700,88,1.79490427719566,1.8170669366269114,1.9127844353316,4164.0,GTSC_GBTJ,results/jerky_area_loss_factorial_long_20260822/20260823T012141Z-b907865386/GTSC_GBTJ-T900-s5101
390.0000000000519,9750,88,1.791706197496948,1.8102999043762638,1.9094753475234707,4157.0,GTSC_GBTJ,results/jerky_area_loss_factorial_long_20260822/20260823T012141Z-b907865386/GTSC_GBTJ-T900-s5101
392.0000000000529,9800,88,1.7920979805098811,1.8021700678139323,1.9094753475234707,4158.0,GTSC_GBTJ,results/jerky_area_loss_factorial_long_20260822/20260823T012141Z-b907865386/GTSC_GBTJ-T900-s5101
394.00000000005394,9850,88,1.7941489954767702,1.7949208197097786,1.9136090605962675,4160.0,GTSC_GBTJ,results/jerky_area_loss_factorial_long_20260822/20260823T012141Z-b907865386/GTSC_GBTJ-T900-s5101
396.00000000005497,9900,88,1.7929831935321707,1.7999722572943626,1.9125431063391958,4157.0,GTSC_GBTJ,results/jerky_area_loss_factorial_long_20260822/20260823T012141Z-b907865386/GTSC_GBTJ-T900-s5101
398.000000000056,9950,88,1.790495863772958,1.7894833198986753,1.911481092763296,4154.0,GTSC_GBTJ,results/jerky_area_loss_factorial_long_20260822/20260823T012141Z-b907865386/GTSC_GBTJ-T900-s5101
400.000000000057,10000,88,1.7912090435406371,1.7894833198986753,1.9094753475234707,4155.0,GTSC_GBTJ,results/jerky_area_loss_factorial_long_20260822/20260823T012141Z-b907865386/GTSC_GBTJ-T900-s5101
0.0,0,190,1.7920895484123613,1.7854416702856883,1.956505991785691,6086.0,SC_GB,results/jerky_area_loss_factorial_long_20260822/20260823T012141Z-b907865386/SC_GB-T900-s5101
2.000000000000001,50,185,1.7961431385670985,1.7843189956121541,1.9651050635769993,6006.0,SC_GB,results/jerky_area_loss_factorial_long_20260822/20260823T012141Z-b907865386/SC_GB-T900-s5101
4.000000000000003,100,180,1.7836711998728119,1.7848206643761884,1.9349601510739542,5928.0,SC_GB,results/jerky_area_loss_factorial_long_20260822/20260823T012141Z-b907865386/SC_GB-T900-s5101
6.000000000000004,150,177,1.7897898732807775,1.7776382874571697,1.9528963161966442,5871.0,SC_GB,results/jerky_area_loss_factorial_long_20260822/20260823T012141Z-b907865386/SC_GB-T900-s5101
8.000000000000005,200,177,1.789573359785276,1.7714637144141396,1.9544414385818498,5824.0,SC_GB,results/jerky_area_loss_factorial_long_20260822/20260823T012141Z-b907865386/SC_GB-T900-s5101
9.999999999999963,250,177,1.7789600561333943,1.771407456039063,1.9291983882464785,5776.0,SC_GB,results/jerky_area_loss_factorial_long_20260822/20260823T012141Z-b907865386/SC_GB-T900-s5101
11.99999999999992,300,177,1.7763182790048546,1.7666998456783758,1.929887593720849,5756.0,SC_GB,results/jerky_area_loss_factorial_long_20260822/20260823T012141Z-b907865386/SC_GB-T900-s5101
13.999999999999877,350,174,1.7714529935795857,1.7511780494367177,1.9167303234564912,5736.0,SC_GB,results/jerky_area_loss_factorial_long_20260822/20260823T012141Z-b907865386/SC_GB-T900-s5101
15.999999999999835,400,173,1.7622372943412585,1.7415443772861354,1.9227876833706392,5711.0,SC_GB,results/jerky_area_loss_factorial_long_20260822/20260823T012141Z-b907865386/SC_GB-T900-s5101
17.999999999999794,450,172,1.7534624495675488,1.7361204549227467,1.9151326231806454,5682.0,SC_GB,results/jerky_area_loss_factorial_long_20260822/20260823T012141Z-b907865386/SC_GB-T900-s5101
19.99999999999975,500,172,1.7635923849648074,1.7479760035578449,1.9147320677741013,5677.0,SC_GB,results/jerky_area_loss_factorial_long_20260822/20260823T012141Z-b907865386/SC_GB-T900-s5101
21.99999999999971,550,171,1.7648353503338057,1.7479760035578449,1.9047086716952395,5659.0,SC_GB,results/jerky_area_loss_factorial_long_20260822/20260823T012141Z-b907865386/SC_GB-T900-s5101
23.999999999999666,600,170,1.7579792168302568,1.7449205477581358,1.8935096361558972,5640.0,SC_GB,results/jerky_area_loss_factorial_long_20260822/20260823T012141Z-b907865386/SC_GB-T900-s5101
25.999999999999623,650,169,1.7526147609721197,1.7407571900676053,1.8956286980273884,5630.0,SC_GB,results/jerky_area_loss_factorial_long_20260822/20260823T012141Z-b907865386/SC_GB-T900-s5101
27.99999999999958,700,168,1.7508534762173575,1.7384537861161462,1.9005512386828354,5621.0,SC_GB,results/jerky_area_loss_factorial_long_20260822/20260823T012141Z-b907865386/SC_GB-T900-s5101
29.999999999999538,750,168,1.756278437880272,1.743095920774803,1.9017562507819583,5613.0,SC_GB,results/jerky_area_loss_factorial_long_20260822/20260823T012141Z-b907865386/SC_GB-T900-s5101
31.999999999999496,800,166,1.7529494310828195,1.7353022827438913,1.9104277276137864,5610.0,SC_GB,results/jerky_area_loss_factorial_long_20260822/20260823T012141Z-b907865386/SC_GB-T900-s5101
33.99999999999945,850,166,1.755158107424372,1.7444031346768094,1.909859317102744,5596.0,SC_GB,results/jerky_area_loss_factorial_long_20260822/20260823T012141Z-b907865386/SC_GB-T900-s5101
35.99999999999941,900,166,1.7537402880386659,1.7476929111261394,1.904597996669954,5592.0,SC_GB,results/jerky_area_loss_factorial_long_20260822/20260823T012141Z-b907865386/SC_GB-T900-s5101
37.99999999999937,950,165,1.7556246514938945,1.74856327612172,1.9098593171027443,5589.0,SC_GB,results/jerky_area_loss_factorial_long_20260822/20260823T012141Z-b907865386/SC_GB-T900-s5101
39.999999999999325,1000,165,1.7518476607615994,1.7430445104395809,1.909859317102744,5574.0,SC_GB,results/jerky_area_loss_factorial_long_20260822/20260823T012141Z-b907865386/SC_GB-T900-s5101
41.99999999999928,1050,164,1.756512703089472,1.7429963978028975,1.9075014660939753,5575.0,SC_GB,results/jerky_area_loss_factorial_long_20260822/20260823T012141Z-b907865386/SC_GB-T900-s5101
43.99999999999924,1100,164,1.756206270610515,1.7429963978028975,1.9009713893640163,5569.0,SC_GB,results/jerky_area_loss_factorial_long_20260822/20260823T012141Z-b907865386/SC_GB-T900-s5101
45.9999999999992,1150,165,1.7532425412076773,1.7380443217194481,1.9019640012789925,5565.0,SC_GB,results/jerky_area_loss_factorial_long_20260822/20260823T012141Z-b907865386/SC_GB-T900-s5101
47.999999999999154,1200,164,1.754351032731741,1.7400943057709393,1.9067895047808532,5563.0,SC_GB,results/jerky_area_loss_factorial_long_20260822/20260823T012141Z-b907865386/SC_GB-T900-s5101
49.99999999999911,1250,164,1.7516615735350665,1.7410292684030333,1.9042255138074557,5554.0,SC_GB,results/jerky_area_loss_factorial_long_20260822/20260823T012141Z-b907865386/SC_GB-T900-s5101
51.99999999999907,1300,164,1.751115831854468,1.74211471029912,1.900632761825523,5552.0,SC_GB,results/jerky_area_loss_factorial_long_20260822/20260823T012141Z-b907865386/SC_GB-T900-s5101
53.99999999999903,1350,164,1.75274269302088,1.741993346871923,1.9035578037872736,5555.0,SC_GB,results/jerky_area_loss_factorial_long_20260822/20260823T012141Z-b907865386/SC_GB-T900-s5101
55.999999999998984,1400,164,1.7512066854024528,1.7411799833112642,1.9035578037872736,5553.0,SC_GB,results/jerky_area_loss_factorial_long_20260822/20260823T012141Z-b907865386/SC_GB-T900-s5101
57.99999999999894,1450,164,1.7521488915159968,1.7411799833112642,1.8972300226860128,5554.0,SC_GB,results/jerky_area_loss_factorial_long_20260822/20260823T012141Z-b907865386/SC_GB-T900-s5101
59.9999999999989,1500,164,1.7543077614447453,1.74298629214968,1.9004198104868828,5557.0,SC_GB,results/jerky_area_loss_factorial_long_20260822/20260823T012141Z-b907865386/SC_GB-T900-s5101
61.999999999998856,1550,164,1.7536378096786718,1.7411799833112642,1.9004198104868828,5556.0,SC_GB,results/jerky_area_loss_factorial_long_20260822/20260823T012141Z-b907865386/SC_GB-T900-s5101
63.99999999999881,1600,164,1.7528928670391806,1.74298629214968,1.8947901920075059,5554.0,SC_GB,results/jerky_area_loss_factorial_long_20260822/20260823T012141Z-b907865386/SC_GB-T900-s5101
65.99999999999912,1650,164,1.7522668516411257,1.7411799833112642,1.8884038687110842,5555.0,SC_GB,results/jerky_area_loss_factorial_long_20260822/20260823T012141Z-b907865386/SC_GB-T900-s5101
67.99999999999943,1700,164,1.7533207458308926,1.7434145521579998,1.889436193212236,5555.0,SC_GB,results/jerky_area_loss_factorial_long_20260822/20260823T012141Z-b907865386/SC_GB-T900-s5101
69.99999999999974,1750,164,1.754469272783095,1.7407735387739507,1.9004198104868828,5558.0,SC_GB,results/jerky_area_loss_factorial_long_20260822/20260823T012141Z-b907865386/SC_GB-T900-s5101
72.00000000000006,1800,164,1.756986520739393,1.74298629214968,1.9004198104868828,5562.0,SC_GB,results/jerky_area_loss_factorial_long_20260822/20260823T012141Z-b907865386/SC_GB-T900-s5101
74.00000000000037,1850,164,1.7544034612528343,1.7400943057709393,1.9004198104868828,5558.0,SC_GB,results/jerky_area_loss_factorial_long_20260822/20260823T012141Z-b907865386/SC_GB-T900-s5101
76.00000000000068,1900,164,1.75940142113586,1.740844948115436,1.9045417915073724,5566.0,SC_GB,results/jerky_area_loss_factorial_long_20260822/20260823T012141Z-b907865386/SC_GB-T900-s5101
78.000000000001,1950,164,1.7595745051061265,1.7389716075792814,1.8947901920075059,5567.0,SC_GB,results/jerky_area_loss_factorial_long_20260822/20260823T012141Z-b907865386/SC_GB-T900-s5101
80.00000000000131,2000,164,1.772268715913112,1.7411799833112642,1.9004198104868828,5581.0,SC_GB,results/jerky_area_loss_factorial_long_20260822/20260823T012141Z-b907865386/SC_GB-T900-s5101
82.00000000000162,2050,164,1.7740235313415178,1.7400943057709393,1.9004198104868828,5581.0,SC_GB,results/jerky_area_loss_factorial_long_20260822/20260823T012141Z-b907865386/SC_GB-T900-s5101
84.00000000000193,2100,164,1.7730588919683117,1.740844948115436,1.9004198104868828,5577.0,SC_GB,results/jerky_area_loss_factorial_long_20260822/20260823T012141Z-b907865386/SC_GB-T900-s5101
86.00000000000225,2150,164,1.7725754221777517,1.7450052424269284,1.8939697297294893,5573.0,SC_GB,results/jerky_area_loss_factorial_long_20260822/20260823T012141Z-b907865386/SC_GB-T900-s5101
88.00000000000256,2200,164,1.7734812714744375,1.74211471029912,1.9122612792455607,5567.0,SC_GB,results/jerky_area_loss_factorial_long_20260822/20260823T012141Z-b907865386/SC_GB-T900-s5101
90.00000000000287,2250,164,1.7532088183543881,1.7411799833112642,1.8939697297294893,5550.0,SC_GB,results/jerky_area_loss_factorial_long_20260822/20260823T012141Z-b907865386/SC_GB-T900-s5101
92.00000000000318,2300,164,1.750784073244495,1.7400943057709393,1.8939697297294893,5549.0,SC_GB,results/jerky_area_loss_factorial_long_20260822/20260823T012141Z-b907865386/SC_GB-T900-s5101
94.0000000000035,2350,164,1.752172282682058,1.7400943057709393,1.889654000563486,5551.0,SC_GB,results/jerky_area_loss_factorial_long_20260822/20260823T012141Z-b907865386/SC_GB-T900-s5101
96.00000000000381,2400,164,1.7508131671307672,1.7400943057709393,1.8939697297294893,5550.0,SC_GB,results/jerky_area_loss_factorial_long_20260822/20260823T012141Z-b907865386/SC_GB-T900-s5101
98.00000000000412,2450,164,1.7539083071155726,1.740844948115436,1.90138959327467,5556.0,SC_GB,results/jerky_area_loss_factorial_long_20260822/20260823T012141Z-b907865386/SC_GB-T900-s5101
100.00000000000443,2500,164,1.7547112062938042,1.74298629214968,1.8939697297294893,5557.0,SC_GB,results/jerky_area_loss_factorial_long_20260822/20260823T012141Z-b907865386/SC_GB-T900-s5101
102.00000000000475,2550,165,1.7486821328014843,1.7410586198840672,1.885991813019749,5550.0,SC_GB,results/jerky_area_loss_factorial_long_20260822/20260823T012141Z-b907865386/SC_GB-T900-s5101
104.00000000000506,2600,164,1.751197233954012,1.74298629214968,1.8929374052283374,5552.0,SC_GB,results/jerky_area_loss_factorial_long_20260822/20260823T012141Z-b907865386/SC_GB-T900-s5101
106.00000000000537,2650,164,1.7532527665820974,1.74211471029912,1.8864894567290453,5555.0,SC_GB,results/jerky_area_loss_factorial_long_20260822/20260823T012141Z-b907865386/SC_GB-T900-s5101
108.00000000000568,2700,164,1.7487799834121713,1.73549601974096,1.8863743050723611,5548.0,SC_GB,results/jerky_area_loss_factorial_long_20260822/20260823T012141Z-b907865386/SC_GB-T900-s5101
110.000000000006,2750,165,1.7478742672659144,1.7410586198840672,1.885991813019749,5547.0,SC_GB,results/jerky_area_loss_factorial_long_20260822/20260823T012141Z-b907865386/SC_GB-T900-s5101
112.00000000000631,2800,164,1.7494258734340862,1.7389716075792814,1.8864894567290453,5549.0,SC_GB,results/jerky_area_loss_factorial_long_20260822/20260823T012141Z-b907865386/SC_GB-T900-s5101
114.00000000000662,2850,164,1.7493502070696967,1.7370378183507587,1.8872683722097947,5548.0,SC_GB,results/jerky_area_loss_factorial_long_20260822/20260823T012141Z-b907865386/SC_GB-T900-s5101
116.00000000000693,2900,165,1.7491694933937645,1.7410586198840672,1.8936117177758667,5549.0,SC_GB,results/jerky_area_loss_factorial_long_20260822/20260823T012141Z-b907865386/SC_GB-T900-s5101
118.00000000000725,2950,164,1.7478320452542928,1.7389716075792814,1.8938842142006362,5545.0,SC_GB,results/jerky_area_loss_factorial_long_20260822/20260823T012141Z-b907865386/SC_GB-T900-s5101
120.00000000000756,3000,164,1.750687962804799,1.7389716075792814,1.8906402518281344,5550.0,SC_GB,results/jerky_area_loss_factorial_long_20260822/20260823T012141Z-b907865386/SC_GB-T900-s5101
122.00000000000787,3050,164,1.7498703626645709,1.7389716075792814,1.8906402518281344,5548.0,SC_GB,results/jerky_area_loss_factorial_long_20260822/20260823T012141Z-b907865386/SC_GB-T900-s5101
124.00000000000819,3100,164,1.7499126638700007,1.73549601974096,1.895306217128605,5549.0,SC_GB,results/jerky_area_loss_factorial_long_20260822/20260823T012141Z-b907865386/SC_GB-T900-s5101
126.0000000000085,3150,164,1.7499918992733225,1.7370378183507587,1.8906402518281344,5548.0,SC_GB,results/jerky_area_loss_factorial_long_20260822/20260823T012141Z-b907865386/SC_GB-T900-s5101
128.0000000000088,3200,164,1.7479495301814882,1.73549601974096,1.8864894567290453,5546.0,SC_GB,results/jerky_area_loss_factorial_long_20260822/20260823T012141Z-b907865386/SC_GB-T900-s5101
130.0000000000084,3250,165,1.7455430633288485,1.7362357428206767,1.885991813019749,5543.0,SC_GB,results/jerky_area_loss_factorial_long_20260822/20260823T012141Z-b907865386/SC_GB-T900-s5101
132.00000000000801,3300,165,1.7465589734218232,1.735302282743891,1.885991813019749,5545.0,SC_GB,results/jerky_area_loss_factorial_long_20260822/20260823T012141Z-b907865386/SC_GB-T900-s5101
134.00000000000762,3350,164,1.7495418901814832,1.7370378183507587,1.8863743050723611,5548.0,SC_GB,results/jerky_area_loss_factorial_long_20260822/20260823T012141Z-b907865386/SC_GB-T900-s5101
136.00000000000722,3400,164,1.749222129094931,1.7383858799634886,1.8863743050723611,5548.0,SC_GB,results/jerky_area_loss_factorial_long_20260822/20260823T012141Z-b907865386/SC_GB-T900-s5101
138.00000000000682,3450,165,1.7489270294998422,1.7383858799634886,1.885991813019749,5549.0,SC_GB,results/jerky_area_loss_factorial_long_20260822/20260823T012141Z-b907865386/SC_GB-T900-s5101
140.00000000000642,3500,164,1.7496503890868118,1.7373108113920828,1.8864894567290453,5549.0,SC_GB,results/jerky_area_loss_factorial_long_20260822/20260823T012141Z-b907865386/SC_GB-T900-s5101
142.00000000000603,3550,164,1.7518962554119415,1.7389716075792814,1.8863743050723611,5552.0,SC_GB,results/jerky_area_loss_factorial_long_20260822/20260823T012141Z-b907865386/SC_GB-T900-s5101
144.00000000000563,3600,164,1.7536765827082665,1.7403079775395707,1.889654000563486,5554.0,SC_GB,results/jerky_area_loss_factorial_long_20260822/20260823T012141Z-b907865386/SC_GB-T900-s5101
146.00000000000523,3650,164,1.7525414757815998,1.7389716075792814,1.8939697297294893,5553.0,SC_GB,results/jerky_area_loss_factorial_long_20260822/20260823T012141Z-b907865386/SC_GB-T900-s5101
148.00000000000483,3700,164,1.7509751031635998,1.7389716075792814,1.8894883066275658,5551.0,SC_GB,results/jerky_area_loss_factorial_long_20260822/20260823T012141Z-b907865386/SC_GB-T900-s5101
150.00000000000443,3750,165,1.745943301166736,1.739557335195074,1.8829734465611254,5545.0,SC_GB,results/jerky_area_loss_factorial_long_20260822/20260823T012141Z-b907865386/SC_GB-T900-s5101
152.00000000000404,3800,164,1.750849577950924,1.7383858799634886,1.8939697297294893,5551.0,SC_GB,results/jerky_area_loss_factorial_long_20260822/20260823T012141Z-b907865386/SC_GB-T900-s5101
154.00000000000364,3850,165,1.7482771152819998,1.739557335195074,1.8918599914033447,5549.0,SC_GB,results/jerky_area_loss_factorial_long_20260822/20260823T012141Z-b907865386/SC_GB-T900-s5101
156.00000000000324,3900,164,1.75128569467462,1.7403079775395707,1.8939697297294893,5551.0,SC_GB,results/jerky_area_loss_factorial_long_20260822/20260823T012141Z-b907865386/SC_GB-T900-s5101
158.00000000000284,3950,165,1.7481871625552252,1.7362357428206767,1.8930485942295903,5549.0,SC_GB,results/jerky_area_loss_factorial_long_20260822/20260823T012141Z-b907865386/SC_GB-T900-s5101
160.00000000000244,4000,165,1.7520864665864295,1.7410586198840672,1.8930485942295903,5555.0,SC_GB,results/jerky_area_loss_factorial_long_20260822/20260823T012141Z-b907865386/SC_GB-T900-s5101
162.00000000000205,4050,164,1.7515274057179597,1.73549601974096,1.8939697297294893,5552.0,SC_GB,results/jerky_area_loss_factorial_long_20260822/20260823T012141Z-b907865386/SC_GB-T900-s5101
164.00000000000165,4100,164,1.750656874156147,1.7376235459665512,1.8939697297294893,5550.0,SC_GB,results/jerky_area_loss_factorial_long_20260822/20260823T012141Z-b907865386/SC_GB-T900-s5101
166.00000000000125,4150,164,1.75268922431367,1.7403079775395707,1.8939697297294893,5554.0,SC_GB,results/jerky_area_loss_factorial_long_20260822/20260823T012141Z-b907865386/SC_GB-T900-s5101
168.00000000000085,4200,164,1.7522958881929844,1.74211471029912,1.8939697297294893,5553.0,SC_GB,results/jerky_area_loss_factorial_long_20260822/20260823T012141Z-b907865386/SC_GB-T900-s5101
170.00000000000045,4250,164,1.753613459148174,1.7403079775395707,1.90138959327467,5556.0,SC_GB,results/jerky_area_loss_factorial_long_20260822/20260823T012141Z-b907865386/SC_GB-T900-s5101
172.00000000000006,4300,164,1.753428541128328,1.7411799833112642,1.8939697297294893,5556.0,SC_GB,results/jerky_area_loss_factorial_long_20260822/20260823T012141Z-b907865386/SC_GB-T900-s5101
173.99999999999966,4350,164,1.7513996275714232,1.7389716075792814,1.8948835380151845,5553.0,SC_GB,results/jerky_area_loss_factorial_long_20260822/20260823T012141Z-b907865386/SC_GB-T900-s5101
175.99999999999926,4400,164,1.7530004984348757,1.7403079775395707,1.8939697297294893,5556.0,SC_GB,results/jerky_area_loss_factorial_long_20260822/20260823T012141Z-b907865386/SC_GB-T900-s5101
177.99999999999886,4450,164,1.7545265462565227,1.7409872105425819,1.8939697297294893,5558.0,SC_GB,results/jerky_area_loss_factorial_long_20260822/20260823T012141Z-b907865386/SC_GB-T900-s5101
179.99999999999847,4500,165,1.7638519404448811,1.7356897567380285,1.897159038906466,5576.0,SC_GB,results/jerky_area_loss_factorial_long_20260822/20260823T012141Z-b907865386/SC_GB-T900-s5101
181.99999999999807,4550,164,1.762300297432957,1.7376235459665512,1.90138959327467,5571.0,SC_GB,results/jerky_area_loss_factorial_long_20260822/20260823T012141Z-b907865386/SC_GB-T900-s5101
183.99999999999767,4600,164,1.7535927536782183,1.7378965390078753,1.8939697297294893,5556.0,SC_GB,results/jerky_area_loss_factorial_long_20260822/20260823T012141Z-b907865386/SC_GB-T900-s5101
185.99999999999727,4650,164,1.7567098819676301,1.7403079775395707,1.8939697297294893,5562.0,SC_GB,results/jerky_area_loss_factorial_long_20260822/20260823T012141Z-b907865386/SC_GB-T900-s5101
187.99999999999687,4700,164,1.764835062207078,1.7411799833112642,1.8939697297294893,5574.0,SC_GB,results/jerky_area_loss_factorial_long_20260822/20260823T012141Z-b907865386/SC_GB-T900-s5101
189.99999999999648,4750,165,1.747921396662746,1.735302282743891,1.8863331784039516,5549.0,SC_GB,results/jerky_area_loss_factorial_long_20260822/20260823T012141Z-b907865386/SC_GB-T900-s5101
191.99999999999608,4800,164,1.750758073193886,1.7359627497793526,1.8939697297294893,5553.0,SC_GB,results/jerky_area_loss_factorial_long_20260822/20260823T012141Z-b907865386/SC_GB-T900-s5101
193.99999999999568,4850,164,1.758935039015001,1.7403079775395707,1.8939697297294893,5568.0,SC_GB,results/jerky_area_loss_factorial_long_20260822/20260823T012141Z-b907865386/SC_GB-T900-s5101
195.99999999999528,4900,164,1.7566316709142542,1.7376235459665512,1.90138959327467,5563.0,SC_GB,results/jerky_area_loss_factorial_long_20260822/20260823T012141Z-b907865386/SC_GB-T900-s5101
197.99999999999488,4950,164,1.7600257096357192,1.74298629214968,1.8948835380151845,5569.0,SC_GB,results/jerky_area_loss_factorial_long_20260822/20260823T012141Z-b907865386/SC_GB-T900-s5101
199.9999999999945,5000,164,1.7583715679293863,1.7411799833112642,1.8939697297294893,5566.0,SC_GB,results/jerky_area_loss_factorial_long_20260822/20260823T012141Z-b907865386/SC_GB-T900-s5101
201.9999999999941,5050,164,1.7578291785650593,1.7411799833112642,1.90138959327467,5563.0,SC_GB,results/jerky_area_loss_factorial_long_20260822/20260823T012141Z-b907865386/SC_GB-T900-s5101
203.9999999999937,5100,165,1.7547132898459998,1.739557335195074,1.9028310561297133,5560.0,SC_GB,results/jerky_area_loss_factorial_long_20260822/20260823T012141Z-b907865386/SC_GB-T900-s5101
205.9999999999933,5150,164,1.7544316171988552,1.7411799833112642,1.8972300226860128,5557.0,SC_GB,results/jerky_area_loss_factorial_long_20260822/20260823T012141Z-b907865386/SC_GB-T900-s5101
207.9999999999929,5200,165,1.7523187980056305,1.7362357428206767,1.900724385125315,5554.0,SC_GB,results/jerky_area_loss_factorial_long_20260822/20260823T012141Z-b907865386/SC_GB-T900-s5101
209.9999999999925,5250,164,1.7582034029038751,1.7411799833112642,1.906654668476681,5561.0,SC_GB,results/jerky_area_loss_factorial_long_20260822/20260823T012141Z-b907865386/SC_GB-T900-s5101
211.9999999999921,5300,164,1.7526507701586407,1.7409872105425819,1.888621676062334,5551.0,SC_GB,results/jerky_area_loss_factorial_long_20260822/20260823T012141Z-b907865386/SC_GB-T900-s5101
213.9999999999917,5350,164,1.7523279903619138,1.7411799833112642,1.8831543000968631,5551.0,SC_GB,results/jerky_area_loss_factorial_long_20260822/20260823T012141Z-b907865386/SC_GB-T900-s5101
215.9999999999913,5400,165,1.7492000524320708,1.7362357428206767,1.8829734465611254,5547.0,SC_GB,results/jerky_area_loss_factorial_long_20260822/20260823T012141Z-b907865386/SC_GB-T900-s5101
217.9999999999909,5450,164,1.7541513549752792,1.74211471029912,1.8831543000968631,5552.0,SC_GB,results/jerky_area_loss_factorial_long_20260822/20260823T012141Z-b907865386/SC_GB-T900-s5101
219.9999999999905,5500,165,1.752998274267525,1.7410586198840672,1.8829734465611254,5551.0,SC_GB,results/jerky_area_loss_factorial_long_20260822/20260823T012141Z-b907865386/SC_GB-T900-s5101
221.9999999999901,5550,164,1.7547702087210102,1.7424174692267438,1.8929374052283374,5551.0,SC_GB,results/jerky_area_loss_factorial_long_20260822/20260823T012141Z-b907865386/SC_GB-T900-s5101
223.9999999999897,5600,165,1.7496407550021456,1.739557335195074,1.8804540886314842,5544.0,SC_GB,results/jerky_area_loss_factorial_long_20260822/20260823T012141Z-b907865386/SC_GB-T900-s5101
225.9999999999893,5650,165,1.7522137398804345,1.7410586198840672,1.891579705683886,5547.0,SC_GB,results/jerky_area_loss_factorial_long_20260822/20260823T012141Z-b907865386/SC_GB-T900-s5101
227.99999999998892,5700,165,1.7505973716517023,1.739557335195074,1.887819429591139,5545.0,SC_GB,results/jerky_area_loss_factorial_long_20260822/20260823T012141Z-b907865386/SC_GB-T900-s5101
229.99999999998852,5750,164,1.7556848723560037,1.7410586198840672,1.90138959327467,5551.0,SC_GB,results/jerky_area_loss_factorial_long_20260822/20260823T012141Z-b907865386/SC_GB-T900-s5101
231.99999999998812,5800,164,1.7533769842783218,1.7403079775395707,1.884294250126431,5547.0,SC_GB,results/jerky_area_loss_factorial_long_20260822/20260823T012141Z-b907865386/SC_GB-T900-s5101
233.99999999998772,5850,164,1.7521432211085037,1.7402365681980854,1.8831543000968631,5546.0,SC_GB,results/jerky_area_loss_factorial_long_20260822/20260823T012141Z-b907865386/SC_GB-T900-s5101
235.99999999998732,5900,164,1.7517296092151649,1.7403079775395707,1.884294250126431,5545.0,SC_GB,results/jerky_area_loss_factorial_long_20260822/20260823T012141Z-b907865386/SC_GB-T900-s5101
237.99999999998693,5950,164,1.7498188294134949,1.7403079775395707,1.8831543000968631,5542.0,SC_GB,results/jerky_area_loss_factorial_long_20260822/20260823T012141Z-b907865386/SC_GB-T900-s5101
239.99999999998653,6000,164,1.752981077874934,1.7410586198840672,1.8839655479030064,5547.0,SC_GB,results/jerky_area_loss_factorial_long_20260822/20260823T012141Z-b907865386/SC_GB-T900-s5101
241.99999999998613,6050,164,1.752854464836819,1.7411799833112642,1.884294250126431,5546.0,SC_GB,results/jerky_area_loss_factorial_long_20260822/20260823T012141Z-b907865386/SC_GB-T900-s5101
243.99999999998573,6100,164,1.7505442419838408,1.7378965390078753,1.884294250126431,5543.0,SC_GB,results/jerky_area_loss_factorial_long_20260822/20260823T012141Z-b907865386/SC_GB-T900-s5101
245.99999999998533,6150,164,1.7541317365245832,1.7411799833112642,1.8831543000968631,5548.0,SC_GB,results/jerky_area_loss_factorial_long_20260822/20260823T012141Z-b907865386/SC_GB-T900-s5101
247.99999999998494,6200,164,1.7508225022405564,1.7378965390078753,1.884294250126431,5543.0,SC_GB,results/jerky_area_loss_factorial_long_20260822/20260823T012141Z-b907865386/SC_GB-T900-s5101
249.99999999998454,6250,165,1.7520563386577248,1.7410586198840672,1.8842089087803804,5546.0,SC_GB,results/jerky_area_loss_factorial_long_20260822/20260823T012141Z-b907865386/SC_GB-T900-s5101
251.99999999998414,6300,164,1.7521887747107914,1.7410586198840672,1.8831543000968631,5545.0,SC_GB,results/jerky_area_loss_factorial_long_20260822/20260823T012141Z-b907865386/SC_GB-T900-s5101
253.99999999998374,6350,164,1.7531709576768046,1.7403079775395707,1.884294250126431,5547.0,SC_GB,results/jerky_area_loss_factorial_long_20260822/20260823T012141Z-b907865386/SC_GB-T900-s5101
255.99999999998334,6400,165,1.7490328328645408,1.739557335195074,1.8804540886314842,5542.0,SC_GB,results/jerky_area_loss_factorial_long_20260822/20260823T012141Z-b907865386/SC_GB-T900-s5101
257.99999999998437,6450,165,1.7496576875654504,1.739557335195074,1.8843702187234936,5543.0,SC_GB,results/jerky_area_loss_factorial_long_20260822/20260823T012141Z-b907865386/SC_GB-T900-s5101
259.9999999999854,6500,165,1.7482589798830923,1.7362357428206767,1.8804540886314842,5541.0,SC_GB,results/jerky_area_loss_factorial_long_20260822/20260823T012141Z-b907865386/SC_GB-T900-s5101
261.9999999999864,6550,165,1.7528260774131619,1.741301346738461,1.8829734465611254,5548.0,SC_GB,results/jerky_area_loss_factorial_long_20260822/20260823T012141Z-b907865386/SC_GB-T900-s5101
263.99999999998744,6600,165,1.7478478958697483,1.7356897567380285,1.8906411317507998,5540.0,SC_GB,results/jerky_area_loss_factorial_long_20260822/20260823T012141Z-b907865386/SC_GB-T900-s5101
265.99999999998846,6650,165,1.7501385890109478,1.7410586198840672,1.8829734465611254,5543.0,SC_GB,results/jerky_area_loss_factorial_long_20260822/20260823T012141Z-b907865386/SC_GB-T900-s5101
267.9999999999895,6700,165,1.7495418578252584,1.7362357428206767,1.8842089087803804,5543.0,SC_GB,results/jerky_area_loss_factorial_long_20260822/20260823T012141Z-b907865386/SC_GB-T900-s5101
269.9999999999905,6750,165,1.74930241507637,1.739557335195074,1.8829734465611254,5543.0,SC_GB,results/jerky_area_loss_factorial_long_20260822/20260823T012141Z-b907865386/SC_GB-T900-s5101
271.99999999999153,6800,164,1.7512564720447565,1.7403079775395707,1.884294250126431,5544.0,SC_GB,results/jerky_area_loss_factorial_long_20260822/20260823T012141Z-b907865386/SC_GB-T900-s5101
273.99999999999255,6850,165,1.7489828547131254,1.7362357428206767,1.8839271640174449,5542.0,SC_GB,results/jerky_area_loss_factorial_long_20260822/20260823T012141Z-b907865386/SC_GB-T900-s5101
275.9999999999936,6900,165,1.7517833484335308,1.7410586198840672,1.8842089087803804,5546.0,SC_GB,results/jerky_area_loss_factorial_long_20260822/20260823T012141Z-b907865386/SC_GB-T900-s5101
277.9999999999946,6950,164,1.7499602512126593,1.7378965390078753,1.8831543000968631,5542.0,SC_GB,results/jerky_area_loss_factorial_long_20260822/20260823T012141Z-b907865386/SC_GB-T900-s5101
279.9999999999956,7000,164,1.75236624094669,1.7411799833112642,1.892822253571653,5545.0,SC_GB,results/jerky_area_loss_factorial_long_20260822/20260823T012141Z-b907865386/SC_GB-T900-s5101
281.99999999999665,7050,164,1.7526027291511541,1.7411799833112642,1.880812647810288,5545.0,SC_GB,results/jerky_area_loss_factorial_long_20260822/20260823T012141Z-b907865386/SC_GB-T900-s5101
283.99999999999767,7100,164,1.7536242825049213,1.74211471029912,1.884294250126431,5547.0,SC_GB,results/jerky_area_loss_factorial_long_20260822/20260823T012141Z-b907865386/SC_GB-T900-s5101
285.9999999999987,7150,165,1.750048657162875,1.7410586198840672,1.8804540886314842,5543.0,SC_GB,results/jerky_area_loss_factorial_long_20260822/20260823T012141Z-b907865386/SC_GB-T900-s5101
287.9999999999997,7200,164,1.7524632815092656,1.7410586198840672,1.8831543000968631,5546.0,SC_GB,results/jerky_area_loss_factorial_long_20260822/20260823T012141Z-b907865386/SC_GB-T900-s5101
290.00000000000074,7250,164,1.7532529806702877,1.7410586198840672,1.884415232583766,5547.0,SC_GB,results/jerky_area_loss_factorial_long_20260822/20260823T012141Z-b907865386/SC_GB-T900-s5101
292.00000000000176,7300,164,1.7543835300191868,1.74211471029912,1.884294250126431,5548.0,SC_GB,results/jerky_area_loss_factorial_long_20260822/20260823T012141Z-b907865386/SC_GB-T900-s5101
294.0000000000028,7350,164,1.7523847090148448,1.7410586198840672,1.892822253571653,5546.0,SC_GB,results/jerky_area_loss_factorial_long_20260822/20260823T012141Z-b907865386/SC_GB-T900-s5101
296.0000000000038,7400,164,1.7521686298179278,1.7403079775395707,1.884294250126431,5546.0,SC_GB,results/jerky_area_loss_factorial_long_20260822/20260823T012141Z-b907865386/SC_GB-T900-s5101
298.00000000000483,7450,164,1.752896224520808,1.74211471029912,1.8887625484438018,5545.0,SC_GB,results/jerky_area_loss_factorial_long_20260822/20260823T012141Z-b907865386/SC_GB-T900-s5101
300.00000000000585,7500,165,1.7521261902222371,1.7410586198840672,1.8842089087803804,5547.0,SC_GB,results/jerky_area_loss_factorial_long_20260822/20260823T012141Z-b907865386/SC_GB-T900-s5101
302.0000000000069,7550,164,1.752200235855751,1.7411799833112642,1.8831543000968631,5545.0,SC_GB,results/jerky_area_loss_factorial_long_20260822/20260823T012141Z-b907865386/SC_GB-T900-s5101
304.0000000000079,7600,165,1.7489881019315439,1.739557335195074,1.8881607949753418,5542.0,SC_GB,results/jerky_area_loss_factorial_long_20260822/20260823T012141Z-b907865386/SC_GB-T900-s5101
306.0000000000089,7650,164,1.7543432801121372,1.74211471029912,1.8831543000968631,5548.0,SC_GB,results/jerky_area_loss_factorial_long_20260822/20260823T012141Z-b907865386/SC_GB-T900-s5101
308.00000000000995,7700,164,1.7535364755053855,1.7411799833112642,1.8839791531045245,5547.0,SC_GB,results/jerky_area_loss_factorial_long_20260822/20260823T012141Z-b907865386/SC_GB-T900-s5101
310.00000000001097,7750,164,1.7521971885173186,1.7410586198840672,1.892822253571653,5545.0,SC_GB,results/jerky_area_loss_factorial_long_20260822/20260823T012141Z-b907865386/SC_GB-T900-s5101
312.000000000012,7800,164,1.7526601173969185,1.7411799833112642,1.8839655479030064,5546.0,SC_GB,results/jerky_area_loss_factorial_long_20260822/20260823T012141Z-b907865386/SC_GB-T900-s5101
314.000000000013,7850,165,1.7509772420295138,1.7410586198840672,1.8804540886314842,5544.0,SC_GB,results/jerky_area_loss_factorial_long_20260822/20260823T012141Z-b907865386/SC_GB-T900-s5101
316.00000000001404,7900,164,1.751948373277418,1.7378965390078753,1.8839791531045245,5545.0,SC_GB,results/jerky_area_loss_factorial_long_20260822/20260823T012141Z-b907865386/SC_GB-T900-s5101
318.00000000001506,7950,164,1.7525024269927423,1.7410586198840672,1.8839655479030064,5546.0,SC_GB,results/jerky_area_loss_factorial_long_20260822/20260823T012141Z-b907865386/SC_GB-T900-s5101
320.0000000000161,8000,165,1.748952439034508,1.7356897567380285,1.8829734465611254,5542.0,SC_GB,results/jerky_area_loss_factorial_long_20260822/20260823T012141Z-b907865386/SC_GB-T900-s5101
322.0000000000171,8050,164,1.7497612470466553,1.7403079775395707,1.880812647810288,5542.0,SC_GB,results/jerky_area_loss_factorial_long_20260822/20260823T012141Z-b907865386/SC_GB-T900-s5101
324.00000000001813,8100,165,1.7499135653007505,1.739557335195074,1.8881607949753418,5544.0,SC_GB,results/jerky_area_loss_factorial_long_20260822/20260823T012141Z-b907865386/SC_GB-T900-s5101
326.00000000001916,8150,164,1.7520964136434973,1.74211471029912,1.8839791531045245,5545.0,SC_GB,results/jerky_area_loss_factorial_long_20260822/20260823T012141Z-b907865386/SC_GB-T900-s5101
328.0000000000202,8200,164,1.751319221298662,1.7410586198840672,1.8831543000968631,5544.0,SC_GB,results/jerky_area_loss_factorial_long_20260822/20260823T012141Z-b907865386/SC_GB-T900-s5101
330.0000000000212,8250,164,1.7508999655648343,1.7376235459665512,1.880812647810288,5543.0,SC_GB,results/jerky_area_loss_factorial_long_20260822/20260823T012141Z-b907865386/SC_GB-T900-s5101
332.0000000000222,8300,165,1.7474264653263893,1.739557335195074,1.8804540886314842,5540.0,SC_GB,results/jerky_area_loss_factorial_long_20260822/20260823T012141Z-b907865386/SC_GB-T900-s5101
334.00000000002325,8350,164,1.7531740804192824,1.7410586198840672,1.8831543000968631,5547.0,SC_GB,results/jerky_area_loss_factorial_long_20260822/20260823T012141Z-b907865386/SC_GB-T900-s5101
336.0000000000243,8400,164,1.7535972313385149,1.74211471029912,1.884294250126431,5547.0,SC_GB,results/jerky_area_loss_factorial_long_20260822/20260823T012141Z-b907865386/SC_GB-T900-s5101
338.0000000000253,8450,165,1.7501457939774996,1.7410586198840672,1.8829734465611254,5544.0,SC_GB,results/jerky_area_loss_factorial_long_20260822/20260823T012141Z-b907865386/SC_GB-T900-s5101
340.0000000000263,8500,165,1.7522961982411152,1.741301346738461,1.8842089087803804,5547.0,SC_GB,results/jerky_area_loss_factorial_long_20260822/20260823T012141Z-b907865386/SC_GB-T900-s5101
342.00000000002734,8550,164,1.7526725572301034,1.7403079775395707,1.884294250126431,5546.0,SC_GB,results/jerky_area_loss_factorial_long_20260822/20260823T012141Z-b907865386/SC_GB-T900-s5101
344.00000000002836,8600,165,1.7505448992963606,1.7410586198840672,1.8804540886314842,5544.0,SC_GB,results/jerky_area_loss_factorial_long_20260822/20260823T012141Z-b907865386/SC_GB-T900-s5101
346.0000000000294,8650,164,1.7520828314473422,1.7403079775395707,1.8831543000968631,5545.0,SC_GB,results/jerky_area_loss_factorial_long_20260822/20260823T012141Z-b907865386/SC_GB-T900-s5101
348.0000000000304,8700,165,1.7515518258748106,1.7410586198840672,1.8829734465611254,5546.0,SC_GB,results/jerky_area_loss_factorial_long_20260822/20260823T012141Z-b907865386/SC_GB-T900-s5101
350.00000000003143,8750,165,1.7498023315252222,1.739557335195074,1.8842089087803804,5544.0,SC_GB,results/jerky_area_loss_factorial_long_20260822/20260823T012141Z-b907865386/SC_GB-T900-s5101
352.00000000003246,8800,165,1.7515232343964844,1.7410586198840672,1.8829734465611254,5546.0,SC_GB,results/jerky_area_loss_factorial_long_20260822/20260823T012141Z-b907865386/SC_GB-T900-s5101
354.0000000000335,8850,164,1.752575359172096,1.7409872105425819,1.8831543000968631,5546.0,SC_GB,results/jerky_area_loss_factorial_long_20260822/20260823T012141Z-b907865386/SC_GB-T900-s5101
356.0000000000345,8900,164,1.7530906983101935,1.7410586198840672,1.8831543000968631,5547.0,SC_GB,results/jerky_area_loss_factorial_long_20260822/20260823T012141Z-b907865386/SC_GB-T900-s5101
358.0000000000355,8950,165,1.7487918335712902,1.739557335195074,1.8829734465611254,5542.0,SC_GB,results/jerky_area_loss_factorial_long_20260822/20260823T012141Z-b907865386/SC_GB-T900-s5101
360.00000000003655,9000,164,1.7507117733885242,1.7403079775395707,1.880812647810288,5543.0,SC_GB,results/jerky_area_loss_factorial_long_20260822/20260823T012141Z-b907865386/SC_GB-T900-s5101
362.0000000000376,9050,165,1.7517541139917154,1.7410586198840672,1.887819429591139,5546.0,SC_GB,results/jerky_area_loss_factorial_long_20260822/20260823T012141Z-b907865386/SC_GB-T900-s5101
364.0000000000386,9100,164,1.7517356206066845,1.7411799833112642,1.8839655479030064,5544.0,SC_GB,results/jerky_area_loss_factorial_long_20260822/20260823T012141Z-b907865386/SC_GB-T900-s5101
366.0000000000396,9150,165,1.750769463860997,1.7362357428206767,1.891518626019142,5546.0,SC_GB,results/jerky_area_loss_factorial_long_20260822/20260823T012141Z-b907865386/SC_GB-T900-s5101
368.00000000004064,9200,165,1.749945123972519,1.739557335195074,1.8829734465611254,5544.0,SC_GB,results/jerky_area_loss_factorial_long_20260822/20260823T012141Z-b907865386/SC_GB-T900-s5101
370.00000000004167,9250,165,1.7514733317742928,1.739557335195074,1.8942670052771837,5546.0,SC_GB,results/jerky_area_loss_factorial_long_20260822/20260823T012141Z-b907865386/SC_GB-T900-s5101
372.0000000000427,9300,165,1.7521286224770771,1.7410586198840672,1.8829734465611254,5547.0,SC_GB,results/jerky_area_loss_factorial_long_20260822/20260823T012141Z-b907865386/SC_GB-T900-s5101
374.0000000000437,9350,164,1.7523735542134704,1.7403079775395707,1.884294250126431,5546.0,SC_GB,results/jerky_area_loss_factorial_long_20260822/20260823T012141Z-b907865386/SC_GB-T900-s5101
376.00000000004474,9400,164,1.75286500183345,1.7411799833112642,1.884294250126431,5546.0,SC_GB,results/jerky_area_loss_factorial_long_20260822/20260823T012141Z-b907865386/SC_GB-T900-s5101
378.00000000004576,9450,164,1.7519406930298176,1.74211471029912,1.8831543000968631,5545.0,SC_GB,results/jerky_area_loss_factorial_long_20260822/20260823T012141Z-b907865386/SC_GB-T900-s5101
380.0000000000468,9500,165,1.7506331466867453,1.7410586198840672,1.8829734465611254,5545.0,SC_GB,results/jerky_area_loss_factorial_long_20260822/20260823T012141Z-b907865386/SC_GB-T900-s5101
382.0000000000478,9550,165,1.750285421624799,1.7362357428206767,1.8879729651333848,5544.0,SC_GB,results/jerky_area_loss_factorial_long_20260822/20260823T012141Z-b907865386/SC_GB-T900-s5101
384.00000000004883,9600,165,1.7495640737261466,1.7410586198840672,1.8804540886314842,5543.0,SC_GB,results/jerky_area_loss_factorial_long_20260822/20260823T012141Z-b907865386/SC_GB-T900-s5101
386.00000000004985,9650,165,1.7514510215610937,1.7410586198840672,1.8842089087803804,5546.0,SC_GB,results/jerky_area_loss_factorial_long_20260822/20260823T012141Z-b907865386/SC_GB-T900-s5101
388.0000000000509,9700,165,1.749611214734479,1.7410586198840672,1.8829734465611254,5543.0,SC_GB,results/jerky_area_loss_factorial_long_20260822/20260823T012141Z-b907865386/SC_GB-T900-s5101
390.0000000000519,9750,164,1.7525485692908158,1.7403079775395707,1.884294250126431,5546.0,SC_GB,results/jerky_area_loss_factorial_long_20260822/20260823T012141Z-b907865386/SC_GB-T900-s5101
392.0000000000529,9800,164,1.750627385489524,1.7403079775395707,1.8831543000968631,5543.0,SC_GB,results/jerky_area_loss_factorial_long_20260822/20260823T012141Z-b907865386/SC_GB-T900-s5101
394.00000000005394,9850,165,1.74872345104811,1.7356897567380285,1.8829734465611254,5542.0,SC_GB,results/jerky_area_loss_factorial_long_20260822/20260823T012141Z-b907865386/SC_GB-T900-s5101
396.00000000005497,9900,164,1.7534716028551298,1.7411799833112642,1.884294250126431,5547.0,SC_GB,results/jerky_area_loss_factorial_long_20260822/20260823T012141Z-b907865386/SC_GB-T900-s5101
398.000000000056,9950,164,1.7519687832538573,1.7378965390078753,1.8887625484438018,5545.0,SC_GB,results/jerky_area_loss_factorial_long_20260822/20260823T012141Z-b907865386/SC_GB-T900-s5101
400.000000000057,10000,164,1.7518734777186078,1.7403079775395707,1.8831543000968631,5544.0,SC_GB,results/jerky_area_loss_factorial_long_20260822/20260823T012141Z-b907865386/SC_GB-T900-s5101
0.0,0,190,1.7920895484123613,1.7854416702856883,1.956505991785691,6086.0,SC_GBTJ,results/jerky_area_loss_factorial_long_20260822/20260823T012141Z-b907865386/SC_GBTJ-T900-s5101
2.000000000000001,50,185,1.7982182712866244,1.7862259120342572,1.9651050635769993,6011.0,SC_GBTJ,results/jerky_area_loss_factorial_long_20260822/20260823T012141Z-b907865386/SC_GBTJ-T900-s5101
4.000000000000003,100,179,1.7837085065702407,1.782535362629228,1.943017534884696,5930.0,SC_GBTJ,results/jerky_area_loss_factorial_long_20260822/20260823T012141Z-b907865386/SC_GBTJ-T900-s5101
6.000000000000004,150,177,1.7876875893003947,1.776894427937363,1.943276875590077,5861.0,SC_GBTJ,results/jerky_area_loss_factorial_long_20260822/20260823T012141Z-b907865386/SC_GBTJ-T900-s5101
8.000000000000005,200,177,1.7862710951842824,1.769893267858808,1.9421354943731286,5815.0,SC_GBTJ,results/jerky_area_loss_factorial_long_20260822/20260823T012141Z-b907865386/SC_GBTJ-T900-s5101
9.999999999999963,250,176,1.7767553769649451,1.7603355325886225,1.9290619080063185,5770.0,SC_GBTJ,results/jerky_area_loss_factorial_long_20260822/20260823T012141Z-b907865386/SC_GBTJ-T900-s5101
11.99999999999992,300,175,1.7714008106477948,1.757539248867556,1.9310241927883836,5747.0,SC_GBTJ,results/jerky_area_loss_factorial_long_20260822/20260823T012141Z-b907865386/SC_GBTJ-T900-s5101
13.999999999999877,350,174,1.7690221079048234,1.7545201789989127,1.910836584297168,5727.0,SC_GBTJ,results/jerky_area_loss_factorial_long_20260822/20260823T012141Z-b907865386/SC_GBTJ-T900-s5101
15.999999999999835,400,173,1.7597818826922982,1.7415443772861354,1.9180268033296306,5696.0,SC_GBTJ,results/jerky_area_loss_factorial_long_20260822/20260823T012141Z-b907865386/SC_GBTJ-T900-s5101
17.999999999999794,450,172,1.7529209810762736,1.7418228907000626,1.9022000110179083,5671.0,SC_GBTJ,results/jerky_area_loss_factorial_long_20260822/20260823T012141Z-b907865386/SC_GBTJ-T900-s5101
19.99999999999975,500,172,1.757035083942059,1.7451297529517473,1.9083369654731694,5662.0,SC_GBTJ,results/jerky_area_loss_factorial_long_20260822/20260823T012141Z-b907865386/SC_GBTJ-T900-s5101
21.99999999999971,550,170,1.7602685048941553,1.7494655851687242,1.9003575294554669,5660.0,SC_GBTJ,results/jerky_area_loss_factorial_long_20260822/20260823T012141Z-b907865386/SC_GBTJ-T900-s5101
23.999999999999666,600,170,1.7569723620831965,1.7445271273611633,1.8997873237003506,5637.0,SC_GBTJ,results/jerky_area_loss_factorial_long_20260822/20260823T012141Z-b907865386/SC_GBTJ-T900-s5101
25.999999999999623,650,168,1.746712796217292,1.738223473402817,1.8918022555455936,5625.0,SC_GBTJ,results/jerky_area_loss_factorial_long_20260822/20260823T012141Z-b907865386/SC_GBTJ-T900-s5101
27.99999999999958,700,167,1.7448439334480266,1.7406312763468048,1.8933565261883618,5605.0,SC_GBTJ,results/jerky_area_loss_factorial_long_20260822/20260823T012141Z-b907865386/SC_GBTJ-T900-s5101
29.999999999999538,750,167,1.7501605422656934,1.7480068326025116,1.8994453297087224,5602.0,SC_GBTJ,results/jerky_area_loss_factorial_long_20260822/20260823T012141Z-b907865386/SC_GBTJ-T900-s5101
31.999999999999496,800,166,1.7487566334840152,1.7367097993209022,1.8924791794825986,5585.0,SC_GBTJ,results/jerky_area_loss_factorial_long_20260822/20260823T012141Z-b907865386/SC_GBTJ-T900-s5101
33.99999999999945,850,166,1.744482230417574,1.7367097993209022,1.9004642881767855,5571.0,SC_GBTJ,results/jerky_area_loss_factorial_long_20260822/20260823T012141Z-b907865386/SC_GBTJ-T900-s5101
35.99999999999941,900,166,1.7514826250818019,1.7421729285890208,1.9126270111027623,5579.0,SC_GBTJ,results/jerky_area_loss_factorial_long_20260822/20260823T012141Z-b907865386/SC_GBTJ-T900-s5101
37.99999999999937,950,165,1.7507925276008343,1.7372692164771173,1.9148458949541876,5575.0,SC_GBTJ,results/jerky_area_loss_factorial_long_20260822/20260823T012141Z-b907865386/SC_GBTJ-T900-s5101
39.999999999999325,1000,165,1.7480104828491358,1.7353022827438913,1.9052909373665716,5570.0,SC_GBTJ,results/jerky_area_loss_factorial_long_20260822/20260823T012141Z-b907865386/SC_GBTJ-T900-s5101
41.99999999999928,1050,165,1.752640154137908,1.741301346738461,1.8888108337567164,5567.0,SC_GBTJ,results/jerky_area_loss_factorial_long_20260822/20260823T012141Z-b907865386/SC_GBTJ-T900-s5101
43.99999999999924,1100,165,1.7538326433452462,1.7429482851662144,1.9012285627761476,5563.0,SC_GBTJ,results/jerky_area_loss_factorial_long_20260822/20260823T012141Z-b907865386/SC_GBTJ-T900-s5101
45.9999999999992,1150,165,1.7499653581282102,1.7380443217194481,1.9076057957846289,5557.0,SC_GBTJ,results/jerky_area_loss_factorial_long_20260822/20260823T012141Z-b907865386/SC_GBTJ-T900-s5101
47.999999999999154,1200,164,1.750863472641171,1.7440822502411466,1.901977800533975,5556.0,SC_GBTJ,results/jerky_area_loss_factorial_long_20260822/20260823T012141Z-b907865386/SC_GBTJ-T900-s5101
49.99999999999911,1250,165,1.7484117488339153,1.7404230469377289,1.897159038906466,5556.0,SC_GBTJ,results/jerky_area_loss_factorial_long_20260822/20260823T012141Z-b907865386/SC_GBTJ-T900-s5101
51.99999999999907,1300,165,1.7476755926575762,1.741301346738461,1.8963663752930129,5555.0,SC_GBTJ,results/jerky_area_loss_factorial_long_20260822/20260823T012141Z-b907865386/SC_GBTJ-T900-s5101
53.99999999999903,1350,165,1.7467383532983742,1.7362357428206767,1.9046088447533207,5554.0,SC_GBTJ,results/jerky_area_loss_factorial_long_20260822/20260823T012141Z-b907865386/SC_GBTJ-T900-s5101
55.999999999998984,1400,164,1.749315573564167,1.7421729285890208,1.896458065527056,5554.0,SC_GBTJ,results/jerky_area_loss_factorial_long_20260822/20260823T012141Z-b907865386/SC_GBTJ-T900-s5101
57.99999999999894,1450,165,1.745445905617379,1.741301346738461,1.8894745884899828,5552.0,SC_GBTJ,results/jerky_area_loss_factorial_long_20260822/20260823T012141Z-b907865386/SC_GBTJ-T900-s5101
59.9999999999989,1500,165,1.747604488474468,1.7430445104395809,1.897159038906466,5555.0,SC_GBTJ,results/jerky_area_loss_factorial_long_20260822/20260823T012141Z-b907865386/SC_GBTJ-T900-s5101
61.999999999998856,1550,165,1.7484155633269451,1.7430445104395809,1.897159038906466,5557.0,SC_GBTJ,results/jerky_area_loss_factorial_long_20260822/20260823T012141Z-b907865386/SC_GBTJ-T900-s5101
63.99999999999881,1600,165,1.7485427059932535,1.7437845938764185,1.8861453485619948,5555.0,SC_GBTJ,results/jerky_area_loss_factorial_long_20260822/20260823T012141Z-b907865386/SC_GBTJ-T900-s5101
65.99999999999912,1650,165,1.7462985204004589,1.7437845938764185,1.883295055286522,5553.0,SC_GBTJ,results/jerky_area_loss_factorial_long_20260822/20260823T012141Z-b907865386/SC_GBTJ-T900-s5101
67.99999999999943,1700,164,1.7476828972764726,1.7404293409667675,1.8918697522386967,5553.0,SC_GBTJ,results/jerky_area_loss_factorial_long_20260822/20260823T012141Z-b907865386/SC_GBTJ-T900-s5101
69.99999999999974,1750,165,1.7469461068152317,1.739557335195074,1.8904438341112682,5555.0,SC_GBTJ,results/jerky_area_loss_factorial_long_20260822/20260823T012141Z-b907865386/SC_GBTJ-T900-s5101
72.00000000000006,1800,165,1.7520403546630157,1.7437845938764185,1.897159038906466,5562.0,SC_GBTJ,results/jerky_area_loss_factorial_long_20260822/20260823T012141Z-b907865386/SC_GBTJ-T900-s5101
74.00000000000037,1850,165,1.7514476221167545,1.7437845938764185,1.8855135878274665,5560.0,SC_GBTJ,results/jerky_area_loss_factorial_long_20260822/20260823T012141Z-b907865386/SC_GBTJ-T900-s5101
76.00000000000068,1900,164,1.752230388502456,1.7434145521579998,1.9005734836713337,5562.0,SC_GBTJ,results/jerky_area_loss_factorial_long_20260822/20260823T012141Z-b907865386/SC_GBTJ-T900-s5101
78.000000000001,1950,165,1.7504589065649552,1.741301346738461,1.8943351731508713,5559.0,SC_GBTJ,results/jerky_area_loss_factorial_long_20260822/20260823T012141Z-b907865386/SC_GBTJ-T900-s5101
80.00000000000131,2000,165,1.751440807758818,1.7451199900427121,1.8861531229628623,5560.0,SC_GBTJ,results/jerky_area_loss_factorial_long_20260822/20260823T012141Z-b907865386/SC_GBTJ-T900-s5101
82.00000000000162,2050,164,1.7502296948304523,1.7434145521579998,1.891943287491468,5558.0,SC_GBTJ,results/jerky_area_loss_factorial_long_20260822/20260823T012141Z-b907865386/SC_GBTJ-T900-s5101
84.00000000000193,2100,165,1.7498961297195437,1.7430445104395809,1.8943351731508713,5558.0,SC_GBTJ,results/jerky_area_loss_factorial_long_20260822/20260823T012141Z-b907865386/SC_GBTJ-T900-s5101
86.00000000000225,2150,165,1.7511577268811906,1.7430445104395809,1.8978681648106053,5562.0,SC_GBTJ,results/jerky_area_loss_factorial_long_20260822/20260823T012141Z-b907865386/SC_GBTJ-T900-s5101
88.00000000000256,2200,164,1.7549123018929638,1.7421729285890208,1.9104647978645068,5568.0,SC_GBTJ,results/jerky_area_loss_factorial_long_20260822/20260823T012141Z-b907865386/SC_GBTJ-T900-s5101
90.00000000000287,2250,164,1.755654094466589,1.744252849674989,1.9073241056198647,5569.0,SC_GBTJ,results/jerky_area_loss_factorial_long_20260822/20260823T012141Z-b907865386/SC_GBTJ-T900-s5101
92.00000000000318,2300,165,1.7555434670570713,1.741301346738461,1.9029137033476082,5570.0,SC_GBTJ,results/jerky_area_loss_factorial_long_20260822/20260823T012141Z-b907865386/SC_GBTJ-T900-s5101
94.0000000000035,2350,164,1.7565510784844696,1.7434145521579998,1.9059214628406769,5569.0,SC_GBTJ,results/jerky_area_loss_factorial_long_20260822/20260823T012141Z-b907865386/SC_GBTJ-T900-s5101
96.00000000000381,2400,165,1.765896731294017,1.7430445104395809,1.8943351731508713,5579.0,SC_GBTJ,results/jerky_area_loss_factorial_long_20260822/20260823T012141Z-b907865386/SC_GBTJ-T900-s5101
98.00000000000412,2450,165,1.764911122275321,1.7410586198840672,1.8964988843859039,5574.0,SC_GBTJ,results/jerky_area_loss_factorial_long_20260822/20260823T012141Z-b907865386/SC_GBTJ-T900-s5101
100.00000000000443,2500,165,1.7655145997036614,1.741301346738461,1.9103783006128265,5573.0,SC_GBTJ,results/jerky_area_loss_factorial_long_20260822/20260823T012141Z-b907865386/SC_GBTJ-T900-s5101
102.00000000000475,2550,165,1.7675451034443257,1.7437845938764185,1.9103783006128265,5564.0,SC_GBTJ,results/jerky_area_loss_factorial_long_20260822/20260823T012141Z-b907865386/SC_GBTJ-T900-s5101
104.00000000000506,2600,165,1.753218971603601,1.741301346738461,1.9098593171027443,5559.0,SC_GBTJ,results/jerky_area_loss_factorial_long_20260822/20260823T012141Z-b907865386/SC_GBTJ-T900-s5101
106.00000000000537,2650,165,1.7615741048382516,1.7437845938764185,1.9046088447533207,5576.0,SC_GBTJ,results/jerky_area_loss_factorial_long_20260822/20260823T012141Z-b907865386/SC_GBTJ-T900-s5101
108.00000000000568,2700,165,1.75577833419517,1.7410586198840672,1.8932648193678634,5568.0,SC_GBTJ,results/jerky_area_loss_factorial_long_20260822/20260823T012141Z-b907865386/SC_GBTJ-T900-s5101
110.000000000006,2750,164,1.7629074187110845,1.7434145521579998,1.8936075647276471,5579.0,SC_GBTJ,results/jerky_area_loss_factorial_long_20260822/20260823T012141Z-b907865386/SC_GBTJ-T900-s5101
112.00000000000631,2800,165,1.7611884062215981,1.7430445104395809,1.9103783006128265,5579.0,SC_GBTJ,results/jerky_area_loss_factorial_long_20260822/20260823T012141Z-b907865386/SC_GBTJ-T900-s5101
114.00000000000662,2850,164,1.7611535940648353,1.7434145521579998,1.9059214628406769,5578.0,SC_GBTJ,results/jerky_area_loss_factorial_long_20260822/20260823T012141Z-b907865386/SC_GBTJ-T900-s5101
116.00000000000693,2900,165,1.7605762038019352,1.7410586198840672,1.8958942020603105,5578.0,SC_GBTJ,results/jerky_area_loss_factorial_long_20260822/20260823T012141Z-b907865386/SC_GBTJ-T900-s5101
118.00000000000725,2950,165,1.7615670083613506,1.741301346738461,1.8937653770164544,5579.0,SC_GBTJ,results/jerky_area_loss_factorial_long_20260822/20260823T012141Z-b907865386/SC_GBTJ-T900-s5101
120.00000000000756,3000,165,1.760811694126774,1.7430445104395809,1.8930767718975583,5578.0,SC_GBTJ,results/jerky_area_loss_factorial_long_20260822/20260823T012141Z-b907865386/SC_GBTJ-T900-s5101
122.00000000000787,3050,165,1.7657614842072606,1.7410586198840672,1.8958942020603105,5584.0,SC_GBTJ,results/jerky_area_loss_factorial_long_20260822/20260823T012141Z-b907865386/SC_GBTJ-T900-s5101
124.00000000000819,3100,165,1.7583390748991612,1.7406312763468048,1.8930767718975583,5574.0,SC_GBTJ,results/jerky_area_loss_factorial_long_20260822/20260823T012141Z-b907865386/SC_GBTJ-T900-s5101
126.0000000000085,3150,165,1.7546677342609749,1.7372692164771173,1.8958942020603105,5569.0,SC_GBTJ,results/jerky_area_loss_factorial_long_20260822/20260823T012141Z-b907865386/SC_GBTJ-T900-s5101
128.0000000000088,3200,165,1.7596848027466445,1.7406312763468048,1.8930767718975583,5576.0,SC_GBTJ,results/jerky_area_loss_factorial_long_20260822/20260823T012141Z-b907865386/SC_GBTJ-T900-s5101
130.0000000000084,3250,165,1.7594850941956028,1.7410586198840672,1.8930767718975583,5576.0,SC_GBTJ,results/jerky_area_loss_factorial_long_20260822/20260823T012141Z-b907865386/SC_GBTJ-T900-s5101
132.00000000000801,3300,165,1.761342380845142,1.739557335195074,1.8958942020603105,5578.0,SC_GBTJ,results/jerky_area_loss_factorial_long_20260822/20260823T012141Z-b907865386/SC_GBTJ-T900-s5101
134.00000000000762,3350,165,1.7604232957933121,1.7410586198840672,1.8958942020603105,5576.0,SC_GBTJ,results/jerky_area_loss_factorial_long_20260822/20260823T012141Z-b907865386/SC_GBTJ-T900-s5101
136.00000000000722,3400,165,1.7588182786277402,1.7406312763468048,1.8930767718975583,5574.0,SC_GBTJ,results/jerky_area_loss_factorial_long_20260822/20260823T012141Z-b907865386/SC_GBTJ-T900-s5101
138.00000000000682,3450,165,1.7602649394083438,1.7410586198840672,1.8958942020603105,5576.0,SC_GBTJ,results/jerky_area_loss_factorial_long_20260822/20260823T012141Z-b907865386/SC_GBTJ-T900-s5101
140.00000000000642,3500,165,1.7592664997335699,1.7410586198840672,1.8958942020603105,5575.0,SC_GBTJ,results/jerky_area_loss_factorial_long_20260822/20260823T012141Z-b907865386/SC_GBTJ-T900-s5101
142.00000000000603,3550,165,1.7600460002751062,1.739557335195074,1.9046088447533207,5576.0,SC_GBTJ,results/jerky_area_loss_factorial_long_20260822/20260823T012141Z-b907865386/SC_GBTJ-T900-s5101
144.00000000000563,3600,165,1.7625498057856541,1.739557335195074,1.8959205631274891,5579.0,SC_GBTJ,results/jerky_area_loss_factorial_long_20260822/20260823T012141Z-b907865386/SC_GBTJ-T900-s5101
146.00000000000523,3650,165,1.7674611081505793,1.7430445104395809,1.8959205631274891,5585.0,SC_GBTJ,results/jerky_area_loss_factorial_long_20260822/20260823T012141Z-b907865386/SC_GBTJ-T900-s5101
148.00000000000483,3700,165,1.7661502007104908,1.7410586198840672,1.8959205631274891,5582.0,SC_GBTJ,results/jerky_area_loss_factorial_long_20260822/20260823T012141Z-b907865386/SC_GBTJ-T900-s5101
150.00000000000443,3750,165,1.7675566239226592,1.7410586198840672,1.8959205631274891,5584.0,SC_GBTJ,results/jerky_area_loss_factorial_long_20260822/20260823T012141Z-b907865386/SC_GBTJ-T900-s5101
152.00000000000404,3800,165,1.7695667502322499,1.741301346738461,1.8959205631274891,5586.0,SC_GBTJ,results/jerky_area_loss_factorial_long_20260822/20260823T012141Z-b907865386/SC_GBTJ-T900-s5101
154.00000000000364,3850,165,1.7702339561195597,1.741301346738461,1.8959205631274891,5588.0,SC_GBTJ,results/jerky_area_loss_factorial_long_20260822/20260823T012141Z-b907865386/SC_GBTJ-T900-s5101
156.00000000000324,3900,165,1.7672439765739758,1.739557335195074,1.8959205631274891,5583.0,SC_GBTJ,results/jerky_area_loss_factorial_long_20260822/20260823T012141Z-b907865386/SC_GBTJ-T900-s5101
158.00000000000284,3950,165,1.7685487210358053,1.7410586198840672,1.8978681648106053,5582.0,SC_GBTJ,results/jerky_area_loss_factorial_long_20260822/20260823T012141Z-b907865386/SC_GBTJ-T900-s5101
160.00000000000244,4000,165,1.7665890845520018,1.7372692164771173,1.9046088447533207,5581.0,SC_GBTJ,results/jerky_area_loss_factorial_long_20260822/20260823T012141Z-b907865386/SC_GBTJ-T900-s5101
162.00000000000205,4050,165,1.7666965044852965,1.7383858799634886,1.8959205631274891,5581.0,SC_GBTJ,results/jerky_area_loss_factorial_long_20260822/20260823T012141Z-b907865386/SC_GBTJ-T900-s5101
164.00000000000165,4100,165,1.7636673268026903,1.739557335195074,1.8959205631274891,5577.0,SC_GBTJ,results/jerky_area_loss_factorial_long_20260822/20260823T012141Z-b907865386/SC_GBTJ-T900-s5101
166.00000000000125,4150,165,1.7649104939428029,1.739557335195074,1.8958942020603105,5577.0,SC_GBTJ,results/jerky_area_loss_factorial_long_20260822/20260823T012141Z-b907865386/SC_GBTJ-T900-s5101
168.00000000000085,4200,165,1.7677389061073647,1.739557335195074,1.9046088447533207,5581.0,SC_GBTJ,results/jerky_area_loss_factorial_long_20260822/20260823T012141Z-b907865386/SC_GBTJ-T900-s5101
170.00000000000045,4250,165,1.7679340933740504,1.739557335195074,1.9046088447533207,5582.0,SC_GBTJ,results/jerky_area_loss_factorial_long_20260822/20260823T012141Z-b907865386/SC_GBTJ-T900-s5101
172.00000000000006,4300,165,1.765177941400433,1.7362357428206767,1.9046088447533207,5578.0,SC_GBTJ,results/jerky_area_loss_factorial_long_20260822/20260823T012141Z-b907865386/SC_GBTJ-T900-s5101
173.99999999999966,4350,165,1.7662611599761442,1.7372692164771173,1.8958942020603105,5580.0,SC_GBTJ,results/jerky_area_loss_factorial_long_20260822/20260823T012141Z-b907865386/SC_GBTJ-T900-s5101
175.99999999999926,4400,165,1.7686305168821828,1.739557335195074,1.901632440622771,5583.0,SC_GBTJ,results/jerky_area_loss_factorial_long_20260822/20260823T012141Z-b907865386/SC_GBTJ-T900-s5101
177.99999999999886,4450,165,1.7697576171549578,1.7410586198840672,1.8958942020603105,5585.0,SC_GBTJ,results/jerky_area_loss_factorial_long_20260822/20260823T012141Z-b907865386/SC_GBTJ-T900-s5101
179.99999999999847,4500,165,1.7760587778711396,1.7410586198840672,1.9103783006128265,5595.0,SC_GBTJ,results/jerky_area_loss_factorial_long_20260822/20260823T012141Z-b907865386/SC_GBTJ-T900-s5101
181.99999999999807,4550,165,1.7803266727997693,1.7430445104395809,1.9103783006128265,5600.0,SC_GBTJ,results/jerky_area_loss_factorial_long_20260822/20260823T012141Z-b907865386/SC_GBTJ-T900-s5101
183.99999999999767,4600,165,1.7820835584937738,1.739557335195074,1.9103783006128265,5594.0,SC_GBTJ,results/jerky_area_loss_factorial_long_20260822/20260823T012141Z-b907865386/SC_GBTJ-T900-s5101
185.99999999999727,4650,165,1.777368395313361,1.7437845938764185,1.9131972528203316,5584.0,SC_GBTJ,results/jerky_area_loss_factorial_long_20260822/20260823T012141Z-b907865386/SC_GBTJ-T900-s5101
187.99999999999687,4700,164,1.7701214423719522,1.7421729285890208,1.9171182932660153,5569.0,SC_GBTJ,results/jerky_area_loss_factorial_long_20260822/20260823T012141Z-b907865386/SC_GBTJ-T900-s5101
189.99999999999648,4750,164,1.7687215103564136,1.7434145521579998,1.9104647978645068,5568.0,SC_GBTJ,results/jerky_area_loss_factorial_long_20260822/20260823T012141Z-b907865386/SC_GBTJ-T900-s5101
191.99999999999608,4800,164,1.7686283568345191,1.7443375443437816,1.9087314474272898,5568.0,SC_GBTJ,results/jerky_area_loss_factorial_long_20260822/20260823T012141Z-b907865386/SC_GBTJ-T900-s5101
193.99999999999568,4850,164,1.7674090495924897,1.7421729285890208,1.9104647978645068,5567.0,SC_GBTJ,results/jerky_area_loss_factorial_long_20260822/20260823T012141Z-b907865386/SC_GBTJ-T900-s5101
195.99999999999528,4900,164,1.769487727589639,1.7434145521579998,1.9087314474272898,5570.0,SC_GBTJ,results/jerky_area_loss_factorial_long_20260822/20260823T012141Z-b907865386/SC_GBTJ-T900-s5101
197.99999999999488,4950,164,1.7685104434016183,1.7421729285890208,1.9104647978645068,5567.0,SC_GBTJ,results/jerky_area_loss_factorial_long_20260822/20260823T012141Z-b907865386/SC_GBTJ-T900-s5101
199.9999999999945,5000,164,1.7709438965827797,1.7443375443437816,1.9136094133537958,5571.0,SC_GBTJ,results/jerky_area_loss_factorial_long_20260822/20260823T012141Z-b907865386/SC_GBTJ-T900-s5101
201.9999999999941,5050,164,1.7666592650604074,1.7411799833112642,1.9087314474272898,5566.0,SC_GBTJ,results/jerky_area_loss_factorial_long_20260822/20260823T012141Z-b907865386/SC_GBTJ-T900-s5101
203.9999999999937,5100,164,1.7662770928827927,1.7434145521579998,1.9059214628406769,5563.0,SC_GBTJ,results/jerky_area_loss_factorial_long_20260822/20260823T012141Z-b907865386/SC_GBTJ-T900-s5101
205.9999999999933,5150,164,1.766177968884299,1.7434145521579998,1.9059214628406769,5564.0,SC_GBTJ,results/jerky_area_loss_factorial_long_20260822/20260823T012141Z-b907865386/SC_GBTJ-T900-s5101
207.9999999999929,5200,164,1.7664016504771174,1.7421729285890208,1.8961039356025293,5564.0,SC_GBTJ,results/jerky_area_loss_factorial_long_20260822/20260823T012141Z-b907865386/SC_GBTJ-T900-s5101
209.9999999999925,5250,164,1.7668597599891667,1.7434145521579998,1.9059214628406769,5565.0,SC_GBTJ,results/jerky_area_loss_factorial_long_20260822/20260823T012141Z-b907865386/SC_GBTJ-T900-s5101
211.9999999999921,5300,164,1.7655089403808077,1.737827548220303,1.9087314474272898,5562.0,SC_GBTJ,results/jerky_area_loss_factorial_long_20260822/20260823T012141Z-b907865386/SC_GBTJ-T900-s5101
213.9999999999917,5350,164,1.7703243105330142,1.7421729285890208,1.9059214628406769,5572.0,SC_GBTJ,results/jerky_area_loss_factorial_long_20260822/20260823T012141Z-b907865386/SC_GBTJ-T900-s5101
215.9999999999913,5400,164,1.7696772687783069,1.7367524796488971,1.896458065527056,5571.0,SC_GBTJ,results/jerky_area_loss_factorial_long_20260822/20260823T012141Z-b907865386/SC_GBTJ-T900-s5101
217.9999999999909,5450,163,1.7717940194906572,1.7461570899225087,1.8965497557610993,5570.0,SC_GBTJ,results/jerky_area_loss_factorial_long_20260822/20260823T012141Z-b907865386/SC_GBTJ-T900-s5101
219.9999999999905,5500,164,1.765562043973387,1.7389716075792814,1.8989945119496305,5565.0,SC_GBTJ,results/jerky_area_loss_factorial_long_20260822/20260823T012141Z-b907865386/SC_GBTJ-T900-s5101
221.9999999999901,5550,164,1.7663254114487625,1.7430445104395809,1.9059214628406769,5565.0,SC_GBTJ,results/jerky_area_loss_factorial_long_20260822/20260823T012141Z-b907865386/SC_GBTJ-T900-s5101
223.9999999999897,5600,164,1.76676256230499,1.7400943057709393,1.9032897669312832,5568.0,SC_GBTJ,results/jerky_area_loss_factorial_long_20260822/20260823T012141Z-b907865386/SC_GBTJ-T900-s5101
225.9999999999893,5650,164,1.7679333044744883,1.7411799833112642,1.9059214628406769,5570.0,SC_GBTJ,results/jerky_area_loss_factorial_long_20260822/20260823T012141Z-b907865386/SC_GBTJ-T900-s5101
227.99999999998892,5700,164,1.7716882476551084,1.7421729285890208,1.9032897669312832,5574.0,SC_GBTJ,results/jerky_area_loss_factorial_long_20260822/20260823T012141Z-b907865386/SC_GBTJ-T900-s5101
229.99999999998852,5750,164,1.768943330685321,1.7403079775395707,1.8961039356025293,5572.0,SC_GBTJ,results/jerky_area_loss_factorial_long_20260822/20260823T012141Z-b907865386/SC_GBTJ-T900-s5101
231.99999999998812,5800,164,1.7708187955581305,1.7421729285890208,1.8961039356025293,5574.0,SC_GBTJ,results/jerky_area_loss_factorial_long_20260822/20260823T012141Z-b907865386/SC_GBTJ-T900-s5101
233.99999999998772,5850,164,1.769539129827023,1.7421729285890208,1.8965574473467244,5573.0,SC_GBTJ,results/jerky_area_loss_factorial_long_20260822/20260823T012141Z-b907865386/SC_GBTJ-T900-s5101
235.99999999998732,5900,164,1.7706009246043912,1.7421729285890208,1.8961039356025293,5574.0,SC_GBTJ,results/jerky_area_loss_factorial_long_20260822/20260823T012141Z-b907865386/SC_GBTJ-T900-s5101
237.99999999998693,5950,164,1.767342776835624,1.737827548220303,1.8961039356025293,5570.0,SC_GBTJ,results/jerky_area_loss_factorial_long_20260822/20260823T012141Z-b907865386/SC_GBTJ-T900-s5101
239.99999999998653,6000,164,1.771813488788217,1.7434145521579998,1.8961039356025293,5577.0,SC_GBTJ,results/jerky_area_loss_factorial_long_20260822/20260823T012141Z-b907865386/SC_GBTJ-T900-s5101
241.99999999998613,6050,164,1.7727100205521469,1.7403079775395707,1.9059214628406769,5578.0,SC_GBTJ,results/jerky_area_loss_factorial_long_20260822/20260823T012141Z-b907865386/SC_GBTJ-T900-s5101
243.99999999998573,6100,164,1.7706042401733562,1.7389716075792814,1.9059214628406769,5574.0,SC_GBTJ,results/jerky_area_loss_factorial_long_20260822/20260823T012141Z-b907865386/SC_GBTJ-T900-s5101
245.99999999998533,6150,164,1.7710976150059177,1.742051565161824,1.8961039356025293,5575.0,SC_GBTJ,results/jerky_area_loss_factorial_long_20260822/20260823T012141Z-b907865386/SC_GBTJ-T900-s5101
247.99999999998494,6200,164,1.7707077043059616,1.742051565161824,1.8961039356025293,5574.0,SC_GBTJ,results/jerky_area_loss_factorial_long_20260822/20260823T012141Z-b907865386/SC_GBTJ-T900-s5101
249.99999999998454,6250,164,1.770139796855073,1.7421729285890208,1.8961039356025293,5574.0,SC_GBTJ,results/jerky_area_loss_factorial_long_20260822/20260823T012141Z-b907865386/SC_GBTJ-T900-s5101
251.99999999998414,6300,164,1.767881179528525,1.7384132758360957,1.8961039356025293,5570.0,SC_GBTJ,results/jerky_area_loss_factorial_long_20260822/20260823T012141Z-b907865386/SC_GBTJ-T900-s5101
253.99999999998374,6350,163,1.7716231027443594,1.7430445104395809,1.9072340809280326,5574.0,SC_GBTJ,results/jerky_area_loss_factorial_long_20260822/20260823T012141Z-b907865386/SC_GBTJ-T900-s5101
255.99999999998334,6400,164,1.7706674501836528,1.7421729285890208,1.8961039356025293,5574.0,SC_GBTJ,results/jerky_area_loss_factorial_long_20260822/20260823T012141Z-b907865386/SC_GBTJ-T900-s5101
257.99999999998437,6450,164,1.7690685065540652,1.7411799833112642,1.8961039356025293,5572.0,SC_GBTJ,results/jerky_area_loss_factorial_long_20260822/20260823T012141Z-b907865386/SC_GBTJ-T900-s5101
259.9999999999854,6500,163,1.7729053025763637,1.7448904948111448,1.8963136691447482,5576.0,SC_GBTJ,results/jerky_area_loss_factorial_long_20260822/20260823T012141Z-b907865386/SC_GBTJ-T900-s5101
261.9999999999864,6550,164,1.7712797453898337,1.7403079775395707,1.8961039356025293,5576.0,SC_GBTJ,results/jerky_area_loss_factorial_long_20260822/20260823T012141Z-b907865386/SC_GBTJ-T900-s5101
263.99999999998744,6600,164,1.7709350816038794,1.7411799833112642,1.8961039356025293,5575.0,SC_GBTJ,results/jerky_area_loss_factorial_long_20260822/20260823T012141Z-b907865386/SC_GBTJ-T900-s5101
265.99999999998846,6650,164,1.7678173230036018,1.7389716075792814,1.8961039356025293,5571.0,SC_GBTJ,results/jerky_area_loss_factorial_long_20260822/20260823T012141Z-b907865386/SC_GBTJ-T900-s5101
267.9999999999895,6700,164,1.7685666329167244,1.7389716075792814,1.8961039356025293,5572.0,SC_GBTJ,results/jerky_area_loss_factorial_long_20260822/20260823T012141Z-b907865386/SC_GBTJ-T900-s5101
269.9999999999905,6750,164,1.7701694286229726,1.7403079775395707,1.8961039356025293,5574.0,SC_GBTJ,results/jerky_area_loss_factorial_long_20260822/20260823T012141Z-b907865386/SC_GBTJ-T900-s5101
271.99999999999153,6800,164,1.7713088027212271,1.7421729285890208,1.8961039356025293,5575.0,SC_GBTJ,results/jerky_area_loss_factorial_long_20260822/20260823T012141Z-b907865386/SC_GBTJ-T900-s5101
273.99999999999255,6850,164,1.7711000716493566,1.7411799833112642,1.8961039356025293,5575.0,SC_GBTJ,results/jerky_area_loss_factorial_long_20260822/20260823T012141Z-b907865386/SC_GBTJ-T900-s5101
275.9999999999936,6900,164,1.7694122623056867,1.7421729285890208,1.8961039356025293,5573.0,SC_GBTJ,results/jerky_area_loss_factorial_long_20260822/20260823T012141Z-b907865386/SC_GBTJ-T900-s5101
277.9999999999946,6950,164,1.772899757985339,1.7434145521579998,1.8961039356025293,5577.0,SC_GBTJ,results/jerky_area_loss_factorial_long_20260822/20260823T012141Z-b907865386/SC_GBTJ-T900-s5101
279.9999999999956,7000,163,1.773635214200971,1.741301346738461,1.8963136691447482,5577.0,SC_GBTJ,results/jerky_area_loss_factorial_long_20260822/20260823T012141Z-b907865386/SC_GBTJ-T900-s5101
281.99999999999665,7050,164,1.7692246894795254,1.7403079775395707,1.8961039356025293,5573.0,SC_GBTJ,results/jerky_area_loss_factorial_long_20260822/20260823T012141Z-b907865386/SC_GBTJ-T900-s5101
283.99999999999767,7100,164,1.7707985364792502,1.7434145521579998,1.8961039356025293,5575.0,SC_GBTJ,results/jerky_area_loss_factorial_long_20260822/20260823T012141Z-b907865386/SC_GBTJ-T900-s5101
285.9999999999987,7150,164,1.7718898993031913,1.7434145521579998,1.8961039356025293,5577.0,SC_GBTJ,results/jerky_area_loss_factorial_long_20260822/20260823T012141Z-b907865386/SC_GBTJ-T900-s5101
287.9999999999997,7200,163,1.7712356601006762,1.741301346738461,1.8963136691447482,5574.0,SC_GBTJ,results/jerky_area_loss_factorial_long_20260822/20260823T012141Z-b907865386/SC_GBTJ-T900-s5101
290.00000000000074,7250,164,1.771427421029087,1.741301346738461,1.8961039356025293,5576.0,SC_GBTJ,results/jerky_area_loss_factorial_long_20260822/20260823T012141Z-b907865386/SC_GBTJ-T900-s5101
292.00000000000176,7300,164,1.7708303871417843,1.7417013754262254,1.8961039356025293,5574.0,SC_GBTJ,results/jerky_area_loss_factorial_long_20260822/20260823T012141Z-b907865386/SC_GBTJ-T900-s5101
294.0000000000028,7350,164,1.7708996119147657,1.741301346738461,1.8961039356025293,5575.0,SC_GBTJ,results/jerky_area_loss_factorial_long_20260822/20260823T012141Z-b907865386/SC_GBTJ-T900-s5101
296.0000000000038,7400,164,1.771908018080377,1.7417013754262254,1.8961039356025293,5577.0,SC_GBTJ,results/jerky_area_loss_factorial_long_20260822/20260823T012141Z-b907865386/SC_GBTJ-T900-s5101
298.00000000000483,7450,164,1.772958456212334,1.7411799833112642,1.8961039356025293,5578.0,SC_GBTJ,results/jerky_area_loss_factorial_long_20260822/20260823T012141Z-b907865386/SC_GBTJ-T900-s5101
300.00000000000585,7500,164,1.772590617060137,1.7421729285890208,1.8961039356025293,5577.0,SC_GBTJ,results/jerky_area_loss_factorial_long_20260822/20260823T012141Z-b907865386/SC_GBTJ-T900-s5101
302.0000000000069,7550,164,1.7715415804837455,1.7411799833112642,1.8961039356025293,5576.0,SC_GBTJ,results/jerky_area_loss_factorial_long_20260822/20260823T012141Z-b907865386/SC_GBTJ-T900-s5101
304.0000000000079,7600,164,1.7706449984324673,1.740844948115436,1.8961039356025293,5575.0,SC_GBTJ,results/jerky_area_loss_factorial_long_20260822/20260823T012141Z-b907865386/SC_GBTJ-T900-s5101
306.0000000000089,7650,164,1.771044224185946,1.7389716075792814,1.8961039356025293,5576.0,SC_GBTJ,results/jerky_area_loss_factorial_long_20260822/20260823T012141Z-b907865386/SC_GBTJ-T900-s5101
308.00000000000995,7700,164,1.7723590362377086,1.7421729285890208,1.8961039356025293,5577.0,SC_GBTJ,results/jerky_area_loss_factorial_long_20260822/20260823T012141Z-b907865386/SC_GBTJ-T900-s5101
310.00000000001097,7750,164,1.7691438897285192,1.7389716075792814,1.8961039356025293,5573.0,SC_GBTJ,results/jerky_area_loss_factorial_long_20260822/20260823T012141Z-b907865386/SC_GBTJ-T900-s5101
312.000000000012,7800,164,1.7712115728653481,1.7411799833112642,1.8961039356025293,5575.0,SC_GBTJ,results/jerky_area_loss_factorial_long_20260822/20260823T012141Z-b907865386/SC_GBTJ-T900-s5101
314.000000000013,7850,164,1.7694435032076312,1.7403079775395707,1.8961039356025293,5573.0,SC_GBTJ,results/jerky_area_loss_factorial_long_20260822/20260823T012141Z-b907865386/SC_GBTJ-T900-s5101
316.00000000001404,7900,164,1.7698225492877793,1.7403079775395707,1.8961039356025293,5573.0,SC_GBTJ,results/jerky_area_loss_factorial_long_20260822/20260823T012141Z-b907865386/SC_GBTJ-T900-s5101
318.00000000001506,7950,164,1.7713170582410624,1.7421729285890208,1.8961039356025293,5575.0,SC_GBTJ,results/jerky_area_loss_factorial_long_20260822/20260823T012141Z-b907865386/SC_GBTJ-T900-s5101
320.0000000000161,8000,164,1.7702070944071546,1.7403079775395707,1.8961039356025293,5574.0,SC_GBTJ,results/jerky_area_loss_factorial_long_20260822/20260823T012141Z-b907865386/SC_GBTJ-T900-s5101
322.0000000000171,8050,164,1.770073979382538,1.7403079775395707,1.8961039356025293,5573.0,SC_GBTJ,results/jerky_area_loss_factorial_long_20260822/20260823T012141Z-b907865386/SC_GBTJ-T900-s5101
324.00000000001813,8100,164,1.7709200825073605,1.7411799833112642,1.8961039356025293,5575.0,SC_GBTJ,results/jerky_area_loss_factorial_long_20260822/20260823T012141Z-b907865386/SC_GBTJ-T900-s5101
326.00000000001916,8150,164,1.7711335097052903,1.7389716075792814,1.8961039356025293,5575.0,SC_GBTJ,results/jerky_area_loss_factorial_long_20260822/20260823T012141Z-b907865386/SC_GBTJ-T900-s5101
328.0000000000202,8200,164,1.7702722128093331,1.7403079775395707,1.8961039356025293,5575.0,SC_GBTJ,results/jerky_area_loss_factorial_long_20260822/20260823T012141Z-b907865386/SC_GBTJ-T900-s5101
330.0000000000212,8250,164,1.7714480441252414,1.7403079775395707,1.8961039356025293,5575.0,SC_GBTJ,results/jerky_area_loss_factorial_long_20260822/20260823T012141Z-b907865386/SC_GBTJ-T900-s5101
332.0000000000222,8300,164,1.7720510425679874,1.7411799833112642,1.8961039356025293,5577.0,SC_GBTJ,results/jerky_area_loss_factorial_long_20260822/20260823T012141Z-b907865386/SC_GBTJ-T900-s5101
334.00000000002325,8350,164,1.7734174120427881,1.7421729285890208,1.8961039356025293,5578.0,SC_GBTJ,results/jerky_area_loss_factorial_long_20260822/20260823T012141Z-b907865386/SC_GBTJ-T900-s5101
336.0000000000243,8400,164,1.7711299361049728,1.7403079775395707,1.8961039356025293,5575.0,SC_GBTJ,results/jerky_area_loss_factorial_long_20260822/20260823T012141Z-b907865386/SC_GBTJ-T900-s5101
338.0000000000253,8450,164,1.7733814402793953,1.744252849674989,1.8961039356025293,5578.0,SC_GBTJ,results/jerky_area_loss_factorial_long_20260822/20260823T012141Z-b907865386/SC_GBTJ-T900-s5101
340.0000000000263,8500,164,1.7697886568379724,1.7403079775395707,1.8961039356025293,5573.0,SC_GBTJ,results/jerky_area_loss_factorial_long_20260822/20260823T012141Z-b907865386/SC_GBTJ-T900-s5101
342.00000000002734,8550,164,1.769308566919192,1.737827548220303,1.8961039356025293,5573.0,SC_GBTJ,results/jerky_area_loss_factorial_long_20260822/20260823T012141Z-b907865386/SC_GBTJ-T900-s5101
344.00000000002836,8600,163,1.7718115291398748,1.741301346738461,1.8963136691447482,5574.0,SC_GBTJ,results/jerky_area_loss_factorial_long_20260822/20260823T012141Z-b907865386/SC_GBTJ-T900-s5101
346.0000000000294,8650,164,1.7702865464733806,1.7411799833112642,1.8961039356025293,5574.0,SC_GBTJ,results/jerky_area_loss_factorial_long_20260822/20260823T012141Z-b907865386/SC_GBTJ-T900-s5101
348.0000000000304,8700,164,1.769993458581647,1.7411799833112642,1.8961039356025293,5574.0,SC_GBTJ,results/jerky_area_loss_factorial_long_20260822/20260823T012141Z-b907865386/SC_GBTJ-T900-s5101
350.00000000003143,8750,164,1.771430540050844,1.7421729285890208,1.8961039356025293,5575.0,SC_GBTJ,results/jerky_area_loss_factorial_long_20260822/20260823T012141Z-b907865386/SC_GBTJ-T900-s5101
352.00000000003246,8800,164,1.7728702091620034,1.7411799833112642,1.9032897669312832,5572.0,SC_GBTJ,results/jerky_area_loss_factorial_long_20260822/20260823T012141Z-b907865386/SC_GBTJ-T900-s5101
354.0000000000335,8850,164,1.7729436136572079,1.7421729285890208,1.8961039356025293,5572.0,SC_GBTJ,results/jerky_area_loss_factorial_long_20260822/20260823T012141Z-b907865386/SC_GBTJ-T900-s5101
356.0000000000345,8900,164,1.7679998636023198,1.737827548220303,1.8961039356025293,5565.0,SC_GBTJ,results/jerky_area_loss_factorial_long_20260822/20260823T012141Z-b907865386/SC_GBTJ-T900-s5101
358.0000000000355,8950,164,1.771426444448502,1.740844948115436,1.8961039356025293,5569.0,SC_GBTJ,results/jerky_area_loss_factorial_long_20260822/20260823T012141Z-b907865386/SC_GBTJ-T900-s5101
360.00000000003655,9000,164,1.7702136254518153,1.7403079775395707,1.8961039356025293,5568.0,SC_GBTJ,results/jerky_area_loss_factorial_long_20260822/20260823T012141Z-b907865386/SC_GBTJ-T900-s5101
362.0000000000376,9050,164,1.7706229586766533,1.7411799833112642,1.8961039356025293,5568.0,SC_GBTJ,results/jerky_area_loss_factorial_long_20260822/20260823T012141Z-b907865386/SC_GBTJ-T900-s5101
364.0000000000386,9100,164,1.7726570808415223,1.740844948115436,1.9032897669312832,5571.0,SC_GBTJ,results/jerky_area_loss_factorial_long_20260822/20260823T012141Z-b907865386/SC_GBTJ-T900-s5101
366.0000000000396,9150,164,1.7721575012027433,1.7411799833112642,1.8961039356025293,5570.0,SC_GBTJ,results/jerky_area_loss_factorial_long_20260822/20260823T012141Z-b907865386/SC_GBTJ-T900-s5101
368.00000000004064,9200,164,1.771146083629492,1.7411799833112642,1.8961039356025293,5569.0,SC_GBTJ,results/jerky_area_loss_factorial_long_20260822/20260823T012141Z-b907865386/SC_GBTJ-T900-s5101
370.00000000004167,9250,164,1.7710379356399164,1.7411799833112642,1.8961039356025293,5567.0,SC_GBTJ,results/jerky_area_loss_factorial_long_20260822/20260823T012141Z-b907865386/SC_GBTJ-T900-s5101
372.0000000000427,9300,164,1.7702618338021665,1.7411799833112642,1.8961039356025293,5567.0,SC_GBTJ,results/jerky_area_loss_factorial_long_20260822/20260823T012141Z-b907865386/SC_GBTJ-T900-s5101
374.0000000000437,9350,164,1.7700352369353745,1.740844948115436,1.8961039356025293,5567.0,SC_GBTJ,results/jerky_area_loss_factorial_long_20260822/20260823T012141Z-b907865386/SC_GBTJ-T900-s5101
376.00000000004474,9400,164,1.770627123992538,1.7400943057709393,1.8961039356025293,5567.0,SC_GBTJ,results/jerky_area_loss_factorial_long_20260822/20260823T012141Z-b907865386/SC_GBTJ-T900-s5101
378.00000000004576,9450,164,1.7693119085222788,1.7389716075792814,1.8961039356025293,5565.0,SC_GBTJ,results/jerky_area_loss_factorial_long_20260822/20260823T012141Z-b907865386/SC_GBTJ-T900-s5101
380.0000000000468,9500,164,1.7707773871431007,1.7403079775395707,1.8961039356025293,5567.0,SC_GBTJ,results/jerky_area_loss_factorial_long_20260822/20260823T012141Z-b907865386/SC_GBTJ-T900-s5101
382.0000000000478,9550,164,1.77262810343011,1.7434145521579998,1.8961039356025293,5570.0,SC_GBTJ,results/jerky_area_loss_factorial_long_20260822/20260823T012141Z-b907865386/SC_GBTJ-T900-s5101
384.00000000004883,9600,164,1.7713354178400174,1.7411799833112642,1.8961039356025293,5567.0,SC_GBTJ,results/jerky_area_loss_factorial_long_20260822/20260823T012141Z-b907865386/SC_GBTJ-T900-s5101
386.00000000004985,9650,164,1.7706588322046692,1.7411799833112642,1.8961039356025293,5567.0,SC_GBTJ,results/jerky_area_loss_factorial_long_20260822/20260823T012141Z-b907865386/SC_GBTJ-T900-s5101
388.0000000000509,9700,164,1.772626908686282,1.7434145521579998,1.8961039356025293,5570.0,SC_GBTJ,results/jerky_area_loss_factorial_long_20260822/20260823T012141Z-b907865386/SC_GBTJ-T900-s5101
390.0000000000519,9750,164,1.7711847568137404,1.7421729285890208,1.8961039356025293,5568.0,SC_GBTJ,results/jerky_area_loss_factorial_long_20260822/20260823T012141Z-b907865386/SC_GBTJ-T900-s5101
392.0000000000529,9800,164,1.7706746665511477,1.7411799833112642,1.8961039356025293,5566.0,SC_GBTJ,results/jerky_area_loss_factorial_long_20260822/20260823T012141Z-b907865386/SC_GBTJ-T900-s5101
394.00000000005394,9850,164,1.770026496789906,1.7411799833112642,1.8961039356025293,5567.0,SC_GBTJ,results/jerky_area_loss_factorial_long_20260822/20260823T012141Z-b907865386/SC_GBTJ-T900-s5101
396.00000000005497,9900,164,1.7712230915450315,1.7421729285890208,1.8961039356025293,5568.0,SC_GBTJ,results/jerky_area_loss_factorial_long_20260822/20260823T012141Z-b907865386/SC_GBTJ-T900-s5101
398.000000000056,9950,164,1.7718036253388156,1.740844948115436,1.8961039356025293,5570.0,SC_GBTJ,results/jerky_area_loss_factorial_long_20260822/20260823T012141Z-b907865386/SC_GBTJ-T900-s5101
400.000000000057,10000,163,1.77508055567367,1.7468225461305589,1.8963136691447482,5572.0,SC_GBTJ,results/jerky_area_loss_factorial_long_20260822/20260823T012141Z-b907865386/SC_GBTJ-T900-s5101
0.0,0,190,1.7920895484123613,1.7854416702856883,1.956505991785691,6086.0,TC_GB,results/jerky_area_loss_factorial_long_20260822/20260823T012141Z-b907865386/TC_GB-T900-s5101
2.000000000000001,50,183,1.7942967040645952,1.78866793841809,1.957990928064944,6012.0,TC_GB,results/jerky_area_loss_factorial_long_20260822/20260823T012141Z-b907865386/TC_GB-T900-s5101
4.000000000000003,100,179,1.7961625909134034,1.7806008826579451,1.9630549964227504,5926.0,TC_GB,results/jerky_area_loss_factorial_long_20260822/20260823T012141Z-b907865386/TC_GB-T900-s5101
6.000000000000004,150,177,1.7922418462938692,1.7762828470077605,1.9735684046520174,5848.0,TC_GB,results/jerky_area_loss_factorial_long_20260822/20260823T012141Z-b907865386/TC_GB-T900-s5101
8.000000000000005,200,175,1.7906688016760606,1.7793720345677742,1.9535545832970642,5787.0,TC_GB,results/jerky_area_loss_factorial_long_20260822/20260823T012141Z-b907865386/TC_GB-T900-s5101
9.999999999999963,250,174,1.7822515175427645,1.7854416702856883,1.9540332794992075,5729.0,TC_GB,results/jerky_area_loss_factorial_long_20260822/20260823T012141Z-b907865386/TC_GB-T900-s5101
11.99999999999992,300,170,1.7773313013177325,1.772405115987697,1.9518346272097744,5683.0,TC_GB,results/jerky_area_loss_factorial_long_20260822/20260823T012141Z-b907865386/TC_GB-T900-s5101
13.999999999999877,350,164,1.7654320346357835,1.7605532864988847,1.9402474750833114,5601.0,TC_GB,results/jerky_area_loss_factorial_long_20260822/20260823T012141Z-b907865386/TC_GB-T900-s5101
15.999999999999835,400,162,1.7796358014723777,1.7680139778704653,1.9520857425104166,5568.0,TC_GB,results/jerky_area_loss_factorial_long_20260822/20260823T012141Z-b907865386/TC_GB-T900-s5101
17.999999999999794,450,160,1.7886722912970547,1.7782355938617407,1.946162932646173,5530.0,TC_GB,results/jerky_area_loss_factorial_long_20260822/20260823T012141Z-b907865386/TC_GB-T900-s5101
19.99999999999975,500,159,1.7917369795275333,1.7784639571082723,1.965515770768192,5471.0,TC_GB,results/jerky_area_loss_factorial_long_20260822/20260823T012141Z-b907865386/TC_GB-T900-s5101
21.99999999999971,550,152,1.7866051219904369,1.7800930228918581,1.9386738025479553,5420.0,TC_GB,results/jerky_area_loss_factorial_long_20260822/20260823T012141Z-b907865386/TC_GB-T900-s5101
23.999999999999666,600,151,1.796661831250864,1.7815483552302083,1.9807969488808461,5377.0,TC_GB,results/jerky_area_loss_factorial_long_20260822/20260823T012141Z-b907865386/TC_GB-T900-s5101
25.999999999999623,650,149,1.8069223896296758,1.791339678630056,1.9807029571714603,5340.0,TC_GB,results/jerky_area_loss_factorial_long_20260822/20260823T012141Z-b907865386/TC_GB-T900-s5101
27.99999999999958,700,145,1.8132019088598985,1.799675125731432,2.0037850151410264,5313.0,TC_GB,results/jerky_area_loss_factorial_long_20260822/20260823T012141Z-b907865386/TC_GB-T900-s5101
29.999999999999538,750,143,1.8127816517055912,1.799675125731432,1.9985313568253713,5280.0,TC_GB,results/jerky_area_loss_factorial_long_20260822/20260823T012141Z-b907865386/TC_GB-T900-s5101
31.999999999999496,800,142,1.822489353267318,1.8121158976011218,2.0008049988695413,5236.0,TC_GB,results/jerky_area_loss_factorial_long_20260822/20260823T012141Z-b907865386/TC_GB-T900-s5101
33.99999999999945,850,140,1.8289149876712745,1.8198609861876842,2.035850811587584,5182.0,TC_GB,results/jerky_area_loss_factorial_long_20260822/20260823T012141Z-b907865386/TC_GB-T900-s5101
35.99999999999941,900,136,1.82393249771651,1.821267183783645,2.0216095665939724,5126.0,TC_GB,results/jerky_area_loss_factorial_long_20260822/20260823T012141Z-b907865386/TC_GB-T900-s5101
37.99999999999937,950,131,1.838445760015186,1.8364031895218693,2.0204850480387497,5091.0,TC_GB,results/jerky_area_loss_factorial_long_20260822/20260823T012141Z-b907865386/TC_GB-T900-s5101
39.999999999999325,1000,129,1.844634548390868,1.8430619534067882,2.050982892591548,5055.0,TC_GB,results/jerky_area_loss_factorial_long_20260822/20260823T012141Z-b907865386/TC_GB-T900-s5101
41.99999999999928,1050,127,1.845884590410805,1.830677753375433,2.0455967723817925,4979.0,TC_GB,results/jerky_area_loss_factorial_long_20260822/20260823T012141Z-b907865386/TC_GB-T900-s5101
43.99999999999924,1100,123,1.841558504526553,1.8340712489637463,2.0317399709187898,4925.0,TC_GB,results/jerky_area_loss_factorial_long_20260822/20260823T012141Z-b907865386/TC_GB-T900-s5101
45.9999999999992,1150,121,1.8467898684136783,1.8283240785288932,2.064971063026023,4866.0,TC_GB,results/jerky_area_loss_factorial_long_20260822/20260823T012141Z-b907865386/TC_GB-T900-s5101
47.999999999999154,1200,118,1.8312594887515536,1.8096873644435352,2.0204388452718005,4804.0,TC_GB,results/jerky_area_loss_factorial_long_20260822/20260823T012141Z-b907865386/TC_GB-T900-s5101
49.99999999999911,1250,115,1.8345047725223742,1.8289733968467734,2.017884483508262,4781.0,TC_GB,results/jerky_area_loss_factorial_long_20260822/20260823T012141Z-b907865386/TC_GB-T900-s5101
51.99999999999907,1300,115,1.822840672539663,1.8087744208146483,2.0146918359010604,4732.0,TC_GB,results/jerky_area_loss_factorial_long_20260822/20260823T012141Z-b907865386/TC_GB-T900-s5101
53.99999999999903,1350,113,1.8361912285006405,1.8247751277157604,2.0117769438382966,4701.0,TC_GB,results/jerky_area_loss_factorial_long_20260822/20260823T012141Z-b907865386/TC_GB-T900-s5101
55.999999999998984,1400,111,1.8401945488415397,1.8304226906391787,2.0217924638926483,4660.0,TC_GB,results/jerky_area_loss_factorial_long_20260822/20260823T012141Z-b907865386/TC_GB-T900-s5101
57.99999999999894,1450,110,1.834436100476353,1.8277634762655106,2.0115663872205825,4628.0,TC_GB,results/jerky_area_loss_factorial_long_20260822/20260823T012141Z-b907865386/TC_GB-T900-s5101
59.9999999999989,1500,110,1.8362536447057445,1.8173786871204736,2.0642348084327753,4588.0,TC_GB,results/jerky_area_loss_factorial_long_20260822/20260823T012141Z-b907865386/TC_GB-T900-s5101
61.999999999998856,1550,108,1.8446955821060995,1.8278579852812649,2.051054271974346,4551.0,TC_GB,results/jerky_area_loss_factorial_long_20260822/20260823T012141Z-b907865386/TC_GB-T900-s5101
63.99999999999881,1600,104,1.8340154159003146,1.8152445760300306,2.0577369956555565,4502.0,TC_GB,results/jerky_area_loss_factorial_long_20260822/20260823T012141Z-b907865386/TC_GB-T900-s5101
65.99999999999912,1650,102,1.8305237209949428,1.815375169010795,1.9976220222958327,4466.0,TC_GB,results/jerky_area_loss_factorial_long_20260822/20260823T012141Z-b907865386/TC_GB-T900-s5101
67.99999999999943,1700,101,1.8298779870121387,1.812493940152408,1.9964396061447354,4428.0,TC_GB,results/jerky_area_loss_factorial_long_20260822/20260823T012141Z-b907865386/TC_GB-T900-s5101
69.99999999999974,1750,101,1.8274092855166402,1.7954667017554444,1.9998526880657008,4405.0,TC_GB,results/jerky_area_loss_factorial_long_20260822/20260823T012141Z-b907865386/TC_GB-T900-s5101
72.00000000000006,1800,100,1.8407103690144395,1.831411079262928,2.045565205229084,4376.0,TC_GB,results/jerky_area_loss_factorial_long_20260822/20260823T012141Z-b907865386/TC_GB-T900-s5101
74.00000000000037,1850,99,1.8373378118434835,1.8358917456396702,2.043732068067898,4348.0,TC_GB,results/jerky_area_loss_factorial_long_20260822/20260823T012141Z-b907865386/TC_GB-T900-s5101
76.00000000000068,1900,98,1.832613326658669,1.8362789825973178,1.9922105815354392,4313.0,TC_GB,results/jerky_area_loss_factorial_long_20260822/20260823T012141Z-b907865386/TC_GB-T900-s5101
78.000000000001,1950,96,1.8334781792687245,1.8206068863196612,1.9974134585603762,4283.0,TC_GB,results/jerky_area_loss_factorial_long_20260822/20260823T012141Z-b907865386/TC_GB-T900-s5101
80.00000000000131,2000,96,1.8341963354235584,1.8179449704288677,2.0392973261415634,4259.0,TC_GB,results/jerky_area_loss_factorial_long_20260822/20260823T012141Z-b907865386/TC_GB-T900-s5101
82.00000000000162,2050,95,1.8290103418607682,1.8271488742360897,1.9972014359361892,4233.0,TC_GB,results/jerky_area_loss_factorial_long_20260822/20260823T012141Z-b907865386/TC_GB-T900-s5101
84.00000000000193,2100,93,1.8309381193450942,1.815405344941382,2.018439985907476,4205.0,TC_GB,results/jerky_area_loss_factorial_long_20260822/20260823T012141Z-b907865386/TC_GB-T900-s5101
86.00000000000225,2150,91,1.8298696042702025,1.830677753375433,1.9984325028234509,4181.0,TC_GB,results/jerky_area_loss_factorial_long_20260822/20260823T012141Z-b907865386/TC_GB-T900-s5101
88.00000000000256,2200,90,1.8390857795677968,1.8360372364738866,1.9961494461124318,4159.0,TC_GB,results/jerky_area_loss_factorial_long_20260822/20260823T012141Z-b907865386/TC_GB-T900-s5101
90.00000000000287,2250,90,1.8485062021829906,1.8365202957071025,2.059244760316661,4149.0,TC_GB,results/jerky_area_loss_factorial_long_20260822/20260823T012141Z-b907865386/TC_GB-T900-s5101
92.00000000000318,2300,89,1.8530939440151015,1.8395460885128918,2.030292798745929,4119.0,TC_GB,results/jerky_area_loss_factorial_long_20260822/20260823T012141Z-b907865386/TC_GB-T900-s5101
94.0000000000035,2350,88,1.8501284103795745,1.8415858286012572,2.0249747911565077,4093.0,TC_GB,results/jerky_area_loss_factorial_long_20260822/20260823T012141Z-b907865386/TC_GB-T900-s5101
96.00000000000381,2400,88,1.8555340956323207,1.8423285047194105,2.046971300576412,4073.0,TC_GB,results/jerky_area_loss_factorial_long_20260822/20260823T012141Z-b907865386/TC_GB-T900-s5101
98.00000000000412,2450,85,1.855636952604669,1.836623494960201,2.0605761845911403,4039.0,TC_GB,results/jerky_area_loss_factorial_long_20260822/20260823T012141Z-b907865386/TC_GB-T900-s5101
100.00000000000443,2500,84,1.8515437572100528,1.8490894531016582,2.040094095551362,4011.0,TC_GB,results/jerky_area_loss_factorial_long_20260822/20260823T012141Z-b907865386/TC_GB-T900-s5101
102.00000000000475,2550,82,1.8512088659096517,1.8449837200275327,2.0331443412598658,3982.0,TC_GB,results/jerky_area_loss_factorial_long_20260822/20260823T012141Z-b907865386/TC_GB-T900-s5101
104.00000000000506,2600,80,1.8496419010183587,1.8342139088567138,2.0309990370909987,3948.0,TC_GB,results/jerky_area_loss_factorial_long_20260822/20260823T012141Z-b907865386/TC_GB-T900-s5101
106.00000000000537,2650,80,1.85426235082357,1.8463662045270914,2.0326041875645737,3926.0,TC_GB,results/jerky_area_loss_factorial_long_20260822/20260823T012141Z-b907865386/TC_GB-T900-s5101
108.00000000000568,2700,78,1.8590526980105768,1.845547672145278,2.0443122705051486,3890.0,TC_GB,results/jerky_area_loss_factorial_long_20260822/20260823T012141Z-b907865386/TC_GB-T900-s5101
110.000000000006,2750,76,1.8666318596791651,1.8516108051061217,2.046837807700414,3873.0,TC_GB,results/jerky_area_loss_factorial_long_20260822/20260823T012141Z-b907865386/TC_GB-T900-s5101
112.00000000000631,2800,76,1.8606063394968397,1.8482509520349137,2.052077771910898,3834.0,TC_GB,results/jerky_area_loss_factorial_long_20260822/20260823T012141Z-b907865386/TC_GB-T900-s5101
114.00000000000662,2850,76,1.8571756667430868,1.8308777285976443,2.040880487971383,3814.0,TC_GB,results/jerky_area_loss_factorial_long_20260822/20260823T012141Z-b907865386/TC_GB-T900-s5101
116.00000000000693,2900,75,1.861735122888429,1.8449082344079208,2.0397705848793115,3787.0,TC_GB,results/jerky_area_loss_factorial_long_20260822/20260823T012141Z-b907865386/TC_GB-T900-s5101
118.00000000000725,2950,75,1.853950022040201,1.8460435669741098,2.0638434620435318,3765.0,TC_GB,results/jerky_area_loss_factorial_long_20260822/20260823T012141Z-b907865386/TC_GB-T900-s5101
120.00000000000756,3000,75,1.8509102765163725,1.8364031895218693,2.046985966435399,3748.0,TC_GB,results/jerky_area_loss_factorial_long_20260822/20260823T012141Z-b907865386/TC_GB-T900-s5101
122.00000000000787,3050,74,1.8465209258174433,1.8398134218552196,2.0218473330822513,3726.0,TC_GB,results/jerky_area_loss_factorial_long_20260822/20260823T012141Z-b907865386/TC_GB-T900-s5101
124.00000000000819,3100,73,1.8489687703133928,1.8539139431674114,2.02573269428204,3709.0,TC_GB,results/jerky_area_loss_factorial_long_20260822/20260823T012141Z-b907865386/TC_GB-T900-s5101
126.0000000000085,3150,72,1.8450745547235619,1.8363987342002912,1.9903454080291427,3683.0,TC_GB,results/jerky_area_loss_factorial_long_20260822/20260823T012141Z-b907865386/TC_GB-T900-s5101
128.0000000000088,3200,71,1.8293003390220042,1.8171476997676594,1.9594452792720782,3656.0,TC_GB,results/jerky_area_loss_factorial_long_20260822/20260823T012141Z-b907865386/TC_GB-T900-s5101
130.0000000000084,3250,71,1.846645040612248,1.8462821094761548,2.0481987071176326,3628.0,TC_GB,results/jerky_area_loss_factorial_long_20260822/20260823T012141Z-b907865386/TC_GB-T900-s5101
132.00000000000801,3300,70,1.8567317559919578,1.8759868659933363,2.030082474132914,3605.0,TC_GB,results/jerky_area_loss_factorial_long_20260822/20260823T012141Z-b907865386/TC_GB-T900-s5101
134.00000000000762,3350,67,1.8492660848624243,1.843826947096532,2.011395208718123,3580.0,TC_GB,results/jerky_area_loss_factorial_long_20260822/20260823T012141Z-b907865386/TC_GB-T900-s5101
136.00000000000722,3400,67,1.8620187773777856,1.8452747025147285,2.0821489427691016,3566.0,TC_GB,results/jerky_area_loss_factorial_long_20260822/20260823T012141Z-b907865386/TC_GB-T900-s5101
137.40000000000694,3435,67,1.844962416363214,1.8450537115323913,2.043906088751813,3541.0,TC_GB,results/jerky_area_loss_factorial_long_20260822/20260823T012141Z-b907865386/TC_GB-T900-s5101
0.0,0,190,1.7920895484123613,1.7854416702856883,1.956505991785691,6086.0,TC_GBTJ,results/jerky_area_loss_factorial_long_20260822/20260823T012141Z-b907865386/TC_GBTJ-T900-s5101
2.000000000000001,50,183,1.7916259483091157,1.7862259120342572,1.9485938096518471,5993.0,TC_GBTJ,results/jerky_area_loss_factorial_long_20260822/20260823T012141Z-b907865386/TC_GBTJ-T900-s5101
4.000000000000003,100,177,1.789108035254748,1.776894427937363,1.9563244334246537,5888.0,TC_GBTJ,results/jerky_area_loss_factorial_long_20260822/20260823T012141Z-b907865386/TC_GBTJ-T900-s5101
6.000000000000004,150,177,1.7890184639773625,1.7713580689159039,1.9457941590008485,5815.0,TC_GBTJ,results/jerky_area_loss_factorial_long_20260822/20260823T012141Z-b907865386/TC_GBTJ-T900-s5101
8.000000000000005,200,173,1.7719124863012614,1.7607083990051966,1.9366314957292061,5725.0,TC_GBTJ,results/jerky_area_loss_factorial_long_20260822/20260823T012141Z-b907865386/TC_GBTJ-T900-s5101
9.999999999999963,250,167,1.7812136307011301,1.7781448814404859,1.9464822820616088,5674.0,TC_GBTJ,results/jerky_area_loss_factorial_long_20260822/20260823T012141Z-b907865386/TC_GBTJ-T900-s5101
11.99999999999992,300,163,1.7663380875256016,1.7659658069100714,1.9363097375942602,5582.0,TC_GBTJ,results/jerky_area_loss_factorial_long_20260822/20260823T012141Z-b907865386/TC_GBTJ-T900-s5101
13.999999999999877,350,160,1.7832844752053958,1.7806308315954795,1.9291980553062473,5523.0,TC_GBTJ,results/jerky_area_loss_factorial_long_20260822/20260823T012141Z-b907865386/TC_GBTJ-T900-s5101
15.999999999999835,400,158,1.773898837489344,1.7661492511055368,1.9245107318639234,5460.0,TC_GBTJ,results/jerky_area_loss_factorial_long_20260822/20260823T012141Z-b907865386/TC_GBTJ-T900-s5101
17.999999999999794,450,154,1.787556511486753,1.7909163942069393,1.9693716804000896,5414.0,TC_GBTJ,results/jerky_area_loss_factorial_long_20260822/20260823T012141Z-b907865386/TC_GBTJ-T900-s5101
19.99999999999975,500,149,1.7914321100989588,1.781496589107882,1.9515588797000736,5357.0,TC_GBTJ,results/jerky_area_loss_factorial_long_20260822/20260823T012141Z-b907865386/TC_GBTJ-T900-s5101
21.99999999999971,550,146,1.8184782442132923,1.8091761725685045,1.980067536813884,5318.0,TC_GBTJ,results/jerky_area_loss_factorial_long_20260822/20260823T012141Z-b907865386/TC_GBTJ-T900-s5101
23.999999999999666,600,142,1.8153689226907594,1.8069963922351129,1.9927456456528392,5239.0,TC_GBTJ,results/jerky_area_loss_factorial_long_20260822/20260823T012141Z-b907865386/TC_GBTJ-T900-s5101
25.999999999999623,650,141,1.8214327090663944,1.810601395604573,1.992384102409653,5191.0,TC_GBTJ,results/jerky_area_loss_factorial_long_20260822/20260823T012141Z-b907865386/TC_GBTJ-T900-s5101
27.99999999999958,700,137,1.8152568526054467,1.805747236367027,2.002293312351163,5128.0,TC_GBTJ,results/jerky_area_loss_factorial_long_20260822/20260823T012141Z-b907865386/TC_GBTJ-T900-s5101
29.999999999999538,750,133,1.820800491501157,1.8071787086563602,2.0124348933616636,5064.0,TC_GBTJ,results/jerky_area_loss_factorial_long_20260822/20260823T012141Z-b907865386/TC_GBTJ-T900-s5101
31.999999999999496,800,129,1.8359261788719021,1.8230475299617102,2.0268998064234522,5021.0,TC_GBTJ,results/jerky_area_loss_factorial_long_20260822/20260823T012141Z-b907865386/TC_GBTJ-T900-s5101
33.99999999999945,850,128,1.8385582939466514,1.8273990338920312,2.0269131998506733,4963.0,TC_GBTJ,results/jerky_area_loss_factorial_long_20260822/20260823T012141Z-b907865386/TC_GBTJ-T900-s5101
35.99999999999941,900,122,1.8377711401406827,1.8277135334494856,2.031200902489593,4898.0,TC_GBTJ,results/jerky_area_loss_factorial_long_20260822/20260823T012141Z-b907865386/TC_GBTJ-T900-s5101
37.99999999999937,950,117,1.8333708112226046,1.8230475299617102,2.0263134334223967,4817.0,TC_GBTJ,results/jerky_area_loss_factorial_long_20260822/20260823T012141Z-b907865386/TC_GBTJ-T900-s5101
39.999999999999325,1000,114,1.8293701921404555,1.8087772745198332,2.055445689668882,4737.0,TC_GBTJ,results/jerky_area_loss_factorial_long_20260822/20260823T012141Z-b907865386/TC_GBTJ-T900-s5101
41.99999999999928,1050,111,1.8323575714289257,1.8260466299843232,2.0217924638926483,4671.0,TC_GBTJ,results/jerky_area_loss_factorial_long_20260822/20260823T012141Z-b907865386/TC_GBTJ-T900-s5101
43.99999999999924,1100,111,1.8290930903466918,1.8311861350061824,2.004594402276491,4624.0,TC_GBTJ,results/jerky_area_loss_factorial_long_20260822/20260823T012141Z-b907865386/TC_GBTJ-T900-s5101
45.9999999999992,1150,107,1.8350843768417282,1.8372394386974258,2.0304060500817234,4596.0,TC_GBTJ,results/jerky_area_loss_factorial_long_20260822/20260823T012141Z-b907865386/TC_GBTJ-T900-s5101
47.999999999999154,1200,106,1.8258506099659428,1.8303522680979878,2.021039325195647,4538.0,TC_GBTJ,results/jerky_area_loss_factorial_long_20260822/20260823T012141Z-b907865386/TC_GBTJ-T900-s5101
49.99999999999911,1250,105,1.830253827333623,1.8196715160173367,1.987281942860922,4510.0,TC_GBTJ,results/jerky_area_loss_factorial_long_20260822/20260823T012141Z-b907865386/TC_GBTJ-T900-s5101
51.99999999999907,1300,103,1.8473283637938336,1.8210790087113466,2.0419790196601566,4483.0,TC_GBTJ,results/jerky_area_loss_factorial_long_20260822/20260823T012141Z-b907865386/TC_GBTJ-T900-s5101
53.99999999999903,1350,101,1.835770135123811,1.8282413975684386,2.0204850480387497,4436.0,TC_GBTJ,results/jerky_area_loss_factorial_long_20260822/20260823T012141Z-b907865386/TC_GBTJ-T900-s5101
55.999999999998984,1400,99,1.814244925142368,1.8105175062185872,2.013006641740019,4370.0,TC_GBTJ,results/jerky_area_loss_factorial_long_20260822/20260823T012141Z-b907865386/TC_GBTJ-T900-s5101
57.99999999999894,1450,98,1.8103707006279068,1.8021985474056152,1.9784269786959094,4338.0,TC_GBTJ,results/jerky_area_loss_factorial_long_20260822/20260823T012141Z-b907865386/TC_GBTJ-T900-s5101
59.9999999999989,1500,97,1.8351364979988924,1.8269786297567758,2.0132458547321974,4325.0,TC_GBTJ,results/jerky_area_loss_factorial_long_20260822/20260823T012141Z-b907865386/TC_GBTJ-T900-s5101
61.999999999998856,1550,97,1.8365228791097816,1.8334649444186342,1.9945308025818156,4305.0,TC_GBTJ,results/jerky_area_loss_factorial_long_20260822/20260823T012141Z-b907865386/TC_GBTJ-T900-s5101
63.99999999999881,1600,93,1.8362625710212044,1.8224288056016043,2.010696745244424,4273.0,TC_GBTJ,results/jerky_area_loss_factorial_long_20260822/20260823T012141Z-b907865386/TC_GBTJ-T900-s5101
65.99999999999912,1650,93,1.8264045681449017,1.821614992220109,1.990974497075896,4226.0,TC_GBTJ,results/jerky_area_loss_factorial_long_20260822/20260823T012141Z-b907865386/TC_GBTJ-T900-s5101
67.99999999999943,1700,93,1.8356670942604538,1.8386760936101665,1.9902808488194441,4213.0,TC_GBTJ,results/jerky_area_loss_factorial_long_20260822/20260823T012141Z-b907865386/TC_GBTJ-T900-s5101
69.99999999999974,1750,90,1.833606204675536,1.8294542500115634,1.9841638374031807,4185.0,TC_GBTJ,results/jerky_area_loss_factorial_long_20260822/20260823T012141Z-b907865386/TC_GBTJ-T900-s5101
72.00000000000006,1800,90,1.820749470763099,1.79961093772566,1.9927567949884584,4142.0,TC_GBTJ,results/jerky_area_loss_factorial_long_20260822/20260823T012141Z-b907865386/TC_GBTJ-T900-s5101
74.00000000000037,1850,88,1.8346328220034727,1.8195595218392238,1.9813449363751168,4124.0,TC_GBTJ,results/jerky_area_loss_factorial_long_20260822/20260823T012141Z-b907865386/TC_GBTJ-T900-s5101
76.00000000000068,1900,88,1.8352276561948082,1.8339277302772166,2.009059834279703,4097.0,TC_GBTJ,results/jerky_area_loss_factorial_long_20260822/20260823T012141Z-b907865386/TC_GBTJ-T900-s5101
78.000000000001,1950,88,1.8265606515853947,1.8215234625348753,1.9866315396517482,4070.0,TC_GBTJ,results/jerky_area_loss_factorial_long_20260822/20260823T012141Z-b907865386/TC_GBTJ-T900-s5101
80.00000000000131,2000,86,1.8319724926512762,1.8198215014715207,1.9942690774175147,4060.0,TC_GBTJ,results/jerky_area_loss_factorial_long_20260822/20260823T012141Z-b907865386/TC_GBTJ-T900-s5101
82.00000000000162,2050,85,1.8347741552012438,1.81943631166794,2.006011448272704,4041.0,TC_GBTJ,results/jerky_area_loss_factorial_long_20260822/20260823T012141Z-b907865386/TC_GBTJ-T900-s5101
84.00000000000193,2100,85,1.857409465556458,1.8311759744505711,2.067521267779369,4030.0,TC_GBTJ,results/jerky_area_loss_factorial_long_20260822/20260823T012141Z-b907865386/TC_GBTJ-T900-s5101
86.00000000000225,2150,84,1.8627984470688035,1.8348961051472124,2.071721342177614,4013.0,TC_GBTJ,results/jerky_area_loss_factorial_long_20260822/20260823T012141Z-b907865386/TC_GBTJ-T900-s5101
88.00000000000256,2200,81,1.8674033825791039,1.827188728288226,2.0626480624709633,3991.0,TC_GBTJ,results/jerky_area_loss_factorial_long_20260822/20260823T012141Z-b907865386/TC_GBTJ-T900-s5101
90.00000000000287,2250,80,1.8697805934016103,1.8427724667095324,2.089602959844706,3958.0,TC_GBTJ,results/jerky_area_loss_factorial_long_20260822/20260823T012141Z-b907865386/TC_GBTJ-T900-s5101
92.00000000000318,2300,78,1.8670758975604462,1.8496890561611092,2.0547004272710017,3919.0,TC_GBTJ,results/jerky_area_loss_factorial_long_20260822/20260823T012141Z-b907865386/TC_GBTJ-T900-s5101
94.0000000000035,2350,78,1.8511348943416879,1.8466164221919241,2.0183376712853796,3877.0,TC_GBTJ,results/jerky_area_loss_factorial_long_20260822/20260823T012141Z-b907865386/TC_GBTJ-T900-s5101
96.00000000000381,2400,78,1.8400184714755141,1.8276640212545472,1.990575339991967,3840.0,TC_GBTJ,results/jerky_area_loss_factorial_long_20260822/20260823T012141Z-b907865386/TC_GBTJ-T900-s5101
98.00000000000412,2450,77,1.8388385933366693,1.8450537115323913,1.993964954878546,3816.0,TC_GBTJ,results/jerky_area_loss_factorial_long_20260822/20260823T012141Z-b907865386/TC_GBTJ-T900-s5101
100.00000000000443,2500,76,1.8467298936397514,1.8393424858557932,2.0180766729661004,3798.0,TC_GBTJ,results/jerky_area_loss_factorial_long_20260822/20260823T012141Z-b907865386/TC_GBTJ-T900-s5101
102.00000000000475,2550,75,1.849493948396485,1.8470349974612066,1.9984657177680967,3772.0,TC_GBTJ,results/jerky_area_loss_factorial_long_20260822/20260823T012141Z-b907865386/TC_GBTJ-T900-s5101
104.00000000000506,2600,73,1.8429228162736733,1.8485033364541221,2.026806462694932,3726.0,TC_GBTJ,results/jerky_area_loss_factorial_long_20260822/20260823T012141Z-b907865386/TC_GBTJ-T900-s5101
106.00000000000537,2650,72,1.835279594069932,1.8189774004463186,2.0052868819230762,3691.0,TC_GBTJ,results/jerky_area_loss_factorial_long_20260822/20260823T012141Z-b907865386/TC_GBTJ-T900-s5101
108.00000000000568,2700,70,1.8336546317832703,1.8154305146694236,2.014359613616737,3664.0,TC_GBTJ,results/jerky_area_loss_factorial_long_20260822/20260823T012141Z-b907865386/TC_GBTJ-T900-s5101
110.000000000006,2750,68,1.8413318223514574,1.8352336335199055,2.0560014224881815,3635.0,TC_GBTJ,results/jerky_area_loss_factorial_long_20260822/20260823T012141Z-b907865386/TC_GBTJ-T900-s5101
111.56000000000624,2789,68,1.8415288475837681,1.825312508154868,2.0499537109316,3602.0,TC_GBTJ,results/jerky_area_loss_factorial_long_20260822/20260823T012141Z-b907865386/TC_GBTJ-T900-s5101
0.0,0,190,1.7920895484123613,1.7854416702856883,1.956505991785691,6086.0,TSC_GB,results/jerky_area_loss_factorial_long_20260822/20260823T012141Z-b907865386/TSC_GB-T900-s5101
2.000000000000001,50,185,1.7999243781929746,1.791339678630056,1.9644198239196373,6026.0,TSC_GB,results/jerky_area_loss_factorial_long_20260822/20260823T012141Z-b907865386/TSC_GB-T900-s5101
4.000000000000003,100,178,1.7896641687963095,1.7890705250215952,1.9477543788070655,5952.0,TSC_GB,results/jerky_area_loss_factorial_long_20260822/20260823T012141Z-b907865386/TSC_GB-T900-s5101
6.000000000000004,150,177,1.7934420383999958,1.771407456039063,1.9736337216723705,5902.0,TSC_GB,results/jerky_area_loss_factorial_long_20260822/20260823T012141Z-b907865386/TSC_GB-T900-s5101
8.000000000000005,200,177,1.784883095718272,1.7776146300891886,1.9741547227929441,5841.0,TSC_GB,results/jerky_area_loss_factorial_long_20260822/20260823T012141Z-b907865386/TSC_GB-T900-s5101
9.999999999999963,250,177,1.7901176230473206,1.7776146300891886,1.9327588830332385,5817.0,TSC_GB,results/jerky_area_loss_factorial_long_20260822/20260823T012141Z-b907865386/TSC_GB-T900-s5101
11.99999999999992,300,176,1.7797405088583573,1.7676783196852885,1.9470895140790545,5787.0,TSC_GB,results/jerky_area_loss_factorial_long_20260822/20260823T012141Z-b907865386/TSC_GB-T900-s5101
13.999999999999877,350,175,1.7743932637807522,1.7546832475881462,1.914156598267234,5763.0,TSC_GB,results/jerky_area_loss_factorial_long_20260822/20260823T012141Z-b907865386/TSC_GB-T900-s5101
15.999999999999835,400,174,1.766688816501647,1.7494104313840855,1.923045012492724,5727.0,TSC_GB,results/jerky_area_loss_factorial_long_20260822/20260823T012141Z-b907865386/TSC_GB-T900-s5101
17.999999999999794,450,174,1.763091923584771,1.7517873477310748,1.919313037612772,5716.0,TSC_GB,results/jerky_area_loss_factorial_long_20260822/20260823T012141Z-b907865386/TSC_GB-T900-s5101
19.99999999999975,500,174,1.7643059484784376,1.7575303008223413,1.9284752751746437,5702.0,TSC_GB,results/jerky_area_loss_factorial_long_20260822/20260823T012141Z-b907865386/TSC_GB-T900-s5101
21.99999999999971,550,174,1.7643061245818388,1.7479760035578449,1.921954421945513,5691.0,TSC_GB,results/jerky_area_loss_factorial_long_20260822/20260823T012141Z-b907865386/TSC_GB-T900-s5101
23.999999999999666,600,172,1.7652762813153053,1.748611888619335,1.924563935132571,5689.0,TSC_GB,results/jerky_area_loss_factorial_long_20260822/20260823T012141Z-b907865386/TSC_GB-T900-s5101
25.999999999999623,650,171,1.7615541351058428,1.74856327612172,1.9203409251399919,5673.0,TSC_GB,results/jerky_area_loss_factorial_long_20260822/20260823T012141Z-b907865386/TSC_GB-T900-s5101
27.99999999999958,700,169,1.752598398591353,1.735302282743891,1.9182481854274738,5654.0,TSC_GB,results/jerky_area_loss_factorial_long_20260822/20260823T012141Z-b907865386/TSC_GB-T900-s5101
29.999999999999538,750,168,1.7493571985787737,1.7380297364057484,1.9070598538001948,5643.0,TSC_GB,results/jerky_area_loss_factorial_long_20260822/20260823T012141Z-b907865386/TSC_GB-T900-s5101
31.999999999999496,800,168,1.7516321598623574,1.74298629214968,1.8960921953036105,5636.0,TSC_GB,results/jerky_area_loss_factorial_long_20260822/20260823T012141Z-b907865386/TSC_GB-T900-s5101
33.99999999999945,850,168,1.7496491712463447,1.7434145521579998,1.8999582570139584,5627.0,TSC_GB,results/jerky_area_loss_factorial_long_20260822/20260823T012141Z-b907865386/TSC_GB-T900-s5101
35.99999999999941,900,168,1.7550133284056773,1.7481119729158134,1.9016716701676202,5621.0,TSC_GB,results/jerky_area_loss_factorial_long_20260822/20260823T012141Z-b907865386/TSC_GB-T900-s5101
37.99999999999937,950,168,1.749126356012351,1.7421729285890208,1.9050938564668243,5611.0,TSC_GB,results/jerky_area_loss_factorial_long_20260822/20260823T012141Z-b907865386/TSC_GB-T900-s5101
39.999999999999325,1000,168,1.7462568842990156,1.7491719488867865,1.8998491921620353,5603.0,TSC_GB,results/jerky_area_loss_factorial_long_20260822/20260823T012141Z-b907865386/TSC_GB-T900-s5101
41.99999999999928,1050,167,1.748114470117452,1.743915774542474,1.890948875678881,5600.0,TSC_GB,results/jerky_area_loss_factorial_long_20260822/20260823T012141Z-b907865386/TSC_GB-T900-s5101
43.99999999999924,1100,167,1.7502500794033473,1.743915774542474,1.893605540045733,5599.0,TSC_GB,results/jerky_area_loss_factorial_long_20260822/20260823T012141Z-b907865386/TSC_GB-T900-s5101
45.9999999999992,1150,167,1.7505310820719806,1.743915774542474,1.9113061802217615,5593.0,TSC_GB,results/jerky_area_loss_factorial_long_20260822/20260823T012141Z-b907865386/TSC_GB-T900-s5101
47.999999999999154,1200,166,1.751178748586885,1.7377250173586138,1.899811286133348,5590.0,TSC_GB,results/jerky_area_loss_factorial_long_20260822/20260823T012141Z-b907865386/TSC_GB-T900-s5101
49.99999999999911,1250,166,1.7514285067998165,1.7434801424910273,1.891044142386306,5582.0,TSC_GB,results/jerky_area_loss_factorial_long_20260822/20260823T012141Z-b907865386/TSC_GB-T900-s5101
51.99999999999907,1300,166,1.7493792759388889,1.7429381795129966,1.891044142386306,5578.0,TSC_GB,results/jerky_area_loss_factorial_long_20260822/20260823T012141Z-b907865386/TSC_GB-T900-s5101
53.99999999999903,1350,165,1.750177311129437,1.7430445104395809,1.8904433475056097,5570.0,TSC_GB,results/jerky_area_loss_factorial_long_20260822/20260823T012141Z-b907865386/TSC_GB-T900-s5101
55.999999999998984,1400,165,1.7499817642435338,1.7409158012010966,1.8942670052771837,5571.0,TSC_GB,results/jerky_area_loss_factorial_long_20260822/20260823T012141Z-b907865386/TSC_GB-T900-s5101
57.99999999999894,1450,165,1.7529173029013885,1.7448904948111448,1.8942670052771837,5576.0,TSC_GB,results/jerky_area_loss_factorial_long_20260822/20260823T012141Z-b907865386/TSC_GB-T900-s5101
59.9999999999989,1500,165,1.752161263681233,1.7430445104395809,1.8978362939834528,5575.0,TSC_GB,results/jerky_area_loss_factorial_long_20260822/20260823T012141Z-b907865386/TSC_GB-T900-s5101
61.999999999998856,1550,164,1.7508375617408964,1.7411799833112642,1.8950756995231788,5569.0,TSC_GB,results/jerky_area_loss_factorial_long_20260822/20260823T012141Z-b907865386/TSC_GB-T900-s5101
63.99999999999881,1600,164,1.7521001232064446,1.7382582547876293,1.8950756995231788,5568.0,TSC_GB,results/jerky_area_loss_factorial_long_20260822/20260823T012141Z-b907865386/TSC_GB-T900-s5101
65.99999999999912,1650,164,1.7529275450063642,1.7409079049758363,1.8972300226860128,5560.0,TSC_GB,results/jerky_area_loss_factorial_long_20260822/20260823T012141Z-b907865386/TSC_GB-T900-s5101
67.99999999999943,1700,164,1.7509893434237915,1.7389716075792814,1.8948835380151845,5555.0,TSC_GB,results/jerky_area_loss_factorial_long_20260822/20260823T012141Z-b907865386/TSC_GB-T900-s5101
69.99999999999974,1750,164,1.7465993740499586,1.7378965390078753,1.8904744628415027,5544.0,TSC_GB,results/jerky_area_loss_factorial_long_20260822/20260823T012141Z-b907865386/TSC_GB-T900-s5101
72.00000000000006,1800,164,1.744265357771499,1.7359627497793526,1.8904744628415027,5542.0,TSC_GB,results/jerky_area_loss_factorial_long_20260822/20260823T012141Z-b907865386/TSC_GB-T900-s5101
74.00000000000037,1850,164,1.7488767700599728,1.7411799833112642,1.8904744628415027,5548.0,TSC_GB,results/jerky_area_loss_factorial_long_20260822/20260823T012141Z-b907865386/TSC_GB-T900-s5101
76.00000000000068,1900,164,1.7464554023472671,1.7373108113920828,1.8904744628415027,5545.0,TSC_GB,results/jerky_area_loss_factorial_long_20260822/20260823T012141Z-b907865386/TSC_GB-T900-s5101
78.000000000001,1950,164,1.7479935797647697,1.7378957964806339,1.8904744628415027,5548.0,TSC_GB,results/jerky_area_loss_factorial_long_20260822/20260823T012141Z-b907865386/TSC_GB-T900-s5101
80.00000000000131,2000,165,1.745547673860817,1.7356897567380285,1.8904433475056097,5545.0,TSC_GB,results/jerky_area_loss_factorial_long_20260822/20260823T012141Z-b907865386/TSC_GB-T900-s5101
82.00000000000162,2050,164,1.749636685147778,1.7403079775395707,1.8904744628415027,5551.0,TSC_GB,results/jerky_area_loss_factorial_long_20260822/20260823T012141Z-b907865386/TSC_GB-T900-s5101
84.00000000000193,2100,164,1.7504350481393938,1.7403079775395707,1.889436193212236,5550.0,TSC_GB,results/jerky_area_loss_factorial_long_20260822/20260823T012141Z-b907865386/TSC_GB-T900-s5101
86.00000000000225,2150,164,1.749192354229211,1.7410586198840672,1.8904744628415027,5548.0,TSC_GB,results/jerky_area_loss_factorial_long_20260822/20260823T012141Z-b907865386/TSC_GB-T900-s5101
88.00000000000256,2200,164,1.7493357113471186,1.7400943057709393,1.890496797162358,5549.0,TSC_GB,results/jerky_area_loss_factorial_long_20260822/20260823T012141Z-b907865386/TSC_GB-T900-s5101
90.00000000000287,2250,164,1.7489592621055523,1.7350891720471155,1.894473597289441,5548.0,TSC_GB,results/jerky_area_loss_factorial_long_20260822/20260823T012141Z-b907865386/TSC_GB-T900-s5101
92.00000000000318,2300,164,1.7501006203712748,1.7411799833112642,1.894473597289441,5550.0,TSC_GB,results/jerky_area_loss_factorial_long_20260822/20260823T012141Z-b907865386/TSC_GB-T900-s5101
94.0000000000035,2350,165,1.748010351323093,1.7362357428206767,1.8904433475056097,5549.0,TSC_GB,results/jerky_area_loss_factorial_long_20260822/20260823T012141Z-b907865386/TSC_GB-T900-s5101
96.00000000000381,2400,165,1.7457039288188692,1.7356897567380285,1.8891627057862306,5544.0,TSC_GB,results/jerky_area_loss_factorial_long_20260822/20260823T012141Z-b907865386/TSC_GB-T900-s5101
98.00000000000412,2450,164,1.7481551281560013,1.7359627497793526,1.889436193212236,5547.0,TSC_GB,results/jerky_area_loss_factorial_long_20260822/20260823T012141Z-b907865386/TSC_GB-T900-s5101
100.00000000000443,2500,165,1.7442948216711762,1.7356897567380285,1.8904433475056097,5544.0,TSC_GB,results/jerky_area_loss_factorial_long_20260822/20260823T012141Z-b907865386/TSC_GB-T900-s5101
102.00000000000475,2550,164,1.7471961588818579,1.7410586198840672,1.8904744628415027,5545.0,TSC_GB,results/jerky_area_loss_factorial_long_20260822/20260823T012141Z-b907865386/TSC_GB-T900-s5101
104.00000000000506,2600,165,1.7477772248470584,1.7407571900676053,1.8904433475056097,5547.0,TSC_GB,results/jerky_area_loss_factorial_long_20260822/20260823T012141Z-b907865386/TSC_GB-T900-s5101
106.00000000000537,2650,164,1.7515529627486532,1.74211471029912,1.8904744628415027,5552.0,TSC_GB,results/jerky_area_loss_factorial_long_20260822/20260823T012141Z-b907865386/TSC_GB-T900-s5101
108.00000000000568,2700,164,1.7461782882508088,1.7400943057709393,1.889436193212236,5542.0,TSC_GB,results/jerky_area_loss_factorial_long_20260822/20260823T012141Z-b907865386/TSC_GB-T900-s5101
110.000000000006,2750,165,1.745077861093269,1.7410586198840672,1.8891627057862306,5542.0,TSC_GB,results/jerky_area_loss_factorial_long_20260822/20260823T012141Z-b907865386/TSC_GB-T900-s5101
112.00000000000631,2800,165,1.7455496480311543,1.7406312763468048,1.8891627057862306,5544.0,TSC_GB,results/jerky_area_loss_factorial_long_20260822/20260823T012141Z-b907865386/TSC_GB-T900-s5101
114.00000000000662,2850,164,1.7489829346711634,1.7411799833112642,1.8864894567290453,5546.0,TSC_GB,results/jerky_area_loss_factorial_long_20260822/20260823T012141Z-b907865386/TSC_GB-T900-s5101
116.00000000000693,2900,164,1.745691215199076,1.7359627497793526,1.885831744465148,5542.0,TSC_GB,results/jerky_area_loss_factorial_long_20260822/20260823T012141Z-b907865386/TSC_GB-T900-s5101
118.00000000000725,2950,164,1.7474211472221797,1.7376235459665512,1.889436193212236,5544.0,TSC_GB,results/jerky_area_loss_factorial_long_20260822/20260823T012141Z-b907865386/TSC_GB-T900-s5101
120.00000000000756,3000,165,1.744200244039131,1.7383858799634886,1.8891627057862306,5542.0,TSC_GB,results/jerky_area_loss_factorial_long_20260822/20260823T012141Z-b907865386/TSC_GB-T900-s5101
122.00000000000787,3050,164,1.7459832584995985,1.7378965390078753,1.889436193212236,5542.0,TSC_GB,results/jerky_area_loss_factorial_long_20260822/20260823T012141Z-b907865386/TSC_GB-T900-s5101
124.00000000000819,3100,165,1.7428850410700527,1.7383858799634886,1.8877862731180277,5539.0,TSC_GB,results/jerky_area_loss_factorial_long_20260822/20260823T012141Z-b907865386/TSC_GB-T900-s5101
126.0000000000085,3150,164,1.7482421230531024,1.7410586198840672,1.889436193212236,5547.0,TSC_GB,results/jerky_area_loss_factorial_long_20260822/20260823T012141Z-b907865386/TSC_GB-T900-s5101
128.0000000000088,3200,164,1.7473429578228474,1.7403079775395707,1.889436193212236,5544.0,TSC_GB,results/jerky_area_loss_factorial_long_20260822/20260823T012141Z-b907865386/TSC_GB-T900-s5101
130.0000000000084,3250,165,1.7432116696100723,1.7356897567380285,1.8891627057862306,5539.0,TSC_GB,results/jerky_area_loss_factorial_long_20260822/20260823T012141Z-b907865386/TSC_GB-T900-s5101
132.00000000000801,3300,164,1.7482082171827582,1.7356897567380285,1.8904744628415027,5545.0,TSC_GB,results/jerky_area_loss_factorial_long_20260822/20260823T012141Z-b907865386/TSC_GB-T900-s5101
134.00000000000762,3350,165,1.7453662365366365,1.7356897567380285,1.8904433475056097,5543.0,TSC_GB,results/jerky_area_loss_factorial_long_20260822/20260823T012141Z-b907865386/TSC_GB-T900-s5101
136.00000000000722,3400,164,1.7469380454885446,1.7378965390078753,1.8904744628415027,5542.0,TSC_GB,results/jerky_area_loss_factorial_long_20260822/20260823T012141Z-b907865386/TSC_GB-T900-s5101
138.00000000000682,3450,164,1.7472922863901925,1.7378965390078753,1.8904744628415027,5544.0,TSC_GB,results/jerky_area_loss_factorial_long_20260822/20260823T012141Z-b907865386/TSC_GB-T900-s5101
140.00000000000642,3500,164,1.7488923491161978,1.7401572626313397,1.8884038687110842,5546.0,TSC_GB,results/jerky_area_loss_factorial_long_20260822/20260823T012141Z-b907865386/TSC_GB-T900-s5101
142.00000000000603,3550,165,1.7449831999692338,1.735909689160053,1.8904433475056097,5542.0,TSC_GB,results/jerky_area_loss_factorial_long_20260822/20260823T012141Z-b907865386/TSC_GB-T900-s5101
144.00000000000563,3600,164,1.7462738378387532,1.7360727159903648,1.8904744628415027,5544.0,TSC_GB,results/jerky_area_loss_factorial_long_20260822/20260823T012141Z-b907865386/TSC_GB-T900-s5101
146.00000000000523,3650,164,1.7472645545824905,1.7376235459665512,1.8904744628415027,5544.0,TSC_GB,results/jerky_area_loss_factorial_long_20260822/20260823T012141Z-b907865386/TSC_GB-T900-s5101
148.00000000000483,3700,164,1.7463154761445434,1.7376235459665512,1.8904744628415027,5543.0,TSC_GB,results/jerky_area_loss_factorial_long_20260822/20260823T012141Z-b907865386/TSC_GB-T900-s5101
150.00000000000443,3750,165,1.7465946156413539,1.7407571900676053,1.8904433475056097,5545.0,TSC_GB,results/jerky_area_loss_factorial_long_20260822/20260823T012141Z-b907865386/TSC_GB-T900-s5101
152.00000000000404,3800,164,1.7488773548686316,1.7409079049758363,1.8904744628415027,5547.0,TSC_GB,results/jerky_area_loss_factorial_long_20260822/20260823T012141Z-b907865386/TSC_GB-T900-s5101
154.00000000000364,3850,165,1.7439795284297326,1.7344885873562028,1.8869093234328314,5542.0,TSC_GB,results/jerky_area_loss_factorial_long_20260822/20260823T012141Z-b907865386/TSC_GB-T900-s5101
156.00000000000324,3900,165,1.742421093223046,1.7356897567380285,1.8904433475056097,5540.0,TSC_GB,results/jerky_area_loss_factorial_long_20260822/20260823T012141Z-b907865386/TSC_GB-T900-s5101
158.00000000000284,3950,165,1.7461375634127794,1.735909689160053,1.8869093234328314,5545.0,TSC_GB,results/jerky_area_loss_factorial_long_20260822/20260823T012141Z-b907865386/TSC_GB-T900-s5101
160.00000000000244,4000,165,1.743958986903654,1.735909689160053,1.8804540886314842,5542.0,TSC_GB,results/jerky_area_loss_factorial_long_20260822/20260823T012141Z-b907865386/TSC_GB-T900-s5101
162.00000000000205,4050,165,1.7448209354355562,1.7356897567380285,1.8869093234328314,5543.0,TSC_GB,results/jerky_area_loss_factorial_long_20260822/20260823T012141Z-b907865386/TSC_GB-T900-s5101
164.00000000000165,4100,165,1.7450563254007398,1.735909689160053,1.8877862731180277,5544.0,TSC_GB,results/jerky_area_loss_factorial_long_20260822/20260823T012141Z-b907865386/TSC_GB-T900-s5101
166.00000000000125,4150,164,1.750550960761777,1.7409079049758363,1.8884038687110842,5550.0,TSC_GB,results/jerky_area_loss_factorial_long_20260822/20260823T012141Z-b907865386/TSC_GB-T900-s5101
168.00000000000085,4200,164,1.7474187716440168,1.7356897567380285,1.887746156447187,5544.0,TSC_GB,results/jerky_area_loss_factorial_long_20260822/20260823T012141Z-b907865386/TSC_GB-T900-s5101
170.00000000000045,4250,164,1.7461559255419101,1.7356897567380285,1.8904744628415027,5543.0,TSC_GB,results/jerky_area_loss_factorial_long_20260822/20260823T012141Z-b907865386/TSC_GB-T900-s5101
172.00000000000006,4300,164,1.7458542928168423,1.7341307922211908,1.8904744628415027,5543.0,TSC_GB,results/jerky_area_loss_factorial_long_20260822/20260823T012141Z-b907865386/TSC_GB-T900-s5101
173.99999999999966,4350,164,1.7466707393826382,1.7356897567380285,1.8834229872957933,5543.0,TSC_GB,results/jerky_area_loss_factorial_long_20260822/20260823T012141Z-b907865386/TSC_GB-T900-s5101
175.99999999999926,4400,165,1.7431079516780725,1.7356897567380285,1.8804540886314842,5539.0,TSC_GB,results/jerky_area_loss_factorial_long_20260822/20260823T012141Z-b907865386/TSC_GB-T900-s5101
177.99999999999886,4450,164,1.747232357909973,1.7403079775395707,1.880812647810288,5544.0,TSC_GB,results/jerky_area_loss_factorial_long_20260822/20260823T012141Z-b907865386/TSC_GB-T900-s5101
179.99999999999847,4500,165,1.7447821754488015,1.739557335195074,1.8804540886314842,5542.0,TSC_GB,results/jerky_area_loss_factorial_long_20260822/20260823T012141Z-b907865386/TSC_GB-T900-s5101
181.99999999999807,4550,165,1.745196549040968,1.7356897567380285,1.883203749874494,5543.0,TSC_GB,results/jerky_area_loss_factorial_long_20260822/20260823T012141Z-b907865386/TSC_GB-T900-s5101
183.99999999999767,4600,164,1.7467738575103797,1.7376235459665512,1.8834229872957933,5544.0,TSC_GB,results/jerky_area_loss_factorial_long_20260822/20260823T012141Z-b907865386/TSC_GB-T900-s5101
185.99999999999727,4650,164,1.743002790404952,1.7350891720471155,1.880812647810288,5538.0,TSC_GB,results/jerky_area_loss_factorial_long_20260822/20260823T012141Z-b907865386/TSC_GB-T900-s5101
187.99999999999687,4700,164,1.7452380185401928,1.7350891720471155,1.8834229872957933,5541.0,TSC_GB,results/jerky_area_loss_factorial_long_20260822/20260823T012141Z-b907865386/TSC_GB-T900-s5101
189.99999999999648,4750,164,1.7471909150629559,1.7356897567380285,1.880812647810288,5543.0,TSC_GB,results/jerky_area_loss_factorial_long_20260822/20260823T012141Z-b907865386/TSC_GB-T900-s5101
191.99999999999608,4800,165,1.745083420140054,1.7356897567380285,1.883203749874494,5541.0,TSC_GB,results/jerky_area_loss_factorial_long_20260822/20260823T012141Z-b907865386/TSC_GB-T900-s5101
193.99999999999568,4850,164,1.7469458630120875,1.7403079775395707,1.8884038687110842,5542.0,TSC_GB,results/jerky_area_loss_factorial_long_20260822/20260823T012141Z-b907865386/TSC_GB-T900-s5101
195.99999999999528,4900,164,1.7454788306929574,1.7350891720471155,1.880812647810288,5540.0,TSC_GB,results/jerky_area_loss_factorial_long_20260822/20260823T012141Z-b907865386/TSC_GB-T900-s5101
197.99999999999488,4950,164,1.742971779793876,1.7350891720471155,1.880812647810288,5537.0,TSC_GB,results/jerky_area_loss_factorial_long_20260822/20260823T012141Z-b907865386/TSC_GB-T900-s5101
199.9999999999945,5000,164,1.7441175001642129,1.7350891720471155,1.880812647810288,5538.0,TSC_GB,results/jerky_area_loss_factorial_long_20260822/20260823T012141Z-b907865386/TSC_GB-T900-s5101
201.9999999999941,5050,164,1.744390042000076,1.7341307922211908,1.8834229872957933,5540.0,TSC_GB,results/jerky_area_loss_factorial_long_20260822/20260823T012141Z-b907865386/TSC_GB-T900-s5101
203.9999999999937,5100,165,1.7446521571611324,1.7344885873562028,1.883203749874494,5542.0,TSC_GB,results/jerky_area_loss_factorial_long_20260822/20260823T012141Z-b907865386/TSC_GB-T900-s5101
205.9999999999933,5150,165,1.74547964185183,1.7356897567380285,1.8804540886314842,5543.0,TSC_GB,results/jerky_area_loss_factorial_long_20260822/20260823T012141Z-b907865386/TSC_GB-T900-s5101
207.9999999999929,5200,164,1.7466752320262753,1.7389716075792814,1.880812647810288,5543.0,TSC_GB,results/jerky_area_loss_factorial_long_20260822/20260823T012141Z-b907865386/TSC_GB-T900-s5101
209.9999999999925,5250,165,1.7442469067425352,1.7356897567380285,1.884281987788953,5542.0,TSC_GB,results/jerky_area_loss_factorial_long_20260822/20260823T012141Z-b907865386/TSC_GB-T900-s5101
211.9999999999921,5300,164,1.744450357198333,1.7341307922211908,1.887746156447187,5541.0,TSC_GB,results/jerky_area_loss_factorial_long_20260822/20260823T012141Z-b907865386/TSC_GB-T900-s5101
213.9999999999917,5350,164,1.7464872008364187,1.7359627497793526,1.8904744628415027,5544.0,TSC_GB,results/jerky_area_loss_factorial_long_20260822/20260823T012141Z-b907865386/TSC_GB-T900-s5101
215.9999999999913,5400,165,1.746609403271044,1.7356897567380285,1.8904433475056097,5545.0,TSC_GB,results/jerky_area_loss_factorial_long_20260822/20260823T012141Z-b907865386/TSC_GB-T900-s5101
217.9999999999909,5450,164,1.7448801273868604,1.7373108113920828,1.880812647810288,5541.0,TSC_GB,results/jerky_area_loss_factorial_long_20260822/20260823T012141Z-b907865386/TSC_GB-T900-s5101
219.9999999999905,5500,164,1.7483125996629965,1.7403079775395707,1.8884038687110842,5546.0,TSC_GB,results/jerky_area_loss_factorial_long_20260822/20260823T012141Z-b907865386/TSC_GB-T900-s5101
221.9999999999901,5550,164,1.7460308724416644,1.7362357428206767,1.887746156447187,5543.0,TSC_GB,results/jerky_area_loss_factorial_long_20260822/20260823T012141Z-b907865386/TSC_GB-T900-s5101
223.9999999999897,5600,164,1.7464793504792888,1.7359627497793526,1.887746156447187,5543.0,TSC_GB,results/jerky_area_loss_factorial_long_20260822/20260823T012141Z-b907865386/TSC_GB-T900-s5101
225.9999999999893,5650,165,1.7451085619329234,1.7356897567380285,1.8904433475056097,5543.0,TSC_GB,results/jerky_area_loss_factorial_long_20260822/20260823T012141Z-b907865386/TSC_GB-T900-s5101
227.99999999998892,5700,164,1.7475234000195492,1.7370378183507587,1.887746156447187,5545.0,TSC_GB,results/jerky_area_loss_factorial_long_20260822/20260823T012141Z-b907865386/TSC_GB-T900-s5101
229.99999999998852,5750,164,1.7461272268861967,1.7359627497793526,1.8859049978834694,5543.0,TSC_GB,results/jerky_area_loss_factorial_long_20260822/20260823T012141Z-b907865386/TSC_GB-T900-s5101
231.99999999998812,5800,165,1.7464078627407857,1.7410586198840672,1.8832895030813779,5543.0,TSC_GB,results/jerky_area_loss_factorial_long_20260822/20260823T012141Z-b907865386/TSC_GB-T900-s5101
233.99999999998772,5850,164,1.7502199926574786,1.7376235459665512,1.8884038687110842,5548.0,TSC_GB,results/jerky_area_loss_factorial_long_20260822/20260823T012141Z-b907865386/TSC_GB-T900-s5101
235.99999999998732,5900,164,1.7470221762905325,1.7356897567380285,1.887746156447187,5544.0,TSC_GB,results/jerky_area_loss_factorial_long_20260822/20260823T012141Z-b907865386/TSC_GB-T900-s5101
237.99999999998693,5950,164,1.7463254130260337,1.7350891720471155,1.8841807449677217,5542.0,TSC_GB,results/jerky_area_loss_factorial_long_20260822/20260823T012141Z-b907865386/TSC_GB-T900-s5101
239.99999999998653,6000,164,1.7464502154299513,1.7341307922211908,1.887746156447187,5542.0,TSC_GB,results/jerky_area_loss_factorial_long_20260822/20260823T012141Z-b907865386/TSC_GB-T900-s5101
241.99999999998613,6050,164,1.7486893993908355,1.7356897567380285,1.887746156447187,5544.0,TSC_GB,results/jerky_area_loss_factorial_long_20260822/20260823T012141Z-b907865386/TSC_GB-T900-s5101
243.99999999998573,6100,165,1.7433788615534296,1.7356897567380285,1.8804540886314842,5539.0,TSC_GB,results/jerky_area_loss_factorial_long_20260822/20260823T012141Z-b907865386/TSC_GB-T900-s5101
245.99999999998533,6150,165,1.7442844864654241,1.7356897567380285,1.883203749874494,5541.0,TSC_GB,results/jerky_area_loss_factorial_long_20260822/20260823T012141Z-b907865386/TSC_GB-T900-s5101
247.99999999998494,6200,164,1.7471611317220823,1.7350891720471155,1.8884038687110842,5543.0,TSC_GB,results/jerky_area_loss_factorial_long_20260822/20260823T012141Z-b907865386/TSC_GB-T900-s5101
249.99999999998454,6250,164,1.7501976164543953,1.7376235459665512,1.8884038687110842,5547.0,TSC_GB,results/jerky_area_loss_factorial_long_20260822/20260823T012141Z-b907865386/TSC_GB-T900-s5101
251.99999999998414,6300,164,1.7451079002479897,1.7341307922211908,1.8835230327038244,5539.0,TSC_GB,results/jerky_area_loss_factorial_long_20260822/20260823T012141Z-b907865386/TSC_GB-T900-s5101
253.99999999998374,6350,165,1.7438365124841617,1.7344885873562028,1.8804540886314842,5539.0,TSC_GB,results/jerky_area_loss_factorial_long_20260822/20260823T012141Z-b907865386/TSC_GB-T900-s5101
255.99999999998334,6400,164,1.7442221801702218,1.7350891720471155,1.8834229872957933,5539.0,TSC_GB,results/jerky_area_loss_factorial_long_20260822/20260823T012141Z-b907865386/TSC_GB-T900-s5101
257.99999999998437,6450,165,1.74560600318262,1.7356897567380285,1.883203749874494,5542.0,TSC_GB,results/jerky_area_loss_factorial_long_20260822/20260823T012141Z-b907865386/TSC_GB-T900-s5101
259.9999999999854,6500,165,1.7454854252532923,1.7344885873562028,1.8804540886314842,5542.0,TSC_GB,results/jerky_area_loss_factorial_long_20260822/20260823T012141Z-b907865386/TSC_GB-T900-s5101
261.9999999999864,6550,165,1.7456043893660844,1.7356897567380285,1.883203749874494,5543.0,TSC_GB,results/jerky_area_loss_factorial_long_20260822/20260823T012141Z-b907865386/TSC_GB-T900-s5101
263.99999999998744,6600,165,1.7440791172644756,1.7356897567380285,1.8804540886314842,5540.0,TSC_GB,results/jerky_area_loss_factorial_long_20260822/20260823T012141Z-b907865386/TSC_GB-T900-s5101
265.99999999998846,6650,165,1.7461339513261065,1.7356897567380285,1.8877862731180277,5544.0,TSC_GB,results/jerky_area_loss_factorial_long_20260822/20260823T012141Z-b907865386/TSC_GB-T900-s5101
267.9999999999895,6700,164,1.747705513671012,1.7356897567380285,1.8884038687110842,5544.0,TSC_GB,results/jerky_area_loss_factorial_long_20260822/20260823T012141Z-b907865386/TSC_GB-T900-s5101
269.9999999999905,6750,165,1.7439484051361647,1.7383858799634886,1.883203749874494,5540.0,TSC_GB,results/jerky_area_loss_factorial_long_20260822/20260823T012141Z-b907865386/TSC_GB-T900-s5101
271.99999999999153,6800,165,1.7435945533574158,1.7356897567380285,1.883203749874494,5539.0,TSC_GB,results/jerky_area_loss_factorial_long_20260822/20260823T012141Z-b907865386/TSC_GB-T900-s5101
273.99999999999255,6850,164,1.7461508114260662,1.7347313769121038,1.880812647810288,5541.0,TSC_GB,results/jerky_area_loss_factorial_long_20260822/20260823T012141Z-b907865386/TSC_GB-T900-s5101
275.9999999999936,6900,164,1.7462822977458,1.7350891720471155,1.8834229872957933,5542.0,TSC_GB,results/jerky_area_loss_factorial_long_20260822/20260823T012141Z-b907865386/TSC_GB-T900-s5101
277.9999999999946,6950,164,1.7460263103509834,1.7350891720471155,1.8834229872957933,5542.0,TSC_GB,results/jerky_area_loss_factorial_long_20260822/20260823T012141Z-b907865386/TSC_GB-T900-s5101
279.9999999999956,7000,164,1.744448761404026,1.7350891720471155,1.8834229872957933,5539.0,TSC_GB,results/jerky_area_loss_factorial_long_20260822/20260823T012141Z-b907865386/TSC_GB-T900-s5101
281.99999999999665,7050,164,1.7458871724779437,1.7359627497793526,1.880812647810288,5540.0,TSC_GB,results/jerky_area_loss_factorial_long_20260822/20260823T012141Z-b907865386/TSC_GB-T900-s5101
283.99999999999767,7100,164,1.7458223818027336,1.7356897567380285,1.880812647810288,5541.0,TSC_GB,results/jerky_area_loss_factorial_long_20260822/20260823T012141Z-b907865386/TSC_GB-T900-s5101
285.9999999999987,7150,165,1.7436111231618165,1.7356897567380285,1.8804540886314842,5540.0,TSC_GB,results/jerky_area_loss_factorial_long_20260822/20260823T012141Z-b907865386/TSC_GB-T900-s5101
287.9999999999997,7200,165,1.7462487160152966,1.7410586198840672,1.8804540886314842,5544.0,TSC_GB,results/jerky_area_loss_factorial_long_20260822/20260823T012141Z-b907865386/TSC_GB-T900-s5101
290.00000000000074,7250,164,1.7437876075086698,1.7356897567380285,1.880812647810288,5538.0,TSC_GB,results/jerky_area_loss_factorial_long_20260822/20260823T012141Z-b907865386/TSC_GB-T900-s5101
292.00000000000176,7300,164,1.7437129213518174,1.7356897567380285,1.880812647810288,5539.0,TSC_GB,results/jerky_area_loss_factorial_long_20260822/20260823T012141Z-b907865386/TSC_GB-T900-s5101
294.0000000000028,7350,165,1.7430930263266486,1.7337729970861788,1.8804540886314842,5538.0,TSC_GB,results/jerky_area_loss_factorial_long_20260822/20260823T012141Z-b907865386/TSC_GB-T900-s5101
296.0000000000038,7400,164,1.74730942382185,1.7356897567380285,1.880812647810288,5542.0,TSC_GB,results/jerky_area_loss_factorial_long_20260822/20260823T012141Z-b907865386/TSC_GB-T900-s5101
298.00000000000483,7450,164,1.7465622624574562,1.7356897567380285,1.8834229872957933,5541.0,TSC_GB,results/jerky_area_loss_factorial_long_20260822/20260823T012141Z-b907865386/TSC_GB-T900-s5101
300.00000000000585,7500,165,1.7441564559969363,1.7362357428206767,1.883203749874494,5539.0,TSC_GB,results/jerky_area_loss_factorial_long_20260822/20260823T012141Z-b907865386/TSC_GB-T900-s5101
302.0000000000069,7550,165,1.74315043995417,1.7337729970861788,1.883203749874494,5539.0,TSC_GB,results/jerky_area_loss_factorial_long_20260822/20260823T012141Z-b907865386/TSC_GB-T900-s5101
304.0000000000079,7600,164,1.744987919103783,1.7356897567380285,1.880812647810288,5539.0,TSC_GB,results/jerky_area_loss_factorial_long_20260822/20260823T012141Z-b907865386/TSC_GB-T900-s5101
306.0000000000089,7650,164,1.7465520358227953,1.7376235459665512,1.880812647810288,5541.0,TSC_GB,results/jerky_area_loss_factorial_long_20260822/20260823T012141Z-b907865386/TSC_GB-T900-s5101
308.00000000000995,7700,164,1.7470830172421423,1.7373108113920828,1.880812647810288,5543.0,TSC_GB,results/jerky_area_loss_factorial_long_20260822/20260823T012141Z-b907865386/TSC_GB-T900-s5101
310.00000000001097,7750,164,1.7457653529688506,1.7376235459665512,1.880812647810288,5540.0,TSC_GB,results/jerky_area_loss_factorial_long_20260822/20260823T012141Z-b907865386/TSC_GB-T900-s5101
312.000000000012,7800,164,1.7436122369452496,1.7341307922211908,1.880812647810288,5537.0,TSC_GB,results/jerky_area_loss_factorial_long_20260822/20260823T012141Z-b907865386/TSC_GB-T900-s5101
314.000000000013,7850,164,1.7451642799304656,1.7370378183507587,1.880812647810288,5539.0,TSC_GB,results/jerky_area_loss_factorial_long_20260822/20260823T012141Z-b907865386/TSC_GB-T900-s5101
316.00000000001404,7900,165,1.7451412526572732,1.7356897567380285,1.8869093234328314,5541.0,TSC_GB,results/jerky_area_loss_factorial_long_20260822/20260823T012141Z-b907865386/TSC_GB-T900-s5101
318.00000000001506,7950,165,1.7437476872726716,1.7356897567380285,1.8868573576141237,5540.0,TSC_GB,results/jerky_area_loss_factorial_long_20260822/20260823T012141Z-b907865386/TSC_GB-T900-s5101
320.0000000000161,8000,165,1.7420991407221402,1.7344885873562028,1.883203749874494,5538.0,TSC_GB,results/jerky_area_loss_factorial_long_20260822/20260823T012141Z-b907865386/TSC_GB-T900-s5101
322.0000000000171,8050,165,1.7447168537688544,1.7356897567380285,1.883203749874494,5542.0,TSC_GB,results/jerky_area_loss_factorial_long_20260822/20260823T012141Z-b907865386/TSC_GB-T900-s5101
324.00000000001813,8100,165,1.744650754930283,1.7344885873562028,1.8816197278435207,5541.0,TSC_GB,results/jerky_area_loss_factorial_long_20260822/20260823T012141Z-b907865386/TSC_GB-T900-s5101
326.00000000001916,8150,164,1.7454006153155708,1.7341307922211908,1.8884038687110842,5541.0,TSC_GB,results/jerky_area_loss_factorial_long_20260822/20260823T012141Z-b907865386/TSC_GB-T900-s5101
328.0000000000202,8200,165,1.7441125595802531,1.7356897567380285,1.8868573576141237,5540.0,TSC_GB,results/jerky_area_loss_factorial_long_20260822/20260823T012141Z-b907865386/TSC_GB-T900-s5101
330.0000000000212,8250,164,1.747864426124589,1.7389716075792814,1.880812647810288,5544.0,TSC_GB,results/jerky_area_loss_factorial_long_20260822/20260823T012141Z-b907865386/TSC_GB-T900-s5101
332.0000000000222,8300,165,1.7434405999070974,1.7344885873562028,1.8804540886314842,5540.0,TSC_GB,results/jerky_area_loss_factorial_long_20260822/20260823T012141Z-b907865386/TSC_GB-T900-s5101
334.00000000002325,8350,165,1.7429730605845073,1.7337729970861788,1.8869093234328314,5540.0,TSC_GB,results/jerky_area_loss_factorial_long_20260822/20260823T012141Z-b907865386/TSC_GB-T900-s5101
336.0000000000243,8400,165,1.7458763147490766,1.7383858799634886,1.8804540886314842,5543.0,TSC_GB,results/jerky_area_loss_factorial_long_20260822/20260823T012141Z-b907865386/TSC_GB-T900-s5101
338.0000000000253,8450,164,1.7449971873930312,1.7359627497793526,1.8834229872957933,5541.0,TSC_GB,results/jerky_area_loss_factorial_long_20260822/20260823T012141Z-b907865386/TSC_GB-T900-s5101
340.0000000000263,8500,164,1.7449092230880914,1.7370378183507587,1.880812647810288,5541.0,TSC_GB,results/jerky_area_loss_factorial_long_20260822/20260823T012141Z-b907865386/TSC_GB-T900-s5101
342.00000000002734,8550,164,1.7447112183937314,1.7350891720471155,1.8834229872957933,5541.0,TSC_GB,results/jerky_area_loss_factorial_long_20260822/20260823T012141Z-b907865386/TSC_GB-T900-s5101
344.00000000002836,8600,164,1.745359497894956,1.7350891720471155,1.8834229872957933,5541.0,TSC_GB,results/jerky_area_loss_factorial_long_20260822/20260823T012141Z-b907865386/TSC_GB-T900-s5101
346.0000000000294,8650,164,1.7437291988830736,1.7341307922211908,1.880812647810288,5539.0,TSC_GB,results/jerky_area_loss_factorial_long_20260822/20260823T012141Z-b907865386/TSC_GB-T900-s5101
348.0000000000304,8700,165,1.7434012654026054,1.7344885873562028,1.883203749874494,5539.0,TSC_GB,results/jerky_area_loss_factorial_long_20260822/20260823T012141Z-b907865386/TSC_GB-T900-s5101
350.00000000003143,8750,165,1.7437229151748748,1.7344885873562028,1.8804540886314842,5540.0,TSC_GB,results/jerky_area_loss_factorial_long_20260822/20260823T012141Z-b907865386/TSC_GB-T900-s5101
352.00000000003246,8800,165,1.7452382218467088,1.7356897567380285,1.8877343072993202,5542.0,TSC_GB,results/jerky_area_loss_factorial_long_20260822/20260823T012141Z-b907865386/TSC_GB-T900-s5101
354.0000000000335,8850,164,1.7456362638213065,1.7344885873562028,1.8884038687110842,5541.0,TSC_GB,results/jerky_area_loss_factorial_long_20260822/20260823T012141Z-b907865386/TSC_GB-T900-s5101
356.0000000000345,8900,164,1.7472090103259876,1.7350891720471155,1.887746156447187,5543.0,TSC_GB,results/jerky_area_loss_factorial_long_20260822/20260823T012141Z-b907865386/TSC_GB-T900-s5101
358.0000000000355,8950,165,1.7452937955701449,1.7356897567380285,1.8832895030813779,5541.0,TSC_GB,results/jerky_area_loss_factorial_long_20260822/20260823T012141Z-b907865386/TSC_GB-T900-s5101
360.00000000003655,9000,164,1.7455284129650794,1.7376235459665512,1.880812647810288,5540.0,TSC_GB,results/jerky_area_loss_factorial_long_20260822/20260823T012141Z-b907865386/TSC_GB-T900-s5101
362.0000000000376,9050,164,1.7418205135054596,1.7341307922211908,1.8834229872957933,5536.0,TSC_GB,results/jerky_area_loss_factorial_long_20260822/20260823T012141Z-b907865386/TSC_GB-T900-s5101
364.0000000000386,9100,164,1.7418359312940406,1.7341307922211908,1.8834229872957933,5536.0,TSC_GB,results/jerky_area_loss_factorial_long_20260822/20260823T012141Z-b907865386/TSC_GB-T900-s5101
366.0000000000396,9150,164,1.746227276077791,1.7350891720471155,1.8834229872957933,5543.0,TSC_GB,results/jerky_area_loss_factorial_long_20260822/20260823T012141Z-b907865386/TSC_GB-T900-s5101
368.00000000004064,9200,165,1.743321248685204,1.7356897567380285,1.8904433475056097,5539.0,TSC_GB,results/jerky_area_loss_factorial_long_20260822/20260823T012141Z-b907865386/TSC_GB-T900-s5101
370.00000000004167,9250,165,1.7441187858284224,1.7356897567380285,1.8904433475056097,5541.0,TSC_GB,results/jerky_area_loss_factorial_long_20260822/20260823T012141Z-b907865386/TSC_GB-T900-s5101
372.0000000000427,9300,165,1.7432698564204863,1.7356897567380285,1.8904433475056097,5541.0,TSC_GB,results/jerky_area_loss_factorial_long_20260822/20260823T012141Z-b907865386/TSC_GB-T900-s5101
374.0000000000437,9350,164,1.745169119717998,1.7378965390078753,1.8834229872957933,5541.0,TSC_GB,results/jerky_area_loss_factorial_long_20260822/20260823T012141Z-b907865386/TSC_GB-T900-s5101
376.00000000004474,9400,164,1.7459246888037703,1.7350891720471155,1.880812647810288,5542.0,TSC_GB,results/jerky_area_loss_factorial_long_20260822/20260823T012141Z-b907865386/TSC_GB-T900-s5101
378.00000000004576,9450,164,1.744988134626438,1.7341307922211908,1.8904744628415027,5540.0,TSC_GB,results/jerky_area_loss_factorial_long_20260822/20260823T012141Z-b907865386/TSC_GB-T900-s5101
380.0000000000468,9500,164,1.7445303185917302,1.7359627497793526,1.8884038687110842,5541.0,TSC_GB,results/jerky_area_loss_factorial_long_20260822/20260823T012141Z-b907865386/TSC_GB-T900-s5101
382.0000000000478,9550,164,1.7433902891720654,1.7331690955002572,1.880812647810288,5539.0,TSC_GB,results/jerky_area_loss_factorial_long_20260822/20260823T012141Z-b907865386/TSC_GB-T900-s5101
384.00000000004883,9600,164,1.7458379909356219,1.7350891720471155,1.880812647810288,5542.0,TSC_GB,results/jerky_area_loss_factorial_long_20260822/20260823T012141Z-b907865386/TSC_GB-T900-s5101
386.00000000004985,9650,164,1.7443212480246009,1.7350891720471155,1.880812647810288,5540.0,TSC_GB,results/jerky_area_loss_factorial_long_20260822/20260823T012141Z-b907865386/TSC_GB-T900-s5101
388.0000000000509,9700,165,1.7442033701970527,1.7356897567380285,1.8904433475056097,5541.0,TSC_GB,results/jerky_area_loss_factorial_long_20260822/20260823T012141Z-b907865386/TSC_GB-T900-s5101
390.0000000000519,9750,164,1.7466148772309777,1.7350891720471155,1.8884038687110842,5544.0,TSC_GB,results/jerky_area_loss_factorial_long_20260822/20260823T012141Z-b907865386/TSC_GB-T900-s5101
392.0000000000529,9800,165,1.7436134418857654,1.7344885873562028,1.8804540886314842,5540.0,TSC_GB,results/jerky_area_loss_factorial_long_20260822/20260823T012141Z-b907865386/TSC_GB-T900-s5101
394.00000000005394,9850,164,1.7470045246636052,1.7376235459665512,1.8884467453145262,5544.0,TSC_GB,results/jerky_area_loss_factorial_long_20260822/20260823T012141Z-b907865386/TSC_GB-T900-s5101
396.00000000005497,9900,165,1.7434867128914626,1.739557335195074,1.8804540886314842,5540.0,TSC_GB,results/jerky_area_loss_factorial_long_20260822/20260823T012141Z-b907865386/TSC_GB-T900-s5101
398.000000000056,9950,164,1.7449157976757312,1.7376235459665512,1.880812647810288,5541.0,TSC_GB,results/jerky_area_loss_factorial_long_20260822/20260823T012141Z-b907865386/TSC_GB-T900-s5101
400.000000000057,10000,164,1.7454332752590769,1.7341307922211908,1.8904744628415027,5542.0,TSC_GB,results/jerky_area_loss_factorial_long_20260822/20260823T012141Z-b907865386/TSC_GB-T900-s5101
0.0,0,190,1.7920895484123613,1.7854416702856883,1.956505991785691,6086.0,TSC_GBTJ,results/jerky_area_loss_factorial_long_20260822/20260823T012141Z-b907865386/TSC_GBTJ-T900-s5101
2.000000000000001,50,185,1.799372343712711,1.788480449997641,1.9651050635769993,6010.0,TSC_GBTJ,results/jerky_area_loss_factorial_long_20260822/20260823T012141Z-b907865386/TSC_GBTJ-T900-s5101
4.000000000000003,100,179,1.7848458723875764,1.784983900215257,1.943017534884696,5934.0,TSC_GBTJ,results/jerky_area_loss_factorial_long_20260822/20260823T012141Z-b907865386/TSC_GBTJ-T900-s5101
6.000000000000004,150,177,1.7864718621928446,1.776894427937363,1.9461576298174468,5860.0,TSC_GBTJ,results/jerky_area_loss_factorial_long_20260822/20260823T012141Z-b907865386/TSC_GBTJ-T900-s5101
8.000000000000005,200,177,1.7885989294546034,1.7714637144141396,1.9684222172680759,5815.0,TSC_GBTJ,results/jerky_area_loss_factorial_long_20260822/20260823T012141Z-b907865386/TSC_GBTJ-T900-s5101
9.999999999999963,250,176,1.7753129481760297,1.7605430432201659,1.9290619080063185,5770.0,TSC_GBTJ,results/jerky_area_loss_factorial_long_20260822/20260823T012141Z-b907865386/TSC_GBTJ-T900-s5101
11.99999999999992,300,175,1.7777649490378953,1.757539248867556,1.9470972237402688,5758.0,TSC_GBTJ,results/jerky_area_loss_factorial_long_20260822/20260823T012141Z-b907865386/TSC_GBTJ-T900-s5101
13.999999999999877,350,174,1.7673966808640567,1.7545201789989127,1.9030651185018592,5725.0,TSC_GBTJ,results/jerky_area_loss_factorial_long_20260822/20260823T012141Z-b907865386/TSC_GBTJ-T900-s5101
15.999999999999835,400,173,1.7574885657977601,1.7415443772861354,1.919635341173242,5697.0,TSC_GBTJ,results/jerky_area_loss_factorial_long_20260822/20260823T012141Z-b907865386/TSC_GBTJ-T900-s5101
17.999999999999794,450,172,1.75270426383776,1.7417769128324427,1.9020885579765274,5672.0,TSC_GBTJ,results/jerky_area_loss_factorial_long_20260822/20260823T012141Z-b907865386/TSC_GBTJ-T900-s5101
19.99999999999975,500,172,1.7576672212157318,1.7438930211079986,1.9045354147110636,5663.0,TSC_GBTJ,results/jerky_area_loss_factorial_long_20260822/20260823T012141Z-b907865386/TSC_GBTJ-T900-s5101
21.99999999999971,550,170,1.757676327457874,1.7479914180801783,1.895105888350014,5656.0,TSC_GBTJ,results/jerky_area_loss_factorial_long_20260822/20260823T012141Z-b907865386/TSC_GBTJ-T900-s5101
23.999999999999666,600,170,1.7582352609749587,1.7436041351753815,1.8997873237003506,5638.0,TSC_GBTJ,results/jerky_area_loss_factorial_long_20260822/20260823T012141Z-b907865386/TSC_GBTJ-T900-s5101
25.999999999999623,650,168,1.7441691409957676,1.7356198516359935,1.8945228218025973,5622.0,TSC_GBTJ,results/jerky_area_loss_factorial_long_20260822/20260823T012141Z-b907865386/TSC_GBTJ-T900-s5101
27.99999999999958,700,168,1.7462196080788241,1.7407571900676053,1.8931323299739313,5607.0,TSC_GBTJ,results/jerky_area_loss_factorial_long_20260822/20260823T012141Z-b907865386/TSC_GBTJ-T900-s5101
29.999999999999538,750,167,1.7483080586839579,1.742928073859779,1.8956029669879488,5599.0,TSC_GBTJ,results/jerky_area_loss_factorial_long_20260822/20260823T012141Z-b907865386/TSC_GBTJ-T900-s5101
31.999999999999496,800,166,1.748898505417965,1.7390132032723613,1.892634756162063,5587.0,TSC_GBTJ,results/jerky_area_loss_factorial_long_20260822/20260823T012141Z-b907865386/TSC_GBTJ-T900-s5101
33.99999999999945,850,166,1.74916325309198,1.7424756875166447,1.9085727514463682,5578.0,TSC_GBTJ,results/jerky_area_loss_factorial_long_20260822/20260823T012141Z-b907865386/TSC_GBTJ-T900-s5101
35.99999999999941,900,166,1.7521470252295326,1.7464090652486304,1.9073168205293962,5582.0,TSC_GBTJ,results/jerky_area_loss_factorial_long_20260822/20260823T012141Z-b907865386/TSC_GBTJ-T900-s5101
37.99999999999937,950,165,1.7538362016266278,1.74856327612172,1.9165891366328323,5580.0,TSC_GBTJ,results/jerky_area_loss_factorial_long_20260822/20260823T012141Z-b907865386/TSC_GBTJ-T900-s5101
39.999999999999325,1000,165,1.752088162797661,1.7429482851662144,1.9076057957846289,5578.0,TSC_GBTJ,results/jerky_area_loss_factorial_long_20260822/20260823T012141Z-b907865386/TSC_GBTJ-T900-s5101
41.99999999999928,1050,165,1.755452003886067,1.743915774542474,1.8963663752930129,5576.0,TSC_GBTJ,results/jerky_area_loss_factorial_long_20260822/20260823T012141Z-b907865386/TSC_GBTJ-T900-s5101
43.99999999999924,1100,165,1.755677376532125,1.7451395158607825,1.8993281277475067,5564.0,TSC_GBTJ,results/jerky_area_loss_factorial_long_20260822/20260823T012141Z-b907865386/TSC_GBTJ-T900-s5101
45.9999999999992,1150,165,1.7547995535882164,1.74856327612172,1.9003695437506982,5563.0,TSC_GBTJ,results/jerky_area_loss_factorial_long_20260822/20260823T012141Z-b907865386/TSC_GBTJ-T900-s5101
47.999999999999154,1200,164,1.7504777978556414,1.745950980728703,1.901977800533975,5557.0,TSC_GBTJ,results/jerky_area_loss_factorial_long_20260822/20260823T012141Z-b907865386/TSC_GBTJ-T900-s5101
49.99999999999911,1250,164,1.7535733005690255,1.74544219369784,1.9019567489558253,5561.0,TSC_GBTJ,results/jerky_area_loss_factorial_long_20260822/20260823T012141Z-b907865386/TSC_GBTJ-T900-s5101
51.99999999999907,1300,165,1.7490745399446472,1.7448904948111448,1.8993281277475067,5556.0,TSC_GBTJ,results/jerky_area_loss_factorial_long_20260822/20260823T012141Z-b907865386/TSC_GBTJ-T900-s5101
53.99999999999903,1350,165,1.7509289975949507,1.7448904948111448,1.8963663752930129,5559.0,TSC_GBTJ,results/jerky_area_loss_factorial_long_20260822/20260823T012141Z-b907865386/TSC_GBTJ-T900-s5101
55.999999999998984,1400,165,1.7479823052529324,1.7407571900676053,1.9012285627761476,5555.0,TSC_GBTJ,results/jerky_area_loss_factorial_long_20260822/20260823T012141Z-b907865386/TSC_GBTJ-T900-s5101
57.99999999999894,1450,164,1.750658193289016,1.7471540738283087,1.900005969380624,5559.0,TSC_GBTJ,results/jerky_area_loss_factorial_long_20260822/20260823T012141Z-b907865386/TSC_GBTJ-T900-s5101
59.9999999999989,1500,165,1.7510839200289858,1.7448904948111448,1.8995384217875613,5560.0,TSC_GBTJ,results/jerky_area_loss_factorial_long_20260822/20260823T012141Z-b907865386/TSC_GBTJ-T900-s5101
61.999999999998856,1550,165,1.7508534390515664,1.7448904948111448,1.9030807089385557,5559.0,TSC_GBTJ,results/jerky_area_loss_factorial_long_20260822/20260823T012141Z-b907865386/TSC_GBTJ-T900-s5101
63.99999999999881,1600,165,1.7500539656233045,1.74856327612172,1.8930485942295903,5556.0,TSC_GBTJ,results/jerky_area_loss_factorial_long_20260822/20260823T012141Z-b907865386/TSC_GBTJ-T900-s5101
65.99999999999912,1650,165,1.750903666178287,1.7437845938764185,1.8995384217875613,5559.0,TSC_GBTJ,results/jerky_area_loss_factorial_long_20260822/20260823T012141Z-b907865386/TSC_GBTJ-T900-s5101
67.99999999999943,1700,165,1.749038758424698,1.7437845938764185,1.8995384217875613,5556.0,TSC_GBTJ,results/jerky_area_loss_factorial_long_20260822/20260823T012141Z-b907865386/TSC_GBTJ-T900-s5101
69.99999999999974,1750,165,1.7509588237522424,1.742928073859779,1.8941723230280867,5560.0,TSC_GBTJ,results/jerky_area_loss_factorial_long_20260822/20260823T012141Z-b907865386/TSC_GBTJ-T900-s5101
72.00000000000006,1800,165,1.7518329304391342,1.7410586198840672,1.8995384217875613,5561.0,TSC_GBTJ,results/jerky_area_loss_factorial_long_20260822/20260823T012141Z-b907865386/TSC_GBTJ-T900-s5101
74.00000000000037,1850,165,1.7506389174146235,1.7437845938764185,1.8978681648106053,5560.0,TSC_GBTJ,results/jerky_area_loss_factorial_long_20260822/20260823T012141Z-b907865386/TSC_GBTJ-T900-s5101
76.00000000000068,1900,165,1.7495681908630927,1.7437845938764185,1.8852683988767982,5556.0,TSC_GBTJ,results/jerky_area_loss_factorial_long_20260822/20260823T012141Z-b907865386/TSC_GBTJ-T900-s5101
78.000000000001,1950,165,1.7525839728440842,1.7430445104395809,1.903335233780546,5562.0,TSC_GBTJ,results/jerky_area_loss_factorial_long_20260822/20260823T012141Z-b907865386/TSC_GBTJ-T900-s5101
80.00000000000131,2000,165,1.7514876376067032,1.7461570899225087,1.8995384217875613,5560.0,TSC_GBTJ,results/jerky_area_loss_factorial_long_20260822/20260823T012141Z-b907865386/TSC_GBTJ-T900-s5101
82.00000000000162,2050,164,1.752213182093193,1.7472505803835183,1.886495287529696,5560.0,TSC_GBTJ,results/jerky_area_loss_factorial_long_20260822/20260823T012141Z-b907865386/TSC_GBTJ-T900-s5101
84.00000000000193,2100,165,1.7474031420061527,1.742928073859779,1.8861531229628623,5552.0,TSC_GBTJ,results/jerky_area_loss_factorial_long_20260822/20260823T012141Z-b907865386/TSC_GBTJ-T900-s5101
86.00000000000225,2150,165,1.751505400770202,1.742928073859779,1.8998223569057482,5559.0,TSC_GBTJ,results/jerky_area_loss_factorial_long_20260822/20260823T012141Z-b907865386/TSC_GBTJ-T900-s5101
88.00000000000256,2200,164,1.7530979823681578,1.7443375443437816,1.8980573362408417,5560.0,TSC_GBTJ,results/jerky_area_loss_factorial_long_20260822/20260823T012141Z-b907865386/TSC_GBTJ-T900-s5101
90.00000000000287,2250,164,1.7479434940557188,1.7410586198840672,1.8939697297294893,5552.0,TSC_GBTJ,results/jerky_area_loss_factorial_long_20260822/20260823T012141Z-b907865386/TSC_GBTJ-T900-s5101
92.00000000000318,2300,165,1.7468362184141135,1.7410586198840672,1.8892073744279418,5553.0,TSC_GBTJ,results/jerky_area_loss_factorial_long_20260822/20260823T012141Z-b907865386/TSC_GBTJ-T900-s5101
94.0000000000035,2350,164,1.7533509742481874,1.74298629214968,1.8980573362408417,5561.0,TSC_GBTJ,results/jerky_area_loss_factorial_long_20260822/20260823T012141Z-b907865386/TSC_GBTJ-T900-s5101
96.00000000000381,2400,165,1.75270827749803,1.742928073859779,1.903098753148398,5563.0,TSC_GBTJ,results/jerky_area_loss_factorial_long_20260822/20260823T012141Z-b907865386/TSC_GBTJ-T900-s5101
98.00000000000412,2450,165,1.7530482826384723,1.741301346738461,1.8995384217875613,5563.0,TSC_GBTJ,results/jerky_area_loss_factorial_long_20260822/20260823T012141Z-b907865386/TSC_GBTJ-T900-s5101
100.00000000000443,2500,165,1.7519455926945111,1.7430445104395809,1.903098753148398,5562.0,TSC_GBTJ,results/jerky_area_loss_factorial_long_20260822/20260823T012141Z-b907865386/TSC_GBTJ-T900-s5101
102.00000000000475,2550,165,1.7524555989317019,1.7430445104395809,1.903098753148398,5561.0,TSC_GBTJ,results/jerky_area_loss_factorial_long_20260822/20260823T012141Z-b907865386/TSC_GBTJ-T900-s5101
104.00000000000506,2600,165,1.7540635179035118,1.742928073859779,1.8998223569057482,5564.0,TSC_GBTJ,results/jerky_area_loss_factorial_long_20260822/20260823T012141Z-b907865386/TSC_GBTJ-T900-s5101
106.00000000000537,2650,164,1.7512311488624437,1.74298629214968,1.890102377415473,5558.0,TSC_GBTJ,results/jerky_area_loss_factorial_long_20260822/20260823T012141Z-b907865386/TSC_GBTJ-T900-s5101
108.00000000000568,2700,165,1.7495140146726844,1.741301346738461,1.8930485942295903,5557.0,TSC_GBTJ,results/jerky_area_loss_factorial_long_20260822/20260823T012141Z-b907865386/TSC_GBTJ-T900-s5101
110.000000000006,2750,164,1.7545865261444917,1.7434145521579998,1.900005969380624,5563.0,TSC_GBTJ,results/jerky_area_loss_factorial_long_20260822/20260823T012141Z-b907865386/TSC_GBTJ-T900-s5101
112.00000000000631,2800,165,1.7521357875936852,1.7437845938764185,1.8995384217875613,5560.0,TSC_GBTJ,results/jerky_area_loss_factorial_long_20260822/20260823T012141Z-b907865386/TSC_GBTJ-T900-s5101
114.00000000000662,2850,165,1.7513055168438285,1.7430445104395809,1.8978681648106053,5561.0,TSC_GBTJ,results/jerky_area_loss_factorial_long_20260822/20260823T012141Z-b907865386/TSC_GBTJ-T900-s5101
116.00000000000693,2900,165,1.7489771839804076,1.741301346738461,1.8930485942295903,5557.0,TSC_GBTJ,results/jerky_area_loss_factorial_long_20260822/20260823T012141Z-b907865386/TSC_GBTJ-T900-s5101
118.00000000000725,2950,165,1.7556727142163444,1.7448904948111448,1.9076057957846289,5567.0,TSC_GBTJ,results/jerky_area_loss_factorial_long_20260822/20260823T012141Z-b907865386/TSC_GBTJ-T900-s5101
120.00000000000756,3000,165,1.7541430047947602,1.742928073859779,1.903098753148398,5566.0,TSC_GBTJ,results/jerky_area_loss_factorial_long_20260822/20260823T012141Z-b907865386/TSC_GBTJ-T900-s5101
122.00000000000787,3050,164,1.75491816776403,1.7434145521579998,1.9033804433131627,5564.0,TSC_GBTJ,results/jerky_area_loss_factorial_long_20260822/20260823T012141Z-b907865386/TSC_GBTJ-T900-s5101
124.00000000000819,3100,165,1.7525810073328727,1.7430445104395809,1.8981520999287922,5562.0,TSC_GBTJ,results/jerky_area_loss_factorial_long_20260822/20260823T012141Z-b907865386/TSC_GBTJ-T900-s5101
126.0000000000085,3150,165,1.7488352682348705,1.741301346738461,1.8930485942295903,5556.0,TSC_GBTJ,results/jerky_area_loss_factorial_long_20260822/20260823T012141Z-b907865386/TSC_GBTJ-T900-s5101
128.0000000000088,3200,164,1.757382517534118,1.7520066446623015,1.9025453148246845,5566.0,TSC_GBTJ,results/jerky_area_loss_factorial_long_20260822/20260823T012141Z-b907865386/TSC_GBTJ-T900-s5101
130.0000000000084,3250,165,1.7514346809802426,1.742928073859779,1.9012285627761476,5560.0,TSC_GBTJ,results/jerky_area_loss_factorial_long_20260822/20260823T012141Z-b907865386/TSC_GBTJ-T900-s5101
132.00000000000801,3300,165,1.7473360294268911,1.7408133888469455,1.8930485942295903,5554.0,TSC_GBTJ,results/jerky_area_loss_factorial_long_20260822/20260823T012141Z-b907865386/TSC_GBTJ-T900-s5101
134.00000000000762,3350,165,1.7525496088744796,1.7430445104395809,1.9012285627761476,5560.0,TSC_GBTJ,results/jerky_area_loss_factorial_long_20260822/20260823T012141Z-b907865386/TSC_GBTJ-T900-s5101
136.00000000000722,3400,165,1.7526157033128484,1.742928073859779,1.9012285627761476,5562.0,TSC_GBTJ,results/jerky_area_loss_factorial_long_20260822/20260823T012141Z-b907865386/TSC_GBTJ-T900-s5101
138.00000000000682,3450,165,1.7580206088276995,1.7430445104395809,1.903098753148398,5570.0,TSC_GBTJ,results/jerky_area_loss_factorial_long_20260822/20260823T012141Z-b907865386/TSC_GBTJ-T900-s5101
140.00000000000642,3500,165,1.7543320346460805,1.741301346738461,1.9087292228322692,5565.0,TSC_GBTJ,results/jerky_area_loss_factorial_long_20260822/20260823T012141Z-b907865386/TSC_GBTJ-T900-s5101
142.00000000000603,3550,165,1.755913296154578,1.7430445104395809,1.901985248497094,5568.0,TSC_GBTJ,results/jerky_area_loss_factorial_long_20260822/20260823T012141Z-b907865386/TSC_GBTJ-T900-s5101
144.00000000000563,3600,165,1.757312850146372,1.7430445104395809,1.9042255138074557,5570.0,TSC_GBTJ,results/jerky_area_loss_factorial_long_20260822/20260823T012141Z-b907865386/TSC_GBTJ-T900-s5101
146.00000000000523,3650,165,1.754808530636191,1.741301346738461,1.9087292228322692,5567.0,TSC_GBTJ,results/jerky_area_loss_factorial_long_20260822/20260823T012141Z-b907865386/TSC_GBTJ-T900-s5101
148.00000000000483,3700,165,1.7590895857720246,1.7430445104395809,1.9119054776083702,5573.0,TSC_GBTJ,results/jerky_area_loss_factorial_long_20260822/20260823T012141Z-b907865386/TSC_GBTJ-T900-s5101
150.00000000000443,3750,165,1.7539368514864895,1.7430445104395809,1.9012285627761476,5563.0,TSC_GBTJ,results/jerky_area_loss_factorial_long_20260822/20260823T012141Z-b907865386/TSC_GBTJ-T900-s5101
152.00000000000404,3800,165,1.7605659840202448,1.7448904948111448,1.9103783006128265,5575.0,TSC_GBTJ,results/jerky_area_loss_factorial_long_20260822/20260823T012141Z-b907865386/TSC_GBTJ-T900-s5101
154.00000000000364,3850,164,1.7616974188933014,1.7558891872305933,1.9033804433131627,5575.0,TSC_GBTJ,results/jerky_area_loss_factorial_long_20260822/20260823T012141Z-b907865386/TSC_GBTJ-T900-s5101
156.00000000000324,3900,165,1.7613062071858483,1.754349143699976,1.9076057957846289,5575.0,TSC_GBTJ,results/jerky_area_loss_factorial_long_20260822/20260823T012141Z-b907865386/TSC_GBTJ-T900-s5101
158.00000000000284,3950,165,1.7590428021518434,1.7430445104395809,1.9103783006128265,5573.0,TSC_GBTJ,results/jerky_area_loss_factorial_long_20260822/20260823T012141Z-b907865386/TSC_GBTJ-T900-s5101
160.00000000000244,4000,165,1.7564486969304578,1.742928073859779,1.9076057957846289,5569.0,TSC_GBTJ,results/jerky_area_loss_factorial_long_20260822/20260823T012141Z-b907865386/TSC_GBTJ-T900-s5101
162.00000000000205,4050,164,1.7619814892130043,1.746399302339595,1.9081691761141577,5575.0,TSC_GBTJ,results/jerky_area_loss_factorial_long_20260822/20260823T012141Z-b907865386/TSC_GBTJ-T900-s5101
164.00000000000165,4100,165,1.7571605215764088,1.7430445104395809,1.8963663752930129,5570.0,TSC_GBTJ,results/jerky_area_loss_factorial_long_20260822/20260823T012141Z-b907865386/TSC_GBTJ-T900-s5101
166.00000000000125,4150,165,1.7561084046249003,1.7430445104395809,1.8978681648106053,5568.0,TSC_GBTJ,results/jerky_area_loss_factorial_long_20260822/20260823T012141Z-b907865386/TSC_GBTJ-T900-s5101
168.00000000000085,4200,164,1.7587743932140372,1.7434145521579998,1.9081691761141577,5570.0,TSC_GBTJ,results/jerky_area_loss_factorial_long_20260822/20260823T012141Z-b907865386/TSC_GBTJ-T900-s5101
170.00000000000045,4250,165,1.7541966236040394,1.7437845938764185,1.897159038906466,5564.0,TSC_GBTJ,results/jerky_area_loss_factorial_long_20260822/20260823T012141Z-b907865386/TSC_GBTJ-T900-s5101
172.00000000000006,4300,165,1.7510506663371925,1.7437845938764185,1.8936117177758667,5559.0,TSC_GBTJ,results/jerky_area_loss_factorial_long_20260822/20260823T012141Z-b907865386/TSC_GBTJ-T900-s5101
173.99999999999966,4350,165,1.754056515032274,1.742928073859779,1.9012285627761476,5565.0,TSC_GBTJ,results/jerky_area_loss_factorial_long_20260822/20260823T012141Z-b907865386/TSC_GBTJ-T900-s5101
175.99999999999926,4400,165,1.751996835645899,1.741301346738461,1.8978681648106053,5560.0,TSC_GBTJ,results/jerky_area_loss_factorial_long_20260822/20260823T012141Z-b907865386/TSC_GBTJ-T900-s5101
177.99999999999886,4450,165,1.7546282875442454,1.7430445104395809,1.9076057957846289,5565.0,TSC_GBTJ,results/jerky_area_loss_factorial_long_20260822/20260823T012141Z-b907865386/TSC_GBTJ-T900-s5101
179.99999999999847,4500,165,1.7522630667508146,1.7430445104395809,1.8995384217875613,5562.0,TSC_GBTJ,results/jerky_area_loss_factorial_long_20260822/20260823T012141Z-b907865386/TSC_GBTJ-T900-s5101
181.99999999999807,4550,164,1.7541619668988415,1.7434145521579998,1.9005734836713337,5563.0,TSC_GBTJ,results/jerky_area_loss_factorial_long_20260822/20260823T012141Z-b907865386/TSC_GBTJ-T900-s5101
183.99999999999767,4600,165,1.7522891163913483,1.7430445104395809,1.8995384217875613,5561.0,TSC_GBTJ,results/jerky_area_loss_factorial_long_20260822/20260823T012141Z-b907865386/TSC_GBTJ-T900-s5101
185.99999999999727,4650,165,1.7569154147801527,1.7448904948111448,1.9076057957846289,5568.0,TSC_GBTJ,results/jerky_area_loss_factorial_long_20260822/20260823T012141Z-b907865386/TSC_GBTJ-T900-s5101
187.99999999999687,4700,164,1.75512854171822,1.7434145521579998,1.9061915111408263,5564.0,TSC_GBTJ,results/jerky_area_loss_factorial_long_20260822/20260823T012141Z-b907865386/TSC_GBTJ-T900-s5101
189.99999999999648,4750,165,1.7537601206903664,1.7437845938764185,1.897159038906466,5562.0,TSC_GBTJ,results/jerky_area_loss_factorial_long_20260822/20260823T012141Z-b907865386/TSC_GBTJ-T900-s5101
191.99999999999608,4800,165,1.7528940728018163,1.742928073859779,1.901985248497094,5563.0,TSC_GBTJ,results/jerky_area_loss_factorial_long_20260822/20260823T012141Z-b907865386/TSC_GBTJ-T900-s5101
193.99999999999568,4850,165,1.7521727268765896,1.741301346738461,1.8941114285977196,5560.0,TSC_GBTJ,results/jerky_area_loss_factorial_long_20260822/20260823T012141Z-b907865386/TSC_GBTJ-T900-s5101
195.99999999999528,4900,165,1.750656230035856,1.7410586198840672,1.901985248497094,5560.0,TSC_GBTJ,results/jerky_area_loss_factorial_long_20260822/20260823T012141Z-b907865386/TSC_GBTJ-T900-s5101
197.99999999999488,4950,165,1.75184094432644,1.741301346738461,1.8978681648106053,5562.0,TSC_GBTJ,results/jerky_area_loss_factorial_long_20260822/20260823T012141Z-b907865386/TSC_GBTJ-T900-s5101
199.9999999999945,5000,164,1.7568105652760855,1.7462845547238115,1.909011746399888,5566.0,TSC_GBTJ,results/jerky_area_loss_factorial_long_20260822/20260823T012141Z-b907865386/TSC_GBTJ-T900-s5101
201.9999999999941,5050,165,1.7520050455571576,1.742928073859779,1.901985248497094,5560.0,TSC_GBTJ,results/jerky_area_loss_factorial_long_20260822/20260823T012141Z-b907865386/TSC_GBTJ-T900-s5101
203.9999999999937,5100,165,1.7517032260968215,1.741301346738461,1.9059106543789162,5560.0,TSC_GBTJ,results/jerky_area_loss_factorial_long_20260822/20260823T012141Z-b907865386/TSC_GBTJ-T900-s5101
205.9999999999933,5150,165,1.7551992357467907,1.7437845938764185,1.9059106543789162,5566.0,TSC_GBTJ,results/jerky_area_loss_factorial_long_20260822/20260823T012141Z-b907865386/TSC_GBTJ-T900-s5101
207.9999999999929,5200,164,1.7580349659160883,1.7443375443437816,1.9061915111408263,5570.0,TSC_GBTJ,results/jerky_area_loss_factorial_long_20260822/20260823T012141Z-b907865386/TSC_GBTJ-T900-s5101
209.9999999999925,5250,164,1.7568499074486736,1.7558891872305933,1.8980573362408417,5566.0,TSC_GBTJ,results/jerky_area_loss_factorial_long_20260822/20260823T012141Z-b907865386/TSC_GBTJ-T900-s5101
211.9999999999921,5300,164,1.757215314073029,1.7443375443437816,1.9061915111408263,5568.0,TSC_GBTJ,results/jerky_area_loss_factorial_long_20260822/20260823T012141Z-b907865386/TSC_GBTJ-T900-s5101
213.9999999999917,5350,164,1.7521003332819223,1.74211471029912,1.9061915111408263,5561.0,TSC_GBTJ,results/jerky_area_loss_factorial_long_20260822/20260823T012141Z-b907865386/TSC_GBTJ-T900-s5101
215.9999999999913,5400,165,1.7547590776955706,1.742928073859779,1.9087292228322692,5565.0,TSC_GBTJ,results/jerky_area_loss_factorial_long_20260822/20260823T012141Z-b907865386/TSC_GBTJ-T900-s5101
217.9999999999909,5450,165,1.753613863301146,1.7430445104395809,1.8978681648106053,5563.0,TSC_GBTJ,results/jerky_area_loss_factorial_long_20260822/20260823T012141Z-b907865386/TSC_GBTJ-T900-s5101
219.9999999999905,5500,165,1.753073385481158,1.7430445104395809,1.8920844271316064,5562.0,TSC_GBTJ,results/jerky_area_loss_factorial_long_20260822/20260823T012141Z-b907865386/TSC_GBTJ-T900-s5101
221.9999999999901,5550,164,1.75177528914411,1.74298629214968,1.892943236028988,5560.0,TSC_GBTJ,results/jerky_area_loss_factorial_long_20260822/20260823T012141Z-b907865386/TSC_GBTJ-T900-s5101
223.9999999999897,5600,165,1.7515064248152286,1.741301346738461,1.8978681648106053,5560.0,TSC_GBTJ,results/jerky_area_loss_factorial_long_20260822/20260823T012141Z-b907865386/TSC_GBTJ-T900-s5101
225.9999999999893,5650,165,1.753513109160298,1.7430445104395809,1.9012285627761476,5564.0,TSC_GBTJ,results/jerky_area_loss_factorial_long_20260822/20260823T012141Z-b907865386/TSC_GBTJ-T900-s5101
227.99999999998892,5700,164,1.7523449538089837,1.74298629214968,1.901977800533975,5560.0,TSC_GBTJ,results/jerky_area_loss_factorial_long_20260822/20260823T012141Z-b907865386/TSC_GBTJ-T900-s5101
229.99999999998852,5750,165,1.7541087211550803,1.7430445104395809,1.901985248497094,5564.0,TSC_GBTJ,results/jerky_area_loss_factorial_long_20260822/20260823T012141Z-b907865386/TSC_GBTJ-T900-s5101
231.99999999998812,5800,164,1.7542428657926468,1.74298629214968,1.9025453148246845,5564.0,TSC_GBTJ,results/jerky_area_loss_factorial_long_20260822/20260823T012141Z-b907865386/TSC_GBTJ-T900-s5101
233.99999999998772,5850,165,1.7544882936073325,1.742928073859779,1.9087292228322692,5565.0,TSC_GBTJ,results/jerky_area_loss_factorial_long_20260822/20260823T012141Z-b907865386/TSC_GBTJ-T900-s5101
235.99999999998732,5900,165,1.7549309604929497,1.7437845938764185,1.9059106543789162,5566.0,TSC_GBTJ,results/jerky_area_loss_factorial_long_20260822/20260823T012141Z-b907865386/TSC_GBTJ-T900-s5101
237.99999999998693,5950,165,1.751517279232045,1.7410586198840672,1.9087292228322692,5562.0,TSC_GBTJ,results/jerky_area_loss_factorial_long_20260822/20260823T012141Z-b907865386/TSC_GBTJ-T900-s5101
239.99999999998653,6000,165,1.755007034004242,1.7437845938764185,1.9059106543789162,5565.0,TSC_GBTJ,results/jerky_area_loss_factorial_long_20260822/20260823T012141Z-b907865386/TSC_GBTJ-T900-s5101
241.99999999998613,6050,164,1.7530477504851216,1.7434145521579998,1.892943236028988,5561.0,TSC_GBTJ,results/jerky_area_loss_factorial_long_20260822/20260823T012141Z-b907865386/TSC_GBTJ-T900-s5101
243.99999999998573,6100,165,1.7543699039558815,1.7430445104395809,1.9015124978943345,5564.0,TSC_GBTJ,results/jerky_area_loss_factorial_long_20260822/20260823T012141Z-b907865386/TSC_GBTJ-T900-s5101
245.99999999998533,6150,165,1.75421269907955,1.742928073859779,1.9059106543789162,5565.0,TSC_GBTJ,results/jerky_area_loss_factorial_long_20260822/20260823T012141Z-b907865386/TSC_GBTJ-T900-s5101
247.99999999998494,6200,165,1.755137110439214,1.742928073859779,1.9059106543789162,5566.0,TSC_GBTJ,results/jerky_area_loss_factorial_long_20260822/20260823T012141Z-b907865386/TSC_GBTJ-T900-s5101
249.99999999998454,6250,165,1.7526844866104787,1.741301346738461,1.9087292228322692,5563.0,TSC_GBTJ,results/jerky_area_loss_factorial_long_20260822/20260823T012141Z-b907865386/TSC_GBTJ-T900-s5101
251.99999999998414,6300,165,1.752468850705668,1.742928073859779,1.901985248497094,5562.0,TSC_GBTJ,results/jerky_area_loss_factorial_long_20260822/20260823T012141Z-b907865386/TSC_GBTJ-T900-s5101
253.99999999998374,6350,165,1.7556309686160934,1.7430445104395809,1.9070340814265565,5566.0,TSC_GBTJ,results/jerky_area_loss_factorial_long_20260822/20260823T012141Z-b907865386/TSC_GBTJ-T900-s5101
255.99999999998334,6400,165,1.7547786110753116,1.742928073859779,1.9087292228322692,5566.0,TSC_GBTJ,results/jerky_area_loss_factorial_long_20260822/20260823T012141Z-b907865386/TSC_GBTJ-T900-s5101
257.99999999998437,6450,165,1.7547854543827974,1.742928073859779,1.9066603494630923,5566.0,TSC_GBTJ,results/jerky_area_loss_factorial_long_20260822/20260823T012141Z-b907865386/TSC_GBTJ-T900-s5101
259.9999999999854,6500,165,1.7569713229509758,1.7437845938764185,1.9066603494630923,5568.0,TSC_GBTJ,results/jerky_area_loss_factorial_long_20260822/20260823T012141Z-b907865386/TSC_GBTJ-T900-s5101
261.9999999999864,6550,165,1.7543178429959838,1.7410586198840672,1.9059106543789162,5565.0,TSC_GBTJ,results/jerky_area_loss_factorial_long_20260822/20260823T012141Z-b907865386/TSC_GBTJ-T900-s5101
263.99999999998744,6600,165,1.7552371401620073,1.741301346738461,1.9059106543789162,5566.0,TSC_GBTJ,results/jerky_area_loss_factorial_long_20260822/20260823T012141Z-b907865386/TSC_GBTJ-T900-s5101
265.99999999998846,6650,164,1.7553293485220018,1.74298629214968,1.9061915111408263,5565.0,TSC_GBTJ,results/jerky_area_loss_factorial_long_20260822/20260823T012141Z-b907865386/TSC_GBTJ-T900-s5101
267.9999999999895,6700,164,1.7590524663782467,1.7434145521579998,1.9061915111408263,5571.0,TSC_GBTJ,results/jerky_area_loss_factorial_long_20260822/20260823T012141Z-b907865386/TSC_GBTJ-T900-s5101
269.9999999999905,6750,165,1.7562902153093511,1.741301346738461,1.9059106543789162,5569.0,TSC_GBTJ,results/jerky_area_loss_factorial_long_20260822/20260823T012141Z-b907865386/TSC_GBTJ-T900-s5101
271.99999999999153,6800,164,1.7559190774772349,1.7443375443437816,1.9061915111408263,5566.0,TSC_GBTJ,results/jerky_area_loss_factorial_long_20260822/20260823T012141Z-b907865386/TSC_GBTJ-T900-s5101
273.99999999999255,6850,164,1.7574139648569629,1.7450052424269284,1.9061915111408263,5568.0,TSC_GBTJ,results/jerky_area_loss_factorial_long_20260822/20260823T012141Z-b907865386/TSC_GBTJ-T900-s5101
275.9999999999936,6900,165,1.7506027288197898,1.7410586198840672,1.9087292228322692,5559.0,TSC_GBTJ,results/jerky_area_loss_factorial_long_20260822/20260823T012141Z-b907865386/TSC_GBTJ-T900-s5101
277.9999999999946,6950,165,1.7520744692019186,1.741301346738461,1.901985248497094,5561.0,TSC_GBTJ,results/jerky_area_loss_factorial_long_20260822/20260823T012141Z-b907865386/TSC_GBTJ-T900-s5101
279.9999999999956,7000,165,1.7532492243021502,1.742928073859779,1.9059106543789162,5562.0,TSC_GBTJ,results/jerky_area_loss_factorial_long_20260822/20260823T012141Z-b907865386/TSC_GBTJ-T900-s5101
281.99999999999665,7050,165,1.7569740288292248,1.7448904948111448,1.9087292228322692,5567.0,TSC_GBTJ,results/jerky_area_loss_factorial_long_20260822/20260823T012141Z-b907865386/TSC_GBTJ-T900-s5101
283.99999999999767,7100,165,1.7539157461806405,1.7430445104395809,1.90535005643372,5564.0,TSC_GBTJ,results/jerky_area_loss_factorial_long_20260822/20260823T012141Z-b907865386/TSC_GBTJ-T900-s5101
285.9999999999987,7150,165,1.7507598878729576,1.7410586198840672,1.9012285627761476,5559.0,TSC_GBTJ,results/jerky_area_loss_factorial_long_20260822/20260823T012141Z-b907865386/TSC_GBTJ-T900-s5101
287.9999999999997,7200,165,1.7511977552832139,1.742928073859779,1.898671458275281,5560.0,TSC_GBTJ,results/jerky_area_loss_factorial_long_20260822/20260823T012141Z-b907865386/TSC_GBTJ-T900-s5101
290.00000000000074,7250,165,1.7493432533211137,1.7410586198840672,1.9012285627761476,5557.0,TSC_GBTJ,results/jerky_area_loss_factorial_long_20260822/20260823T012141Z-b907865386/TSC_GBTJ-T900-s5101
292.00000000000176,7300,165,1.7507624349416488,1.7410586198840672,1.9012285627761476,5558.0,TSC_GBTJ,results/jerky_area_loss_factorial_long_20260822/20260823T012141Z-b907865386/TSC_GBTJ-T900-s5101
294.0000000000028,7350,165,1.750315176327886,1.7430445104395809,1.9012285627761476,5558.0,TSC_GBTJ,results/jerky_area_loss_factorial_long_20260822/20260823T012141Z-b907865386/TSC_GBTJ-T900-s5101
296.0000000000038,7400,165,1.750573024896883,1.742928073859779,1.8916799359622551,5559.0,TSC_GBTJ,results/jerky_area_loss_factorial_long_20260822/20260823T012141Z-b907865386/TSC_GBTJ-T900-s5101
298.00000000000483,7450,165,1.7539205634011275,1.7430445104395809,1.901985248497094,5564.0,TSC_GBTJ,results/jerky_area_loss_factorial_long_20260822/20260823T012141Z-b907865386/TSC_GBTJ-T900-s5101
300.00000000000585,7500,165,1.7561013199731654,1.7437845938764185,1.9087292228322692,5568.0,TSC_GBTJ,results/jerky_area_loss_factorial_long_20260822/20260823T012141Z-b907865386/TSC_GBTJ-T900-s5101
302.0000000000069,7550,164,1.753888595507981,1.7434145521579998,1.9035027182699233,5562.0,TSC_GBTJ,results/jerky_area_loss_factorial_long_20260822/20260823T012141Z-b907865386/TSC_GBTJ-T900-s5101
304.0000000000079,7600,164,1.756069332899832,1.7434145521579998,1.9061915111408263,5566.0,TSC_GBTJ,results/jerky_area_loss_factorial_long_20260822/20260823T012141Z-b907865386/TSC_GBTJ-T900-s5101
306.0000000000089,7650,165,1.7527341022260967,1.742928073859779,1.9012285627761476,5561.0,TSC_GBTJ,results/jerky_area_loss_factorial_long_20260822/20260823T012141Z-b907865386/TSC_GBTJ-T900-s5101
308.00000000000995,7700,165,1.7518883005020915,1.742928073859779,1.9066603494630923,5562.0,TSC_GBTJ,results/jerky_area_loss_factorial_long_20260822/20260823T012141Z-b907865386/TSC_GBTJ-T900-s5101
310.00000000001097,7750,164,1.7557959992938053,1.7443375443437816,1.909011746399888,5565.0,TSC_GBTJ,results/jerky_area_loss_factorial_long_20260822/20260823T012141Z-b907865386/TSC_GBTJ-T900-s5101
312.000000000012,7800,165,1.7542803076380775,1.742928073859779,1.9066603494630923,5565.0,TSC_GBTJ,results/jerky_area_loss_factorial_long_20260822/20260823T012141Z-b907865386/TSC_GBTJ-T900-s5101
314.000000000013,7850,165,1.754324219097881,1.7437845938764185,1.90535005643372,5563.0,TSC_GBTJ,results/jerky_area_loss_factorial_long_20260822/20260823T012141Z-b907865386/TSC_GBTJ-T900-s5101
316.00000000001404,7900,165,1.7535461366379375,1.741301346738461,1.90535005643372,5564.0,TSC_GBTJ,results/jerky_area_loss_factorial_long_20260822/20260823T012141Z-b907865386/TSC_GBTJ-T900-s5101
318.00000000001506,7950,165,1.753894008853911,1.742928073859779,1.90535005643372,5563.0,TSC_GBTJ,results/jerky_area_loss_factorial_long_20260822/20260823T012141Z-b907865386/TSC_GBTJ-T900-s5101
320.0000000000161,8000,165,1.756338426037186,1.7437845938764185,1.9059106543789162,5565.0,TSC_GBTJ,results/jerky_area_loss_factorial_long_20260822/20260823T012141Z-b907865386/TSC_GBTJ-T900-s5101
322.0000000000171,8050,165,1.7580930923560665,1.7437845938764185,1.9087292228322692,5568.0,TSC_GBTJ,results/jerky_area_loss_factorial_long_20260822/20260823T012141Z-b907865386/TSC_GBTJ-T900-s5101
324.00000000001813,8100,165,1.7577877544362661,1.7430445104395809,1.9059106543789162,5567.0,TSC_GBTJ,results/jerky_area_loss_factorial_long_20260822/20260823T012141Z-b907865386/TSC_GBTJ-T900-s5101
326.00000000001916,8150,165,1.7554377939564119,1.741301346738461,1.9087292228322692,5566.0,TSC_GBTJ,results/jerky_area_loss_factorial_long_20260822/20260823T012141Z-b907865386/TSC_GBTJ-T900-s5101
328.0000000000202,8200,165,1.7620942645332447,1.7430445104395809,1.9059106543789162,5577.0,TSC_GBTJ,results/jerky_area_loss_factorial_long_20260822/20260823T012141Z-b907865386/TSC_GBTJ-T900-s5101
330.0000000000212,8250,165,1.7630276164309744,1.742928073859779,1.90535005643372,5578.0,TSC_GBTJ,results/jerky_area_loss_factorial_long_20260822/20260823T012141Z-b907865386/TSC_GBTJ-T900-s5101
332.0000000000222,8300,164,1.7650316742477028,1.74211471029912,1.9061915111408263,5582.0,TSC_GBTJ,results/jerky_area_loss_factorial_long_20260822/20260823T012141Z-b907865386/TSC_GBTJ-T900-s5101
334.00000000002325,8350,165,1.7610961275305854,1.7410586198840672,1.9059106543789162,5578.0,TSC_GBTJ,results/jerky_area_loss_factorial_long_20260822/20260823T012141Z-b907865386/TSC_GBTJ-T900-s5101
336.0000000000243,8400,164,1.7618279002846948,1.74298629214968,1.9025453148246845,5576.0,TSC_GBTJ,results/jerky_area_loss_factorial_long_20260822/20260823T012141Z-b907865386/TSC_GBTJ-T900-s5101
338.0000000000253,8450,165,1.762645214768486,1.741301346738461,1.901985248497094,5577.0,TSC_GBTJ,results/jerky_area_loss_factorial_long_20260822/20260823T012141Z-b907865386/TSC_GBTJ-T900-s5101
340.0000000000263,8500,165,1.7627988455307468,1.7448904948111448,1.90535005643372,5579.0,TSC_GBTJ,results/jerky_area_loss_factorial_long_20260822/20260823T012141Z-b907865386/TSC_GBTJ-T900-s5101
342.00000000002734,8550,165,1.7633775791201138,1.7410586198840672,1.9059106543789162,5581.0,TSC_GBTJ,results/jerky_area_loss_factorial_long_20260822/20260823T012141Z-b907865386/TSC_GBTJ-T900-s5101
344.00000000002836,8600,165,1.7640347573461117,1.7430445104395809,1.9059106543789162,5580.0,TSC_GBTJ,results/jerky_area_loss_factorial_long_20260822/20260823T012141Z-b907865386/TSC_GBTJ-T900-s5101
346.0000000000294,8650,165,1.7631246795150957,1.7410586198840672,1.9059106543789162,5581.0,TSC_GBTJ,results/jerky_area_loss_factorial_long_20260822/20260823T012141Z-b907865386/TSC_GBTJ-T900-s5101
348.0000000000304,8700,165,1.7617821173052348,1.741301346738461,1.90535005643372,5579.0,TSC_GBTJ,results/jerky_area_loss_factorial_long_20260822/20260823T012141Z-b907865386/TSC_GBTJ-T900-s5101
350.00000000003143,8750,165,1.7606568322558938,1.739557335195074,1.9059106543789162,5576.0,TSC_GBTJ,results/jerky_area_loss_factorial_long_20260822/20260823T012141Z-b907865386/TSC_GBTJ-T900-s5101
352.00000000003246,8800,165,1.7556492786505737,1.7430445104395809,1.9059106543789162,5567.0,TSC_GBTJ,results/jerky_area_loss_factorial_long_20260822/20260823T012141Z-b907865386/TSC_GBTJ-T900-s5101
354.0000000000335,8850,164,1.7536235461252676,1.7403079775395707,1.901977800533975,5560.0,TSC_GBTJ,results/jerky_area_loss_factorial_long_20260822/20260823T012141Z-b907865386/TSC_GBTJ-T900-s5101
356.0000000000345,8900,165,1.750698524473712,1.739557335195074,1.8959205631274891,5558.0,TSC_GBTJ,results/jerky_area_loss_factorial_long_20260822/20260823T012141Z-b907865386/TSC_GBTJ-T900-s5101
358.0000000000355,8950,165,1.7519074970136448,1.741301346738461,1.8959205631274891,5561.0,TSC_GBTJ,results/jerky_area_loss_factorial_long_20260822/20260823T012141Z-b907865386/TSC_GBTJ-T900-s5101
360.00000000003655,9000,165,1.7558219308414722,1.739557335195074,1.9087292228322692,5562.0,TSC_GBTJ,results/jerky_area_loss_factorial_long_20260822/20260823T012141Z-b907865386/TSC_GBTJ-T900-s5101
362.0000000000376,9050,165,1.7611315788287818,1.741301346738461,1.9087292228322692,5572.0,TSC_GBTJ,results/jerky_area_loss_factorial_long_20260822/20260823T012141Z-b907865386/TSC_GBTJ-T900-s5101
364.0000000000386,9100,165,1.749271238353693,1.7410586198840672,1.890795211876191,5552.0,TSC_GBTJ,results/jerky_area_loss_factorial_long_20260822/20260823T012141Z-b907865386/TSC_GBTJ-T900-s5101
366.0000000000396,9150,164,1.7578488868205329,1.74211471029912,1.9104647978645068,5565.0,TSC_GBTJ,results/jerky_area_loss_factorial_long_20260822/20260823T012141Z-b907865386/TSC_GBTJ-T900-s5101
368.00000000004064,9200,165,1.7624323935148696,1.7410586198840672,1.8978681648106053,5575.0,TSC_GBTJ,results/jerky_area_loss_factorial_long_20260822/20260823T012141Z-b907865386/TSC_GBTJ-T900-s5101
370.00000000004167,9250,165,1.7622651577102275,1.7383858799634886,1.9087292228322692,5574.0,TSC_GBTJ,results/jerky_area_loss_factorial_long_20260822/20260823T012141Z-b907865386/TSC_GBTJ-T900-s5101
372.0000000000427,9300,164,1.7629548564758954,1.74211471029912,1.905537480204764,5570.0,TSC_GBTJ,results/jerky_area_loss_factorial_long_20260822/20260823T012141Z-b907865386/TSC_GBTJ-T900-s5101
374.0000000000437,9350,165,1.7616275618235442,1.7410586198840672,1.901985248497094,5570.0,TSC_GBTJ,results/jerky_area_loss_factorial_long_20260822/20260823T012141Z-b907865386/TSC_GBTJ-T900-s5101
376.00000000004474,9400,165,1.7607825387494533,1.741301346738461,1.90535005643372,5569.0,TSC_GBTJ,results/jerky_area_loss_factorial_long_20260822/20260823T012141Z-b907865386/TSC_GBTJ-T900-s5101
378.00000000004576,9450,165,1.7634536888300714,1.741301346738461,1.9060159972721156,5574.0,TSC_GBTJ,results/jerky_area_loss_factorial_long_20260822/20260823T012141Z-b907865386/TSC_GBTJ-T900-s5101
380.0000000000468,9500,164,1.7654487761063435,1.74211471029912,1.905537480204764,5577.0,TSC_GBTJ,results/jerky_area_loss_factorial_long_20260822/20260823T012141Z-b907865386/TSC_GBTJ-T900-s5101
382.0000000000478,9550,165,1.7607645015823954,1.742928073859779,1.90535005643372,5570.0,TSC_GBTJ,results/jerky_area_loss_factorial_long_20260822/20260823T012141Z-b907865386/TSC_GBTJ-T900-s5101
384.00000000004883,9600,165,1.7625243074975445,1.7451199900427121,1.9066603494630923,5573.0,TSC_GBTJ,results/jerky_area_loss_factorial_long_20260822/20260823T012141Z-b907865386/TSC_GBTJ-T900-s5101
386.00000000004985,9650,165,1.7584123270842598,1.742928073859779,1.9012285627761476,5565.0,TSC_GBTJ,results/jerky_area_loss_factorial_long_20260822/20260823T012141Z-b907865386/TSC_GBTJ-T900-s5101
388.0000000000509,9700,165,1.7646590541476788,1.7540763007712703,1.9087292228322692,5576.0,TSC_GBTJ,results/jerky_area_loss_factorial_long_20260822/20260823T012141Z-b907865386/TSC_GBTJ-T900-s5101
390.0000000000519,9750,164,1.7638278591582806,1.7510261521645576,1.909011746399888,5573.0,TSC_GBTJ,results/jerky_area_loss_factorial_long_20260822/20260823T012141Z-b907865386/TSC_GBTJ-T900-s5101
392.0000000000529,9800,164,1.7697429261436541,1.7478273090971614,1.909011746399888,5584.0,TSC_GBTJ,results/jerky_area_loss_factorial_long_20260822/20260823T012141Z-b907865386/TSC_GBTJ-T900-s5101
394.00000000005394,9850,165,1.7691824566613494,1.7430445104395809,1.9087292228322692,5585.0,TSC_GBTJ,results/jerky_area_loss_factorial_long_20260822/20260823T012141Z-b907865386/TSC_GBTJ-T900-s5101
396.00000000005497,9900,165,1.7624967323067515,1.742928073859779,1.9087292228322692,5575.0,TSC_GBTJ,results/jerky_area_loss_factorial_long_20260822/20260823T012141Z-b907865386/TSC_GBTJ-T900-s5101
398.000000000056,9950,164,1.762721218247483,1.7453615625380294,1.9035578037872736,5572.0,TSC_GBTJ,results/jerky_area_loss_factorial_long_20260822/20260823T012141Z-b907865386/TSC_GBTJ-T900-s5101
400.000000000057,10000,165,1.7565330803285462,1.747678614636478,1.8942670052771837,5562.0,TSC_GBTJ,results/jerky_area_loss_factorial_long_20260822/20260823T012141Z-b907865386/TSC_GBTJ-T900-s5101
